<?xml version="1.0" encoding="UTF-8"?>
<SunopsisExport>
<Admin RepositoryVersion="05.02.02.09" IsLegacyIdCompatible="false" />
<Encryption algorithm="AES" keyLength="128" exportKeyHash="5eJHoSQ60xSrIV3mf+wdX1xvYZsTCgrz7OnQnDQbnRM=" keyVect="7CumHCXbbcAcisgcibgdKA==" exportKeySalt="23819cf2-941a-484b-98d8-f3812995cda5" containsCipherText="false"/>
<Object class="com.sunopsis.dwg.dbobj.SnpKmTemplate">
		<Field name="FirstDate" type="java.sql.Timestamp"><![CDATA[2020-10-13 17:12:29.0]]></Field>
	<Field name="FirstUser" type="java.lang.String"><![CDATA[SUNOPSIS_INSTALL]]></Field>
	<Field name="GlobalId" type="java.lang.String"><![CDATA[fa46e190-2d00-11e6-9402-00163e1ffd72]]></Field>
	<Field name="IndChange" type="java.lang.String"><![CDATA[U]]></Field>
	<Field name="IndIsSeeded" type="java.lang.String"><![CDATA[1]]></Field>
	<Field name="IndLangTrans" type="java.lang.String"><![CDATA[1]]></Field>
	<Field name="IndReplNl" type="java.lang.String"><![CDATA[1]]></Field>
	<Field name="IntVersion" type="com.sunopsis.sql.DbInt"><![CDATA[2]]></Field>
	<Field name="IKmTemplate" type="com.sunopsis.sql.DbInt"><![CDATA[101]]></Field>
	<Field name="LangName" type="java.lang.String"><![CDATA[PYTHON]]></Field>
	<Field name="LastDate" type="java.sql.Timestamp"><![CDATA[2020-10-13 17:12:31.0]]></Field>
	<Field name="LastUser" type="java.lang.String"><![CDATA[SUNOPSIS_INSTALL]]></Field>
	<Field name="Name" type="java.lang.String"><![CDATA[SparkSQLCmd]]></Field>
	<Field name="TechnoName" type="java.lang.String"><![CDATA[SPARK_PYTHON]]></Field>
	<Field name="TemplateText" type="java.lang.String"><![CDATA[
{# IF ($[USE_DATAFRAMES] == 'true') #}
{# INCLUDE = 'SparkSQLCmdDF' #}
{# ELSE #}

{# INCLUDE = 'ImportModules' #}

url = "$[JDBC_URL]"
driver = "$[JDBC_DRIVER]"

{# IF ($[ALLOW_FILTERING] == 'true') #}
table = """($[SQL_STATEMENT] ALLOW FILTERING)"""
{# ELSIF ($[USE_QUERY_ALIAS] == 'true') #}
table = """($[SQL_STATEMENT]) as $[TGT_ALIAS]_ALIAS"""
{# ELSE #}
table = """($[SQL_STATEMENT])"""
{# ENDIF #}
{# IF ($[SPARK_STREAMING_DEBUG] == 'true') #}
print table
{# ENDIF #}

{# INCLUDE = 'SparkGetSrcSqlJDBCProps' #}

props =  getSrcSqlJDBCProps(sqlContext)

{# IF ($[USE_PREDICATES] == 'true') #}
# partition using userdefined predicates
predicates = $[PREDICATES]
$[TGT_ALIAS] = sqlContext.read.jdbc(url, table, predicates = predicates, properties = props)
{# ELSE #}
{# IF ($[USE_PARTITION_COL] == 'true') #}
# partition using partition column, lower/upper bound and number of partitions
column = "$[PARTITION_COLUMN]"
lowerBound = $[LOWER_BOUND]
upperBound = $[UPPER_BOUND]
numPartitions = $[NB_PARTITIONS]
$[TGT_ALIAS] = sqlContext.read.jdbc(url, table, column, lowerBound, upperBound, numPartitions, properties = props)
{# ELSE #}
# no partitioning
$[TGT_ALIAS] = sqlContext.read.jdbc(url, table, properties = props)
{# ENDIF #}
{# ENDIF #}

{# IF ($[SPARK_STREAMING_DEBUG] == 'true') #}
print("========= %s   : $[TGT_ALIAS] =========" % type($[TGT_ALIAS]).__name__)
$[TGT_ALIAS].show()
$[TGT_ALIAS].printSchema()
{# ENDIF #}

{# IF ($[NEED_FORMAT_OUTPUT] == 'true') #}
oldColNames = $[TGT_ALIAS].schema.names
newColNames = [$[OUTPUT_SCHEMA_DEF]]
if (oldColNames != newColNames) :
  $[TGT_ALIAS] = reduce(lambda $[TGT_ALIAS], idx: $[TGT_ALIAS].withColumnRenamed(oldColNames[idx], newColNames[idx]), xrange(len(oldColNames)), $[TGT_ALIAS])

{# IF ($[SPARK_STREAMING_DEBUG] == 'true') #}
print("========= %s   : $[TGT_ALIAS] =========" % type($[TGT_ALIAS]).__name__)
$[TGT_ALIAS].printSchema()
{# ENDIF #}
{# ENDIF #}
$[TGT_ALIAS] =  $[TGT_ALIAS].rdd

{# IF ($[SPARK_STREAMING_DEBUG] == 'true') #}
print("========= %s   : $[TGT_ALIAS] =========" % type($[TGT_ALIAS]).__name__)
for line in $[TGT_ALIAS].collect():
    print line
{# ENDIF #}
{# INCLUDE = 'SparkPartitionRedistributeAndSort' #}
{# ENDIF #}
]]></Field>
	<Field name="TemplateVersion" type="java.lang.String">null</Field>
</Object>
<Object class="com.sunopsis.dwg.dbobj.SnpTemplateJoin">
		<Field name="GlobalId" type="java.lang.String"><![CDATA[aeea5959-5233-44b1-a475-5fbab7f9e549]]></Field>
	<Field name="IKmTemplate" type="com.sunopsis.sql.DbInt"><![CDATA[101]]></Field>
	<Field name="IKmTemplateRef" type="com.sunopsis.sql.DbInt"><![CDATA[102]]></Field>
</Object>
<Object class="com.sunopsis.dwg.dbobj.SnpTemplateJoin">
		<Field name="GlobalId" type="java.lang.String"><![CDATA[90c32a22-d737-4ac2-92dd-5f50e874a04f]]></Field>
	<Field name="IKmTemplate" type="com.sunopsis.sql.DbInt"><![CDATA[101]]></Field>
	<Field name="IKmTemplateRef" type="com.sunopsis.sql.DbInt"><![CDATA[126]]></Field>
</Object>
<Object class="com.sunopsis.dwg.dbobj.SnpTemplateJoin">
		<Field name="GlobalId" type="java.lang.String"><![CDATA[17f3ecb3-6b0f-4ab3-94e9-0315db473d4c]]></Field>
	<Field name="IKmTemplate" type="com.sunopsis.sql.DbInt"><![CDATA[101]]></Field>
	<Field name="IKmTemplateRef" type="com.sunopsis.sql.DbInt"><![CDATA[144]]></Field>
</Object>
<Object class="com.sunopsis.dwg.dbobj.SnpTemplateJoin">
		<Field name="GlobalId" type="java.lang.String"><![CDATA[ca607fb6-1203-4d0f-9bf4-87419df27828]]></Field>
	<Field name="IKmTemplate" type="com.sunopsis.sql.DbInt"><![CDATA[101]]></Field>
	<Field name="IKmTemplateRef" type="com.sunopsis.sql.DbInt"><![CDATA[155]]></Field>
</Object>
<Object class="com.sunopsis.dwg.dbobj.SnpTemplateJoin">
		<Field name="GlobalId" type="java.lang.String"><![CDATA[77841218-1555-450b-8763-3e1f5092ecc0]]></Field>
	<Field name="IKmTemplate" type="com.sunopsis.sql.DbInt"><![CDATA[101]]></Field>
	<Field name="IKmTemplateRef" type="com.sunopsis.sql.DbInt"><![CDATA[160]]></Field>
</Object>
<Object class="com.sunopsis.dwg.dbobj.SnpTemplateJoin">
		<Field name="GlobalId" type="java.lang.String"><![CDATA[b3452bb3-17cd-44f8-a80d-014ab80124d5]]></Field>
	<Field name="IKmTemplate" type="com.sunopsis.sql.DbInt"><![CDATA[101]]></Field>
	<Field name="IKmTemplateRef" type="com.sunopsis.sql.DbInt"><![CDATA[176]]></Field>
</Object>
<Object class="com.sunopsis.dwg.dbobj.SnpKmTemplateJoin">
		<Field name="GlobalId" type="java.lang.String"><![CDATA[cd2365ad-e983-40b3-8cd2-d6bd3e5adc60]]></Field>
	<Field name="ISnpKmTemplate" type="com.sunopsis.sql.DbInt"><![CDATA[101]]></Field>
	<Field name="ISnpTrt" type="com.sunopsis.sql.DbInt"><![CDATA[143]]></Field>
</Object>
<Object class="com.sunopsis.dwg.dbobj.SnpKmTemplateJoin">
		<Field name="GlobalId" type="java.lang.String"><![CDATA[c4ac554a-6311-4180-accb-59b0bef4ae27]]></Field>
	<Field name="ISnpKmTemplate" type="com.sunopsis.sql.DbInt"><![CDATA[101]]></Field>
	<Field name="ISnpTrt" type="com.sunopsis.sql.DbInt"><![CDATA[146]]></Field>
</Object>
<Object class="com.sunopsis.dwg.dbobj.SnpKmTemplateJoin">
		<Field name="GlobalId" type="java.lang.String"><![CDATA[4ed2e78d-a143-439b-b6ee-db88669f574e]]></Field>
	<Field name="ISnpKmTemplate" type="com.sunopsis.sql.DbInt"><![CDATA[101]]></Field>
	<Field name="ISnpTrt" type="com.sunopsis.sql.DbInt"><![CDATA[144]]></Field>
</Object>
<Object class="com.sunopsis.dwg.dbobj.SnpKmTemplateJoin">
		<Field name="GlobalId" type="java.lang.String"><![CDATA[895a3b5e-ce42-429c-bb48-258ea15f1775]]></Field>
	<Field name="ISnpKmTemplate" type="com.sunopsis.sql.DbInt"><![CDATA[101]]></Field>
	<Field name="ISnpTrt" type="com.sunopsis.sql.DbInt"><![CDATA[150]]></Field>
</Object>
<Object class="com.sunopsis.dwg.dbobj.SnpKmTemplateJoin">
		<Field name="GlobalId" type="java.lang.String"><![CDATA[f7eaf3c6-ac5a-4333-83cb-79215203bae8]]></Field>
	<Field name="ISnpKmTemplate" type="com.sunopsis.sql.DbInt"><![CDATA[101]]></Field>
	<Field name="ISnpTrt" type="com.sunopsis.sql.DbInt"><![CDATA[165]]></Field>
</Object>
<Object class="com.sunopsis.dwg.dbobj.SnpKmTemplateJoin">
		<Field name="GlobalId" type="java.lang.String"><![CDATA[86aaa01b-340e-43e6-a955-00fb2ed190df]]></Field>
	<Field name="ISnpKmTemplate" type="com.sunopsis.sql.DbInt"><![CDATA[101]]></Field>
	<Field name="ISnpTrt" type="com.sunopsis.sql.DbInt"><![CDATA[151]]></Field>
</Object>
<Object class="com.sunopsis.dwg.dbobj.SnpKmTemplateJoin">
		<Field name="GlobalId" type="java.lang.String"><![CDATA[68b0375b-5751-4a94-8250-69697a079dee]]></Field>
	<Field name="ISnpKmTemplate" type="com.sunopsis.sql.DbInt"><![CDATA[101]]></Field>
	<Field name="ISnpTrt" type="com.sunopsis.sql.DbInt"><![CDATA[142]]></Field>
</Object>
<Object class="com.sunopsis.dwg.dbobj.SnpKmTemplateJoin">
		<Field name="GlobalId" type="java.lang.String"><![CDATA[240c1431-33c3-49cd-bcae-e65908b0c595]]></Field>
	<Field name="ISnpKmTemplate" type="com.sunopsis.sql.DbInt"><![CDATA[101]]></Field>
	<Field name="ISnpTrt" type="com.sunopsis.sql.DbInt"><![CDATA[148]]></Field>
</Object>
<Object class="com.sunopsis.dwg.dbobj.SnpKmTemplateJoin">
		<Field name="GlobalId" type="java.lang.String"><![CDATA[849fc383-4af3-4a28-a91f-bc5c85aa4646]]></Field>
	<Field name="ISnpKmTemplate" type="com.sunopsis.sql.DbInt"><![CDATA[101]]></Field>
	<Field name="ISnpTrt" type="com.sunopsis.sql.DbInt"><![CDATA[137]]></Field>
</Object>
<Object class="com.sunopsis.dwg.dbobj.SnpFKXRef">
		<Field name="RefKey" type="java.lang.String"><![CDATA[SNP_KMTEMPLATE.101]]></Field>
	<Field name="RefObjGlobalId" type="java.lang.String"><![CDATA[fa46e190-2d00-11e6-9402-00163e1ffd72]]></Field>
 <Field name="RefObjFQName" type="java.lang.String"><![CDATA[SparkSQLCmd]]></Field>
 <Field name="RefObjFQType" type="java.lang.String"><![CDATA[SNP_KMTEMPLATE]]></Field>
 <Field name="RefObjFQNameLengths" type="java.lang.String"><![CDATA[11]]></Field>
</Object>
<Object class="com.sunopsis.dwg.dbobj.SnpFKXRef">
		<Field name="RefKey" type="java.lang.String"><![CDATA[SNP_KMTEMPLATE.102]]></Field>
	<Field name="RefObjGlobalId" type="java.lang.String"><![CDATA[0761c1c3-de00-4e5c-9a74-efed45da4395]]></Field>
 <Field name="RefObjFQName" type="java.lang.String"><![CDATA[SparkGetSrcSqlJDBCProps]]></Field>
 <Field name="RefObjFQType" type="java.lang.String"><![CDATA[SNP_KMTEMPLATE]]></Field>
 <Field name="RefObjFQNameLengths" type="java.lang.String"><![CDATA[23]]></Field>
</Object>
<Object class="com.sunopsis.dwg.dbobj.SnpFKXRef">
		<Field name="RefKey" type="java.lang.String"><![CDATA[SNP_KMTEMPLATE.126]]></Field>
	<Field name="RefObjGlobalId" type="java.lang.String"><![CDATA[fa46e974-2d00-11e6-941e-00163e1ffd72]]></Field>
 <Field name="RefObjFQName" type="java.lang.String"><![CDATA[ImportModules]]></Field>
 <Field name="RefObjFQType" type="java.lang.String"><![CDATA[SNP_KMTEMPLATE]]></Field>
 <Field name="RefObjFQNameLengths" type="java.lang.String"><![CDATA[13]]></Field>
</Object>
<Object class="com.sunopsis.dwg.dbobj.SnpFKXRef">
		<Field name="RefKey" type="java.lang.String"><![CDATA[SNP_KMTEMPLATE.144]]></Field>
	<Field name="RefObjGlobalId" type="java.lang.String"><![CDATA[97fe9946-a4d5-4618-a15a-8d5b13a74326]]></Field>
 <Field name="RefObjFQName" type="java.lang.String"><![CDATA[SparkPartitionRedistributeAndSort]]></Field>
 <Field name="RefObjFQType" type="java.lang.String"><![CDATA[SNP_KMTEMPLATE]]></Field>
 <Field name="RefObjFQNameLengths" type="java.lang.String"><![CDATA[33]]></Field>
</Object>
<Object class="com.sunopsis.dwg.dbobj.SnpFKXRef">
		<Field name="RefKey" type="java.lang.String"><![CDATA[SNP_KMTEMPLATE.155]]></Field>
	<Field name="RefObjGlobalId" type="java.lang.String"><![CDATA[874fc13e-a6d6-446e-9dbe-daf5c66a8e1d]]></Field>
 <Field name="RefObjFQName" type="java.lang.String"><![CDATA[SparkSQLCmdDF]]></Field>
 <Field name="RefObjFQType" type="java.lang.String"><![CDATA[SNP_KMTEMPLATE]]></Field>
 <Field name="RefObjFQNameLengths" type="java.lang.String"><![CDATA[13]]></Field>
</Object>
<Object class="com.sunopsis.dwg.dbobj.SnpFKXRef">
		<Field name="RefKey" type="java.lang.String"><![CDATA[SNP_KMTEMPLATE.160]]></Field>
	<Field name="RefObjGlobalId" type="java.lang.String"><![CDATA[3b70b165-2bf7-4ddc-9a86-723509d1cb52]]></Field>
 <Field name="RefObjFQName" type="java.lang.String"><![CDATA[FormatSourceDF]]></Field>
 <Field name="RefObjFQType" type="java.lang.String"><![CDATA[SNP_KMTEMPLATE]]></Field>
 <Field name="RefObjFQNameLengths" type="java.lang.String"><![CDATA[14]]></Field>
</Object>
<Object class="com.sunopsis.dwg.dbobj.SnpFKXRef">
		<Field name="RefKey" type="java.lang.String"><![CDATA[SNP_KMTEMPLATE.176]]></Field>
	<Field name="RefObjGlobalId" type="java.lang.String"><![CDATA[0519558e-4d77-490a-bacb-69b2a2b2fad5]]></Field>
 <Field name="RefObjFQName" type="java.lang.String"><![CDATA[SparkPartitionRedistributeAndSortDF]]></Field>
 <Field name="RefObjFQType" type="java.lang.String"><![CDATA[SNP_KMTEMPLATE]]></Field>
 <Field name="RefObjFQNameLengths" type="java.lang.String"><![CDATA[35]]></Field>
</Object>
<Object class="com.sunopsis.dwg.dbobj.SnpFKXRef">
		<Field name="RefKey" type="java.lang.String"><![CDATA[SNP_TRT.143]]></Field>
	<Field name="RefObjGlobalId" type="java.lang.String"><![CDATA[dc7106dd-f608-4749-bd72-076f94908725]]></Field>
 <Field name="RefObjFQName" type="java.lang.String"><![CDATA[LKM Spark to Object Storage]]></Field>
 <Field name="RefObjFQType" type="java.lang.String"><![CDATA[SNP_TRT]]></Field>
 <Field name="RefObjFQNameLengths" type="java.lang.String"><![CDATA[27]]></Field>
</Object>
<Object class="com.sunopsis.dwg.dbobj.SnpFKXRef">
		<Field name="RefKey" type="java.lang.String"><![CDATA[SNP_TRT.146]]></Field>
	<Field name="RefObjGlobalId" type="java.lang.String"><![CDATA[c2f113d5-e22b-4237-b25c-545872875536]]></Field>
 <Field name="RefObjFQName" type="java.lang.String"><![CDATA[LKM Spark to Hive]]></Field>
 <Field name="RefObjFQType" type="java.lang.String"><![CDATA[SNP_TRT]]></Field>
 <Field name="RefObjFQNameLengths" type="java.lang.String"><![CDATA[17]]></Field>
</Object>
<Object class="com.sunopsis.dwg.dbobj.SnpFKXRef">
		<Field name="RefKey" type="java.lang.String"><![CDATA[SNP_TRT.144]]></Field>
	<Field name="RefObjGlobalId" type="java.lang.String"><![CDATA[995beb67-0645-4aa4-bb49-5bce5ab0c79a]]></Field>
 <Field name="RefObjFQName" type="java.lang.String"><![CDATA[LKM Spark to Storage Cloud Service]]></Field>
 <Field name="RefObjFQType" type="java.lang.String"><![CDATA[SNP_TRT]]></Field>
 <Field name="RefObjFQNameLengths" type="java.lang.String"><![CDATA[34]]></Field>
</Object>
<Object class="com.sunopsis.dwg.dbobj.SnpFKXRef">
		<Field name="RefKey" type="java.lang.String"><![CDATA[SNP_TRT.150]]></Field>
	<Field name="RefObjGlobalId" type="java.lang.String"><![CDATA[1FD1D82B9F005A53E053CCC0E40AC733]]></Field>
 <Field name="RefObjFQName" type="java.lang.String"><![CDATA[LKM Spark to SQL]]></Field>
 <Field name="RefObjFQType" type="java.lang.String"><![CDATA[SNP_TRT]]></Field>
 <Field name="RefObjFQNameLengths" type="java.lang.String"><![CDATA[16]]></Field>
</Object>
<Object class="com.sunopsis.dwg.dbobj.SnpFKXRef">
		<Field name="RefKey" type="java.lang.String"><![CDATA[SNP_TRT.165]]></Field>
	<Field name="RefObjGlobalId" type="java.lang.String"><![CDATA[310d86cf-27e0-48c0-ae73-82685449bcce]]></Field>
 <Field name="RefObjFQName" type="java.lang.String"><![CDATA[IKM Spark Table Function]]></Field>
 <Field name="RefObjFQType" type="java.lang.String"><![CDATA[SNP_TRT]]></Field>
 <Field name="RefObjFQNameLengths" type="java.lang.String"><![CDATA[24]]></Field>
</Object>
<Object class="com.sunopsis.dwg.dbobj.SnpFKXRef">
		<Field name="RefKey" type="java.lang.String"><![CDATA[SNP_TRT.151]]></Field>
	<Field name="RefObjGlobalId" type="java.lang.String"><![CDATA[28C4768839C04BAEE053CCC0E40AAAF7]]></Field>
 <Field name="RefObjFQName" type="java.lang.String"><![CDATA[LKM Spark to Cassandra]]></Field>
 <Field name="RefObjFQType" type="java.lang.String"><![CDATA[SNP_TRT]]></Field>
 <Field name="RefObjFQNameLengths" type="java.lang.String"><![CDATA[22]]></Field>
</Object>
<Object class="com.sunopsis.dwg.dbobj.SnpFKXRef">
		<Field name="RefKey" type="java.lang.String"><![CDATA[SNP_TRT.142]]></Field>
	<Field name="RefObjGlobalId" type="java.lang.String"><![CDATA[2B7D95B0B8A32C45E053E603C40A5DCB]]></Field>
 <Field name="RefObjFQName" type="java.lang.String"><![CDATA[LKM Spark to HDFS]]></Field>
 <Field name="RefObjFQType" type="java.lang.String"><![CDATA[SNP_TRT]]></Field>
 <Field name="RefObjFQNameLengths" type="java.lang.String"><![CDATA[17]]></Field>
</Object>
<Object class="com.sunopsis.dwg.dbobj.SnpFKXRef">
		<Field name="RefKey" type="java.lang.String"><![CDATA[SNP_TRT.148]]></Field>
	<Field name="RefObjGlobalId" type="java.lang.String"><![CDATA[dabbcab5-caeb-423c-b6f2-bfb106747464]]></Field>
 <Field name="RefObjFQName" type="java.lang.String"><![CDATA[LKM Spark to Kafka]]></Field>
 <Field name="RefObjFQType" type="java.lang.String"><![CDATA[SNP_TRT]]></Field>
 <Field name="RefObjFQNameLengths" type="java.lang.String"><![CDATA[18]]></Field>
</Object>
<Object class="com.sunopsis.dwg.dbobj.SnpFKXRef">
		<Field name="RefKey" type="java.lang.String"><![CDATA[SNP_TRT.137]]></Field>
	<Field name="RefObjGlobalId" type="java.lang.String"><![CDATA[1986feab-eca2-4f5a-96a8-ecf827ac7cda]]></Field>
 <Field name="RefObjFQName" type="java.lang.String"><![CDATA[LKM Spark to File]]></Field>
 <Field name="RefObjFQType" type="java.lang.String"><![CDATA[SNP_TRT]]></Field>
 <Field name="RefObjFQNameLengths" type="java.lang.String"><![CDATA[17]]></Field>
</Object>
<Object class="com.sunopsis.dwg.DwgExportSummary">
		<Field name="ExpTxtNb" type="com.sunopsis.sql.DbInt"><![CDATA[0]]></Field>
	<Field name="InstObjNb" type="com.sunopsis.sql.DbInt"><![CDATA[0]]></Field>
	<Field name="JoinColNb" type="com.sunopsis.sql.DbInt"><![CDATA[0]]></Field>
	<Field name="JoinNb" type="com.sunopsis.sql.DbInt"><![CDATA[0]]></Field>
	<Field name="KeyColNb" type="com.sunopsis.sql.DbInt"><![CDATA[0]]></Field>
	<Field name="KeyNb" type="com.sunopsis.sql.DbInt"><![CDATA[0]]></Field>
	<Field name="LinkDiagNb" type="com.sunopsis.sql.DbInt"><![CDATA[0]]></Field>
	<Field name="MorigTxtNb" type="com.sunopsis.sql.DbInt"><![CDATA[0]]></Field>
	<Field name="MtxtNb" type="com.sunopsis.sql.DbInt"><![CDATA[0]]></Field>
	<Field name="OrigTxtNb" type="com.sunopsis.sql.DbInt"><![CDATA[0]]></Field>
	<Field name="OtherObjectsNb" type="com.sunopsis.sql.DbInt"><![CDATA[16]]></Field>
	<Field name="PlanAgentNb" type="com.sunopsis.sql.DbInt"><![CDATA[0]]></Field>
	<Field name="StepNb" type="com.sunopsis.sql.DbInt"><![CDATA[0]]></Field>
	<Field name="TxtNb" type="com.sunopsis.sql.DbInt"><![CDATA[0]]></Field>
	<Field name="UeOrigNb" type="com.sunopsis.sql.DbInt"><![CDATA[0]]></Field>
	<Field name="UeUsedNb" type="com.sunopsis.sql.DbInt"><![CDATA[0]]></Field>
	<Field name="VarPlanAgentNb" type="com.sunopsis.sql.DbInt"><![CDATA[0]]></Field>
	<Field name="ScenTxtNb" type="com.sunopsis.sql.DbInt"><![CDATA[0]]></Field>
	<Field name="OdiVersion" type="java.lang.String"><![CDATA[12.2.1]]></Field>
	<Field name="OriginRepositoryID" type="com.sunopsis.sql.DbInt"><![CDATA[1]]></Field>
	<Field name="RepositoryVersion" type="java.lang.String"><![CDATA[05.02.02.09]]></Field>
</Object>
</SunopsisExport>
