<?xml version="1.0" encoding="UTF-8"?>
<OdiDeploymentArchive>
   <Name>DraftRelease1.0.1</Name>
   <Description>Filtering away all rows in Location</Description>
   <DeploymentArchiveType>PATCH</DeploymentArchiveType>
   <SourceType>VCS</SourceType>
   <SourceInfo>Git: DraftRelease1.0.1</SourceInfo>
   <GlobalId>275961cc-2de5-4ee9-821f-82b989806e79</GlobalId>
   <CreatedDate>2020-10-28T03:40:05.508-04:00</CreatedDate>
   <CreatedBy>SUPERVISOR</CreatedBy>
   <ObjectsToUpdate>
      <Object class="oracle.odi.domain.topology.OdiDataServer" globalId="c323f379-55c7-44fe-be16-3e558b746d99" name="orcl_dev" path="/Master Repository/Technologies/Oracle/Physical Architecture/orcl_dev/CONN_orcl_dev.xml" lastupdatedtime="1603804424000" sourcerepositoryid="924db2dc-0284-41a8-9c08-105177981ed7" objectrepositorytype="MASTER"/>
      <Object class="oracle.odi.domain.topology.OdiPhysicalSchema" globalId="77d0ffed-ca08-41f1-9395-f11db98cdb9b" name="orcl_dev.POCDEV_HR" path="/Master Repository//PSC_orcl_dev_POCDEV_HR.xml" lastupdatedtime="1602708255000" sourcerepositoryid="924db2dc-0284-41a8-9c08-105177981ed7" objectrepositorytype="MASTER"/>
      <Object class="oracle.odi.domain.topology.OdiPhysicalSchema" globalId="e46884a6-0eb4-4c41-bcd6-9121e9da3beb" name="orcl_dev.POCDEV_SI_HR" path="/Master Repository//PSC_orcl_dev_POCDEV_SI_HR.xml" lastupdatedtime="1602708284000" sourcerepositoryid="924db2dc-0284-41a8-9c08-105177981ed7" objectrepositorytype="MASTER"/>
      <Object class="oracle.odi.domain.topology.OdiDataServer" globalId="7308fe5e-c70e-4ebb-bd56-853883771b8a" name="orcl_prd" path="/Master Repository/Technologies/Oracle/Physical Architecture/orcl_prd/CONN_orcl_prd.xml" lastupdatedtime="1603804423000" sourcerepositoryid="924db2dc-0284-41a8-9c08-105177981ed7" objectrepositorytype="MASTER"/>
      <Object class="oracle.odi.domain.topology.OdiPhysicalSchema" globalId="5bb33106-d59f-4963-a533-d5864d727cbc" name="orcl_prd.POCPRD_HR" path="/Master Repository//PSC_orcl_prd_POCPRD_HR.xml" lastupdatedtime="1602708303000" sourcerepositoryid="924db2dc-0284-41a8-9c08-105177981ed7" objectrepositorytype="MASTER"/>
      <Object class="oracle.odi.domain.topology.OdiPhysicalSchema" globalId="aed561f2-728b-4d27-868f-3f3a75a10b35" name="orcl_prd.POCPRD_SI_HR" path="/Master Repository//PSC_orcl_prd_POCPRD_SI_HR.xml" lastupdatedtime="1602708322000" sourcerepositoryid="924db2dc-0284-41a8-9c08-105177981ed7" objectrepositorytype="MASTER"/>
      <Object class="oracle.odi.domain.topology.OdiDataServer" globalId="828b90ca-5e38-49b7-b6b1-a289107536e5" name="orcl_tst" path="/Master Repository/Technologies/Oracle/Physical Architecture/orcl_tst/CONN_orcl_tst.xml" lastupdatedtime="1603804424000" sourcerepositoryid="924db2dc-0284-41a8-9c08-105177981ed7" objectrepositorytype="MASTER"/>
      <Object class="oracle.odi.domain.topology.OdiPhysicalSchema" globalId="224b354c-246b-4ce0-8ac8-2984ba637790" name="orcl_tst.POCTST_HR" path="/Master Repository/Technologies/Oracle/Physical Architecture/orcl_prd/PSC_orcl_tst_POCTST_HR.xml" lastupdatedtime="1602707812000" sourcerepositoryid="924db2dc-0284-41a8-9c08-105177981ed7" objectrepositorytype="MASTER"/>
      <Object class="oracle.odi.domain.topology.OdiPhysicalSchema" globalId="e85dfce0-975d-44e8-99f4-fe35772bc527" name="orcl_tst.POCTST_SI_HR" path="/Master Repository/Technologies/Oracle/Physical Architecture/orcl_prd/PSC_orcl_tst_POCTST_SI_HR.xml" lastupdatedtime="1602707830000" sourcerepositoryid="924db2dc-0284-41a8-9c08-105177981ed7" objectrepositorytype="MASTER"/>
   </ObjectsToUpdate>
   <ObjectsToDelete/>
</OdiDeploymentArchive>
