<?xml version="1.0" encoding="UTF-8"?>
<SunopsisExport>
<Admin RepositoryVersion="05.02.02.09" IsLegacyIdCompatible="false" />
<Encryption algorithm="AES" keyLength="128" exportKeyHash="mgoEg32fRuL6eCj5P1ay4DP628n6yDmaGiAB/56ypdo=" keyVect="Nbe89G2Gk47qGdikMFZnog==" exportKeySalt="368d6dff-2eaf-4473-9248-41e089b21572" containsCipherText="false"/>
<Object class="com.sunopsis.dwg.dbobj.SnpKmTemplate">
		<Field name="FirstDate" type="java.sql.Timestamp"><![CDATA[2020-10-28 07:07:58.0]]></Field>
	<Field name="FirstUser" type="java.lang.String"><![CDATA[SUNOPSIS_INSTALL]]></Field>
	<Field name="GlobalId" type="java.lang.String"><![CDATA[82c4029b-68fb-4bbe-aee5-32af339fe92b]]></Field>
	<Field name="IndChange" type="java.lang.String">null</Field>
	<Field name="IndIsSeeded" type="java.lang.String"><![CDATA[1]]></Field>
	<Field name="IndLangTrans" type="java.lang.String"><![CDATA[1]]></Field>
	<Field name="IndReplNl" type="java.lang.String"><![CDATA[1]]></Field>
	<Field name="IntVersion" type="com.sunopsis.sql.DbInt"><![CDATA[2]]></Field>
	<Field name="IKmTemplate" type="com.sunopsis.sql.DbInt"><![CDATA[188]]></Field>
	<Field name="LangName" type="java.lang.String"><![CDATA[SQL]]></Field>
	<Field name="LastDate" type="java.sql.Timestamp"><![CDATA[2020-10-28 07:57:06.0]]></Field>
	<Field name="LastUser" type="java.lang.String"><![CDATA[SUPERVISOR]]></Field>
	<Field name="Name" type="java.lang.String"><![CDATA[OrderByText]]></Field>
	<Field name="TechnoName" type="java.lang.String"><![CDATA[HIVE]]></Field>
	<Field name="TemplateText" type="java.lang.String"><![CDATA[{# IF ($[QUERY.getOrderByList()] != 'null' AND $[QUERY.getOrderByList().size()] > '0') #}
$[QUERY.getOrderByOperator()] {# ENDIF #}]]></Field>
	<Field name="TemplateVersion" type="java.lang.String">null</Field>
</Object>
<Object class="com.sunopsis.dwg.dbobj.SnpTemplateJoin">
		<Field name="GlobalId" type="java.lang.String"><![CDATA[53abc435-3d28-4806-b109-6e06a00279af]]></Field>
	<Field name="IKmTemplate" type="com.sunopsis.sql.DbInt"><![CDATA[192]]></Field>
	<Field name="IKmTemplateRef" type="com.sunopsis.sql.DbInt"><![CDATA[188]]></Field>
</Object>
<Object class="com.sunopsis.dwg.dbobj.SnpKmTemplateJoin">
		<Field name="GlobalId" type="java.lang.String"><![CDATA[84369c80-8362-4364-99d9-703e2974f02a]]></Field>
	<Field name="ISnpKmTemplate" type="com.sunopsis.sql.DbInt"><![CDATA[188]]></Field>
	<Field name="ISnpTrt" type="com.sunopsis.sql.DbInt"><![CDATA[54]]></Field>
</Object>
<Object class="com.sunopsis.dwg.dbobj.SnpKmTemplateJoin">
		<Field name="GlobalId" type="java.lang.String"><![CDATA[6a193284-56f5-47f5-a86e-80664bd5b0c2]]></Field>
	<Field name="ISnpKmTemplate" type="com.sunopsis.sql.DbInt"><![CDATA[188]]></Field>
	<Field name="ISnpTrt" type="com.sunopsis.sql.DbInt"><![CDATA[55]]></Field>
</Object>
<Object class="com.sunopsis.dwg.dbobj.SnpKmTemplateJoin">
		<Field name="GlobalId" type="java.lang.String"><![CDATA[cc8dc5bb-4fa3-4389-91f2-2b30322c8bef]]></Field>
	<Field name="ISnpKmTemplate" type="com.sunopsis.sql.DbInt"><![CDATA[188]]></Field>
	<Field name="ISnpTrt" type="com.sunopsis.sql.DbInt"><![CDATA[61]]></Field>
</Object>
<Object class="com.sunopsis.dwg.dbobj.SnpFKXRef">
		<Field name="RefKey" type="java.lang.String"><![CDATA[SNP_KMTEMPLATE.192]]></Field>
	<Field name="RefObjGlobalId" type="java.lang.String"><![CDATA[fa46ef78-2d00-11e6-943b-00163e1ffd72]]></Field>
 <Field name="RefObjFQName" type="java.lang.String"><![CDATA[HiveInsertStatement]]></Field>
 <Field name="RefObjFQType" type="java.lang.String"><![CDATA[SNP_KMTEMPLATE]]></Field>
 <Field name="RefObjFQNameLengths" type="java.lang.String"><![CDATA[19]]></Field>
</Object>
<Object class="com.sunopsis.dwg.dbobj.SnpFKXRef">
		<Field name="RefKey" type="java.lang.String"><![CDATA[SNP_KMTEMPLATE.188]]></Field>
	<Field name="RefObjGlobalId" type="java.lang.String"><![CDATA[82c4029b-68fb-4bbe-aee5-32af339fe92b]]></Field>
 <Field name="RefObjFQName" type="java.lang.String"><![CDATA[OrderByText]]></Field>
 <Field name="RefObjFQType" type="java.lang.String"><![CDATA[SNP_KMTEMPLATE]]></Field>
 <Field name="RefObjFQNameLengths" type="java.lang.String"><![CDATA[11]]></Field>
</Object>
<Object class="com.sunopsis.dwg.dbobj.SnpFKXRef">
		<Field name="RefKey" type="java.lang.String"><![CDATA[SNP_TRT.54]]></Field>
	<Field name="RefObjGlobalId" type="java.lang.String"><![CDATA[f5a07b3d-e76f-425e-a851-59ebaaaf5859]]></Field>
 <Field name="RefObjFQName" type="java.lang.String"><![CDATA[IKM Hive Append]]></Field>
 <Field name="RefObjFQType" type="java.lang.String"><![CDATA[SNP_TRT]]></Field>
 <Field name="RefObjFQNameLengths" type="java.lang.String"><![CDATA[15]]></Field>
</Object>
<Object class="com.sunopsis.dwg.dbobj.SnpFKXRef">
		<Field name="RefKey" type="java.lang.String"><![CDATA[SNP_TRT.55]]></Field>
	<Field name="RefObjGlobalId" type="java.lang.String"><![CDATA[2AFA904EE4B403B0E053CCC0E40A9036]]></Field>
 <Field name="RefObjFQName" type="java.lang.String"><![CDATA[IKM Hive Incremental Update]]></Field>
 <Field name="RefObjFQType" type="java.lang.String"><![CDATA[SNP_TRT]]></Field>
 <Field name="RefObjFQNameLengths" type="java.lang.String"><![CDATA[27]]></Field>
</Object>
<Object class="com.sunopsis.dwg.dbobj.SnpFKXRef">
		<Field name="RefKey" type="java.lang.String"><![CDATA[SNP_TRT.61]]></Field>
	<Field name="RefObjGlobalId" type="java.lang.String"><![CDATA[FEAF67D094E92760E04311C1E40A3D29]]></Field>
 <Field name="RefObjFQName" type="java.lang.String"><![CDATA[LKM Hive to HBase Incremental Update HBASE-SERDE Direct]]></Field>
 <Field name="RefObjFQType" type="java.lang.String"><![CDATA[SNP_TRT]]></Field>
 <Field name="RefObjFQNameLengths" type="java.lang.String"><![CDATA[55]]></Field>
</Object>
<Object class="com.sunopsis.dwg.DwgExportSummary">
		<Field name="ExpTxtNb" type="com.sunopsis.sql.DbInt"><![CDATA[0]]></Field>
	<Field name="InstObjNb" type="com.sunopsis.sql.DbInt"><![CDATA[0]]></Field>
	<Field name="JoinColNb" type="com.sunopsis.sql.DbInt"><![CDATA[0]]></Field>
	<Field name="JoinNb" type="com.sunopsis.sql.DbInt"><![CDATA[0]]></Field>
	<Field name="KeyColNb" type="com.sunopsis.sql.DbInt"><![CDATA[0]]></Field>
	<Field name="KeyNb" type="com.sunopsis.sql.DbInt"><![CDATA[0]]></Field>
	<Field name="LinkDiagNb" type="com.sunopsis.sql.DbInt"><![CDATA[0]]></Field>
	<Field name="MorigTxtNb" type="com.sunopsis.sql.DbInt"><![CDATA[0]]></Field>
	<Field name="MtxtNb" type="com.sunopsis.sql.DbInt"><![CDATA[0]]></Field>
	<Field name="OrigTxtNb" type="com.sunopsis.sql.DbInt"><![CDATA[0]]></Field>
	<Field name="OtherObjectsNb" type="com.sunopsis.sql.DbInt"><![CDATA[5]]></Field>
	<Field name="PlanAgentNb" type="com.sunopsis.sql.DbInt"><![CDATA[0]]></Field>
	<Field name="StepNb" type="com.sunopsis.sql.DbInt"><![CDATA[0]]></Field>
	<Field name="TxtNb" type="com.sunopsis.sql.DbInt"><![CDATA[0]]></Field>
	<Field name="UeOrigNb" type="com.sunopsis.sql.DbInt"><![CDATA[0]]></Field>
	<Field name="UeUsedNb" type="com.sunopsis.sql.DbInt"><![CDATA[0]]></Field>
	<Field name="VarPlanAgentNb" type="com.sunopsis.sql.DbInt"><![CDATA[0]]></Field>
	<Field name="ScenTxtNb" type="com.sunopsis.sql.DbInt"><![CDATA[0]]></Field>
	<Field name="OdiVersion" type="java.lang.String"><![CDATA[12.2.1]]></Field>
	<Field name="OriginRepositoryID" type="com.sunopsis.sql.DbInt"><![CDATA[1]]></Field>
	<Field name="RepositoryVersion" type="java.lang.String"><![CDATA[05.02.02.09]]></Field>
</Object>
</SunopsisExport>
