<?xml version="1.0" encoding="UTF-8"?>
<SunopsisExport>
<Admin RepositoryVersion="05.02.02.09" IsLegacyIdCompatible="false" />
<Encryption algorithm="AES" keyLength="128" exportKeyHash="8hqrjZNAUdvtX1a6hKM8FqBfphOues8wsAy5HbMwQbc=" keyVect="py193KIUA9mHntFhB20sQg==" exportKeySalt="330aecc9-1c7d-4b2e-811d-ca60ace18cd5" containsCipherText="false"/>
<Object class="com.sunopsis.dwg.dbobj.SnpTechno">
		<Field name="CatalogTerm" type="java.lang.String">null</Field>
	<Field name="ColAliasWord" type="java.lang.String">null</Field>
	<Field name="ConstSrcFromtable" type="java.lang.String">null</Field>
	<Field name="ConstSrcType" type="java.lang.String">null</Field>
	<Field name="DateFct" type="java.lang.String">null</Field>
	<Field name="DdlDateMask" type="java.lang.String"><![CDATA[]]></Field>
	<Field name="DdlLongrawMask" type="java.lang.String">null</Field>
	<Field name="DdlNull" type="java.lang.String">null</Field>
	<Field name="DdlNumericMask" type="java.lang.String"><![CDATA[]]></Field>
	<Field name="DdlVarcharMask" type="java.lang.String"><![CDATA[]]></Field>
	<Field name="DefColPrfTab" type="java.lang.String"><![CDATA[C_]]></Field>
	<Field name="DefErrPrfTab" type="java.lang.String"><![CDATA[E_]]></Field>
	<Field name="DefIdxPrfTab" type="java.lang.String"><![CDATA[IX_]]></Field>
	<Field name="DefIntPrfTab" type="java.lang.String"><![CDATA[I_]]></Field>
	<Field name="DefJrnPrfTab" type="java.lang.String"><![CDATA[J]]></Field>
	<Field name="DefJrnPrfTrg" type="java.lang.String"><![CDATA[T]]></Field>
	<Field name="DefJrnPrfVie" type="java.lang.String"><![CDATA[JV]]></Field>
	<Field name="DefUnqCharSpec" type="java.lang.String"><![CDATA[BASE64]]></Field>
	<Field name="DefValueWord" type="java.lang.String">null</Field>
	<Field name="DserverTerm" type="java.lang.String">null</Field>
	<Field name="ExecPlanRequest" type="java.lang.String">null</Field>
	<Field name="ExeChanel" type="java.lang.String"><![CDATA[J]]></Field>
	<Field name="ExpGroupBy" type="java.lang.String">null</Field>
	<Field name="ExpHaving" type="java.lang.String">null</Field>
	<Field name="ExpOrderBy" type="java.lang.String">null</Field>
	<Field name="ExtVersion" type="java.lang.String">null</Field>
	<Field name="FirstDate" type="java.sql.Timestamp"><![CDATA[2020-11-02 00:00:45.0]]></Field>
	<Field name="FirstUser" type="java.lang.String"><![CDATA[SUNOPSIS_INSTALL]]></Field>
	<Field name="GetDateRequest" type="java.lang.String">null</Field>
	<Field name="GetSeqCurrRequest" type="java.lang.String">null</Field>
	<Field name="GetSeqRequest" type="java.lang.String">null</Field>
	<Field name="GlobalId" type="java.lang.String"><![CDATA[fed6b541-ee4a-4bf9-9086-b476050ff4e6]]></Field>
	<Field name="IndCatalog" type="java.lang.String"><![CDATA[0]]></Field>
	<Field name="IndChange" type="java.lang.String">null</Field>
	<Field name="IndDserver" type="java.lang.String"><![CDATA[0]]></Field>
	<Field name="IndFileParam" type="java.lang.String"><![CDATA[1]]></Field>
	<Field name="IndJoinCapMixed" type="java.lang.String"><![CDATA[0]]></Field>
	<Field name="IndJoinCapNonordered" type="java.lang.String"><![CDATA[0]]></Field>
	<Field name="IndJoinCapOrdered" type="java.lang.String"><![CDATA[0]]></Field>
	<Field name="IndJoinCapSubsel" type="java.lang.String"><![CDATA[0]]></Field>
	<Field name="IndLogical" type="java.lang.String"><![CDATA[1]]></Field>
	<Field name="IndPartition" type="java.lang.String"><![CDATA[N]]></Field>
	<Field name="IndPhysical" type="java.lang.String"><![CDATA[1]]></Field>
	<Field name="IndSchema" type="java.lang.String"><![CDATA[1]]></Field>
	<Field name="IndSequence" type="java.lang.String"><![CDATA[0]]></Field>
	<Field name="IndSuppDistinctOperator" type="java.lang.String"><![CDATA[0]]></Field>
	<Field name="IndSuppDrvdTbl" type="java.lang.String"><![CDATA[0]]></Field>
	<Field name="IndSuppSelLk" type="java.lang.String"><![CDATA[0]]></Field>
	<Field name="IndSuppSetOperator" type="java.lang.String"><![CDATA[0]]></Field>
	<Field name="IndSuppWinFnc" type="java.lang.String"><![CDATA[0]]></Field>
	<Field name="IntVersion" type="com.sunopsis.sql.DbInt"><![CDATA[2]]></Field>
	<Field name="IAkTxt" type="com.sunopsis.sql.DbInt"><![CDATA[null]]></Field>
	<Field name="ICheckTxt" type="com.sunopsis.sql.DbInt"><![CDATA[null]]></Field>
	<Field name="IFkTxt" type="com.sunopsis.sql.DbInt"><![CDATA[null]]></Field>
	<Field name="IIndexTxt" type="com.sunopsis.sql.DbInt"><![CDATA[null]]></Field>
	<Field name="IPkTxt" type="com.sunopsis.sql.DbInt"><![CDATA[null]]></Field>
	<Field name="ISeqTxt" type="com.sunopsis.sql.DbInt"><![CDATA[null]]></Field>
	<Field name="ITechno" type="com.sunopsis.sql.DbInt"><![CDATA[138]]></Field>
	<Field name="JoinBrace" type="java.lang.String"><![CDATA[0]]></Field>
	<Field name="JoinClauseOn" type="java.lang.String">null</Field>
	<Field name="JoinCross" type="java.lang.String">null</Field>
	<Field name="JoinFull" type="java.lang.String">null</Field>
	<Field name="JoinIn" type="java.lang.String">null</Field>
	<Field name="JoinLeftOut" type="java.lang.String">null</Field>
	<Field name="JoinNatural" type="java.lang.String">null</Field>
	<Field name="JoinOuter" type="java.lang.String">null</Field>
	<Field name="JoinOuterBa" type="java.lang.String">null</Field>
	<Field name="JoinOuterLoc" type="java.lang.String">null</Field>
	<Field name="JoinOuterSide" type="java.lang.String">null</Field>
	<Field name="JoinRightOut" type="java.lang.String">null</Field>
	<Field name="LastDate" type="java.sql.Timestamp"><![CDATA[2020-11-02 00:10:32.0]]></Field>
	<Field name="LastUser" type="java.lang.String"><![CDATA[SUPERVISOR]]></Field>
	<Field name="LocObjPattern" type="java.lang.String"><![CDATA[%SCHEMA/%OBJECT]]></Field>
	<Field name="LocSeqCurrPattern" type="java.lang.String">null</Field>
	<Field name="LocSeqPattern" type="java.lang.String">null</Field>
	<Field name="MaxColNameLen" type="com.sunopsis.sql.DbInt"><![CDATA[30]]></Field>
	<Field name="MaxTabNameLen" type="com.sunopsis.sql.DbInt"><![CDATA[30]]></Field>
	<Field name="OrderByCap" type="java.lang.String"><![CDATA[0]]></Field>
	<Field name="PartPattern" type="java.lang.String">null</Field>
	<Field name="RemObjPattern" type="java.lang.String"><![CDATA[%SCHEMA/%OBJECT]]></Field>
	<Field name="RemSeqCurrPattern" type="java.lang.String">null</Field>
	<Field name="RemSeqPattern" type="java.lang.String">null</Field>
	<Field name="SchemaTerm" type="java.lang.String"><![CDATA[Directory]]></Field>
	<Field name="SetOperatorLst" type="java.lang.String">null</Field>
	<Field name="SqlCap" type="java.lang.String"><![CDATA[1]]></Field>
	<Field name="SubPartPattern" type="java.lang.String">null</Field>
	<Field name="TabAliasWord" type="java.lang.String">null</Field>
	<Field name="TechnoName" type="java.lang.String"><![CDATA[Oracle ERP Cloud]]></Field>
	<Field name="TechIntName" type="java.lang.String"><![CDATA[ORACLE_ERP_CLOUD]]></Field>
	<Field name="WhereCap" type="java.lang.String"><![CDATA[0]]></Field>
</Object>
<Object class="com.sunopsis.dwg.dbobj.SnpDt">
		<Field name="CodeDt" type="java.lang.String">null</Field>
	<Field name="DtCreTab" type="java.lang.String"><![CDATA[DATE]]></Field>
	<Field name="DtDriver" type="java.lang.String"><![CDATA[DATE]]></Field>
	<Field name="DtJava" type="com.sunopsis.sql.DbInt"><![CDATA[null]]></Field>
	<Field name="DtName" type="java.lang.String"><![CDATA[date]]></Field>
	<Field name="DtSource" type="java.lang.String"><![CDATA[DATE]]></Field>
	<Field name="FirstDate" type="java.sql.Timestamp"><![CDATA[2020-11-02 00:00:47.0]]></Field>
	<Field name="FirstUser" type="java.lang.String"><![CDATA[SUNOPSIS_INSTALL]]></Field>
	<Field name="GlobalId" type="java.lang.String"><![CDATA[1f152ff4-85cc-484c-9bad-b5c52fe5f8d6]]></Field>
	<Field name="IconLetter" type="java.lang.String"><![CDATA[D]]></Field>
	<Field name="IndWrite" type="java.lang.String"><![CDATA[1]]></Field>
	<Field name="IntVersion" type="com.sunopsis.sql.DbInt"><![CDATA[3]]></Field>
	<Field name="IDt" type="com.sunopsis.sql.DbInt"><![CDATA[1041]]></Field>
	<Field name="ITechno" type="com.sunopsis.sql.DbInt"><![CDATA[138]]></Field>
	<Field name="LastDate" type="java.sql.Timestamp"><![CDATA[2020-11-02 00:10:32.0]]></Field>
	<Field name="LastUser" type="java.lang.String"><![CDATA[SUPERVISOR]]></Field>
	<Field name="LengthDefault" type="com.sunopsis.sql.DbInt"><![CDATA[null]]></Field>
	<Field name="LengthMax" type="com.sunopsis.sql.DbInt"><![CDATA[null]]></Field>
	<Field name="LengthMin" type="com.sunopsis.sql.DbInt"><![CDATA[null]]></Field>
	<Field name="ScaleDefault" type="com.sunopsis.sql.DbInt"><![CDATA[null]]></Field>
	<Field name="ScaleMax" type="com.sunopsis.sql.DbInt"><![CDATA[null]]></Field>
	<Field name="ScaleMin" type="com.sunopsis.sql.DbInt"><![CDATA[null]]></Field>
	<Field name="WritableDt" type="java.lang.String"><![CDATA[DATE]]></Field>
</Object>
<Object class="com.sunopsis.dwg.dbobj.SnpConvDt">
		<Field name="Expr1" type="java.lang.String">null</Field>
	<Field name="Expr2" type="java.lang.String">null</Field>
	<Field name="GlobalId" type="java.lang.String"><![CDATA[bd2c42fd-a1e0-41b2-b119-7e20d7aa72f5]]></Field>
	<Field name="ITargTechno" type="com.sunopsis.sql.DbInt"><![CDATA[110]]></Field>
	<Field name="SrcDt" type="com.sunopsis.sql.DbInt"><![CDATA[1041]]></Field>
	<Field name="TargDt" type="com.sunopsis.sql.DbInt"><![CDATA[201]]></Field>
	<Field name="TargDtCond" type="java.lang.String">null</Field>
</Object>
<Object class="com.sunopsis.dwg.dbobj.SnpConvDt">
		<Field name="Expr1" type="java.lang.String">null</Field>
	<Field name="Expr2" type="java.lang.String">null</Field>
	<Field name="GlobalId" type="java.lang.String"><![CDATA[8bb0b768-848b-40a5-b895-ceed29bd5373]]></Field>
	<Field name="ITargTechno" type="com.sunopsis.sql.DbInt"><![CDATA[84]]></Field>
	<Field name="SrcDt" type="com.sunopsis.sql.DbInt"><![CDATA[1041]]></Field>
	<Field name="TargDt" type="com.sunopsis.sql.DbInt"><![CDATA[72]]></Field>
	<Field name="TargDtCond" type="java.lang.String">null</Field>
</Object>
<Object class="com.sunopsis.dwg.dbobj.SnpConvDt">
		<Field name="Expr1" type="java.lang.String">null</Field>
	<Field name="Expr2" type="java.lang.String">null</Field>
	<Field name="GlobalId" type="java.lang.String"><![CDATA[5e3e43b1-1f70-423e-a9af-198cfb49b3a1]]></Field>
	<Field name="ITargTechno" type="com.sunopsis.sql.DbInt"><![CDATA[12]]></Field>
	<Field name="SrcDt" type="com.sunopsis.sql.DbInt"><![CDATA[1041]]></Field>
	<Field name="TargDt" type="com.sunopsis.sql.DbInt"><![CDATA[726]]></Field>
	<Field name="TargDtCond" type="java.lang.String">null</Field>
</Object>
<Object class="com.sunopsis.dwg.dbobj.SnpConvDt">
		<Field name="Expr1" type="java.lang.String">null</Field>
	<Field name="Expr2" type="java.lang.String">null</Field>
	<Field name="GlobalId" type="java.lang.String"><![CDATA[4fd10f82-27d9-448d-a73f-f076e8c64803]]></Field>
	<Field name="ITargTechno" type="com.sunopsis.sql.DbInt"><![CDATA[114]]></Field>
	<Field name="SrcDt" type="com.sunopsis.sql.DbInt"><![CDATA[1041]]></Field>
	<Field name="TargDt" type="com.sunopsis.sql.DbInt"><![CDATA[786]]></Field>
	<Field name="TargDtCond" type="java.lang.String">null</Field>
</Object>
<Object class="com.sunopsis.dwg.dbobj.SnpConvDt">
		<Field name="Expr1" type="java.lang.String">null</Field>
	<Field name="Expr2" type="java.lang.String">null</Field>
	<Field name="GlobalId" type="java.lang.String"><![CDATA[c44df488-2b52-4d19-872d-f7314d50cc85]]></Field>
	<Field name="ITargTechno" type="com.sunopsis.sql.DbInt"><![CDATA[24]]></Field>
	<Field name="SrcDt" type="com.sunopsis.sql.DbInt"><![CDATA[1041]]></Field>
	<Field name="TargDt" type="com.sunopsis.sql.DbInt"><![CDATA[504]]></Field>
	<Field name="TargDtCond" type="java.lang.String">null</Field>
</Object>
<Object class="com.sunopsis.dwg.dbobj.SnpDt">
		<Field name="CodeDt" type="java.lang.String">null</Field>
	<Field name="DtCreTab" type="java.lang.String"><![CDATA[DOUBLE(%L,%P)]]></Field>
	<Field name="DtDriver" type="java.lang.String"><![CDATA[DOUBLE]]></Field>
	<Field name="DtJava" type="com.sunopsis.sql.DbInt"><![CDATA[null]]></Field>
	<Field name="DtName" type="java.lang.String"><![CDATA[double]]></Field>
	<Field name="DtSource" type="java.lang.String"><![CDATA[DOUBLE]]></Field>
	<Field name="FirstDate" type="java.sql.Timestamp"><![CDATA[2020-11-02 00:00:47.0]]></Field>
	<Field name="FirstUser" type="java.lang.String"><![CDATA[SUNOPSIS_INSTALL]]></Field>
	<Field name="GlobalId" type="java.lang.String"><![CDATA[e682915e-bdb4-43ce-b657-1851c7ecb490]]></Field>
	<Field name="IconLetter" type="java.lang.String"><![CDATA[D]]></Field>
	<Field name="IndWrite" type="java.lang.String"><![CDATA[1]]></Field>
	<Field name="IntVersion" type="com.sunopsis.sql.DbInt"><![CDATA[3]]></Field>
	<Field name="IDt" type="com.sunopsis.sql.DbInt"><![CDATA[1042]]></Field>
	<Field name="ITechno" type="com.sunopsis.sql.DbInt"><![CDATA[138]]></Field>
	<Field name="LastDate" type="java.sql.Timestamp"><![CDATA[2020-11-02 00:10:32.0]]></Field>
	<Field name="LastUser" type="java.lang.String"><![CDATA[SUPERVISOR]]></Field>
	<Field name="LengthDefault" type="com.sunopsis.sql.DbInt"><![CDATA[null]]></Field>
	<Field name="LengthMax" type="com.sunopsis.sql.DbInt"><![CDATA[null]]></Field>
	<Field name="LengthMin" type="com.sunopsis.sql.DbInt"><![CDATA[null]]></Field>
	<Field name="ScaleDefault" type="com.sunopsis.sql.DbInt"><![CDATA[null]]></Field>
	<Field name="ScaleMax" type="com.sunopsis.sql.DbInt"><![CDATA[null]]></Field>
	<Field name="ScaleMin" type="com.sunopsis.sql.DbInt"><![CDATA[null]]></Field>
	<Field name="WritableDt" type="java.lang.String"><![CDATA[DOUBLE(%L,%P)]]></Field>
</Object>
<Object class="com.sunopsis.dwg.dbobj.SnpConvDt">
		<Field name="Expr1" type="java.lang.String">null</Field>
	<Field name="Expr2" type="java.lang.String">null</Field>
	<Field name="GlobalId" type="java.lang.String"><![CDATA[389adb3e-72b5-440e-a5af-93f70dae6f6d]]></Field>
	<Field name="ITargTechno" type="com.sunopsis.sql.DbInt"><![CDATA[84]]></Field>
	<Field name="SrcDt" type="com.sunopsis.sql.DbInt"><![CDATA[1042]]></Field>
	<Field name="TargDt" type="com.sunopsis.sql.DbInt"><![CDATA[693]]></Field>
	<Field name="TargDtCond" type="java.lang.String">null</Field>
</Object>
<Object class="com.sunopsis.dwg.dbobj.SnpConvDt">
		<Field name="Expr1" type="java.lang.String">null</Field>
	<Field name="Expr2" type="java.lang.String">null</Field>
	<Field name="GlobalId" type="java.lang.String"><![CDATA[fabcb9af-ce21-4d01-b1fe-ba2bf0a0d71f]]></Field>
	<Field name="ITargTechno" type="com.sunopsis.sql.DbInt"><![CDATA[110]]></Field>
	<Field name="SrcDt" type="com.sunopsis.sql.DbInt"><![CDATA[1042]]></Field>
	<Field name="TargDt" type="com.sunopsis.sql.DbInt"><![CDATA[203]]></Field>
	<Field name="TargDtCond" type="java.lang.String">null</Field>
</Object>
<Object class="com.sunopsis.dwg.dbobj.SnpConvDt">
		<Field name="Expr1" type="java.lang.String">null</Field>
	<Field name="Expr2" type="java.lang.String">null</Field>
	<Field name="GlobalId" type="java.lang.String"><![CDATA[0d2fa07b-b82b-4d5e-b0be-deb6b2d70b01]]></Field>
	<Field name="ITargTechno" type="com.sunopsis.sql.DbInt"><![CDATA[12]]></Field>
	<Field name="SrcDt" type="com.sunopsis.sql.DbInt"><![CDATA[1042]]></Field>
	<Field name="TargDt" type="com.sunopsis.sql.DbInt"><![CDATA[725]]></Field>
	<Field name="TargDtCond" type="java.lang.String">null</Field>
</Object>
<Object class="com.sunopsis.dwg.dbobj.SnpConvDt">
		<Field name="Expr1" type="java.lang.String">null</Field>
	<Field name="Expr2" type="java.lang.String">null</Field>
	<Field name="GlobalId" type="java.lang.String"><![CDATA[e243c5cb-b5c5-46dd-a77b-af931816824c]]></Field>
	<Field name="ITargTechno" type="com.sunopsis.sql.DbInt"><![CDATA[114]]></Field>
	<Field name="SrcDt" type="com.sunopsis.sql.DbInt"><![CDATA[1042]]></Field>
	<Field name="TargDt" type="com.sunopsis.sql.DbInt"><![CDATA[775]]></Field>
	<Field name="TargDtCond" type="java.lang.String">null</Field>
</Object>
<Object class="com.sunopsis.dwg.dbobj.SnpConvDt">
		<Field name="Expr1" type="java.lang.String">null</Field>
	<Field name="Expr2" type="java.lang.String">null</Field>
	<Field name="GlobalId" type="java.lang.String"><![CDATA[72e37de8-71d3-406d-a7c1-0383c49f0146]]></Field>
	<Field name="ITargTechno" type="com.sunopsis.sql.DbInt"><![CDATA[24]]></Field>
	<Field name="SrcDt" type="com.sunopsis.sql.DbInt"><![CDATA[1042]]></Field>
	<Field name="TargDt" type="com.sunopsis.sql.DbInt"><![CDATA[196]]></Field>
	<Field name="TargDtCond" type="java.lang.String">null</Field>
</Object>
<Object class="com.sunopsis.dwg.dbobj.SnpDt">
		<Field name="CodeDt" type="java.lang.String">null</Field>
	<Field name="DtCreTab" type="java.lang.String"><![CDATA[INTEGER]]></Field>
	<Field name="DtDriver" type="java.lang.String"><![CDATA[INTEGER]]></Field>
	<Field name="DtJava" type="com.sunopsis.sql.DbInt"><![CDATA[null]]></Field>
	<Field name="DtName" type="java.lang.String"><![CDATA[integer]]></Field>
	<Field name="DtSource" type="java.lang.String"><![CDATA[INTEGER]]></Field>
	<Field name="FirstDate" type="java.sql.Timestamp"><![CDATA[2020-11-02 00:00:47.0]]></Field>
	<Field name="FirstUser" type="java.lang.String"><![CDATA[SUNOPSIS_INSTALL]]></Field>
	<Field name="GlobalId" type="java.lang.String"><![CDATA[dd2e523f-523b-4f71-acc5-3a1277a73692]]></Field>
	<Field name="IconLetter" type="java.lang.String"><![CDATA[I]]></Field>
	<Field name="IndWrite" type="java.lang.String"><![CDATA[1]]></Field>
	<Field name="IntVersion" type="com.sunopsis.sql.DbInt"><![CDATA[3]]></Field>
	<Field name="IDt" type="com.sunopsis.sql.DbInt"><![CDATA[1043]]></Field>
	<Field name="ITechno" type="com.sunopsis.sql.DbInt"><![CDATA[138]]></Field>
	<Field name="LastDate" type="java.sql.Timestamp"><![CDATA[2020-11-02 00:10:32.0]]></Field>
	<Field name="LastUser" type="java.lang.String"><![CDATA[SUPERVISOR]]></Field>
	<Field name="LengthDefault" type="com.sunopsis.sql.DbInt"><![CDATA[null]]></Field>
	<Field name="LengthMax" type="com.sunopsis.sql.DbInt"><![CDATA[null]]></Field>
	<Field name="LengthMin" type="com.sunopsis.sql.DbInt"><![CDATA[null]]></Field>
	<Field name="ScaleDefault" type="com.sunopsis.sql.DbInt"><![CDATA[null]]></Field>
	<Field name="ScaleMax" type="com.sunopsis.sql.DbInt"><![CDATA[null]]></Field>
	<Field name="ScaleMin" type="com.sunopsis.sql.DbInt"><![CDATA[null]]></Field>
	<Field name="WritableDt" type="java.lang.String"><![CDATA[INTEGER]]></Field>
</Object>
<Object class="com.sunopsis.dwg.dbobj.SnpConvDt">
		<Field name="Expr1" type="java.lang.String">null</Field>
	<Field name="Expr2" type="java.lang.String">null</Field>
	<Field name="GlobalId" type="java.lang.String"><![CDATA[e851b457-9ad9-46a1-a8bb-22ea7cbab1e5]]></Field>
	<Field name="ITargTechno" type="com.sunopsis.sql.DbInt"><![CDATA[84]]></Field>
	<Field name="SrcDt" type="com.sunopsis.sql.DbInt"><![CDATA[1043]]></Field>
	<Field name="TargDt" type="com.sunopsis.sql.DbInt"><![CDATA[695]]></Field>
	<Field name="TargDtCond" type="java.lang.String">null</Field>
</Object>
<Object class="com.sunopsis.dwg.dbobj.SnpConvDt">
		<Field name="Expr1" type="java.lang.String">null</Field>
	<Field name="Expr2" type="java.lang.String">null</Field>
	<Field name="GlobalId" type="java.lang.String"><![CDATA[ecf2992d-99fd-4a8b-a1f5-cccbc0c96bef]]></Field>
	<Field name="ITargTechno" type="com.sunopsis.sql.DbInt"><![CDATA[110]]></Field>
	<Field name="SrcDt" type="com.sunopsis.sql.DbInt"><![CDATA[1043]]></Field>
	<Field name="TargDt" type="com.sunopsis.sql.DbInt"><![CDATA[205]]></Field>
	<Field name="TargDtCond" type="java.lang.String">null</Field>
</Object>
<Object class="com.sunopsis.dwg.dbobj.SnpConvDt">
		<Field name="Expr1" type="java.lang.String">null</Field>
	<Field name="Expr2" type="java.lang.String">null</Field>
	<Field name="GlobalId" type="java.lang.String"><![CDATA[5f45da99-c59f-4627-9882-ee863c6f0a56]]></Field>
	<Field name="ITargTechno" type="com.sunopsis.sql.DbInt"><![CDATA[12]]></Field>
	<Field name="SrcDt" type="com.sunopsis.sql.DbInt"><![CDATA[1043]]></Field>
	<Field name="TargDt" type="com.sunopsis.sql.DbInt"><![CDATA[725]]></Field>
	<Field name="TargDtCond" type="java.lang.String">null</Field>
</Object>
<Object class="com.sunopsis.dwg.dbobj.SnpConvDt">
		<Field name="Expr1" type="java.lang.String">null</Field>
	<Field name="Expr2" type="java.lang.String">null</Field>
	<Field name="GlobalId" type="java.lang.String"><![CDATA[be676311-2bbf-48cf-a08d-42c03e900c73]]></Field>
	<Field name="ITargTechno" type="com.sunopsis.sql.DbInt"><![CDATA[114]]></Field>
	<Field name="SrcDt" type="com.sunopsis.sql.DbInt"><![CDATA[1043]]></Field>
	<Field name="TargDt" type="com.sunopsis.sql.DbInt"><![CDATA[777]]></Field>
	<Field name="TargDtCond" type="java.lang.String">null</Field>
</Object>
<Object class="com.sunopsis.dwg.dbobj.SnpConvDt">
		<Field name="Expr1" type="java.lang.String">null</Field>
	<Field name="Expr2" type="java.lang.String">null</Field>
	<Field name="GlobalId" type="java.lang.String"><![CDATA[8227ab46-07ac-4dd8-97a8-62236990511b]]></Field>
	<Field name="ITargTechno" type="com.sunopsis.sql.DbInt"><![CDATA[24]]></Field>
	<Field name="SrcDt" type="com.sunopsis.sql.DbInt"><![CDATA[1043]]></Field>
	<Field name="TargDt" type="com.sunopsis.sql.DbInt"><![CDATA[196]]></Field>
	<Field name="TargDtCond" type="java.lang.String">null</Field>
</Object>
<Object class="com.sunopsis.dwg.dbobj.SnpDt">
		<Field name="CodeDt" type="java.lang.String">null</Field>
	<Field name="DtCreTab" type="java.lang.String"><![CDATA[STRING(%L)]]></Field>
	<Field name="DtDriver" type="java.lang.String"><![CDATA[STRING]]></Field>
	<Field name="DtJava" type="com.sunopsis.sql.DbInt"><![CDATA[null]]></Field>
	<Field name="DtName" type="java.lang.String"><![CDATA[string]]></Field>
	<Field name="DtSource" type="java.lang.String"><![CDATA[STRING]]></Field>
	<Field name="FirstDate" type="java.sql.Timestamp"><![CDATA[2020-11-02 00:00:47.0]]></Field>
	<Field name="FirstUser" type="java.lang.String"><![CDATA[SUNOPSIS_INSTALL]]></Field>
	<Field name="GlobalId" type="java.lang.String"><![CDATA[0faab682-6c77-40c6-aa4b-60463087522b]]></Field>
	<Field name="IconLetter" type="java.lang.String"><![CDATA[S]]></Field>
	<Field name="IndWrite" type="java.lang.String"><![CDATA[1]]></Field>
	<Field name="IntVersion" type="com.sunopsis.sql.DbInt"><![CDATA[3]]></Field>
	<Field name="IDt" type="com.sunopsis.sql.DbInt"><![CDATA[1044]]></Field>
	<Field name="ITechno" type="com.sunopsis.sql.DbInt"><![CDATA[138]]></Field>
	<Field name="LastDate" type="java.sql.Timestamp"><![CDATA[2020-11-02 00:10:32.0]]></Field>
	<Field name="LastUser" type="java.lang.String"><![CDATA[SUPERVISOR]]></Field>
	<Field name="LengthDefault" type="com.sunopsis.sql.DbInt"><![CDATA[null]]></Field>
	<Field name="LengthMax" type="com.sunopsis.sql.DbInt"><![CDATA[null]]></Field>
	<Field name="LengthMin" type="com.sunopsis.sql.DbInt"><![CDATA[null]]></Field>
	<Field name="ScaleDefault" type="com.sunopsis.sql.DbInt"><![CDATA[null]]></Field>
	<Field name="ScaleMax" type="com.sunopsis.sql.DbInt"><![CDATA[null]]></Field>
	<Field name="ScaleMin" type="com.sunopsis.sql.DbInt"><![CDATA[null]]></Field>
	<Field name="WritableDt" type="java.lang.String"><![CDATA[STRING(%L)]]></Field>
</Object>
<Object class="com.sunopsis.dwg.dbobj.SnpConvDt">
		<Field name="Expr1" type="java.lang.String">null</Field>
	<Field name="Expr2" type="java.lang.String">null</Field>
	<Field name="GlobalId" type="java.lang.String"><![CDATA[82241c85-c06b-4268-b501-b808d35a1276]]></Field>
	<Field name="ITargTechno" type="com.sunopsis.sql.DbInt"><![CDATA[84]]></Field>
	<Field name="SrcDt" type="com.sunopsis.sql.DbInt"><![CDATA[1044]]></Field>
	<Field name="TargDt" type="com.sunopsis.sql.DbInt"><![CDATA[706]]></Field>
	<Field name="TargDtCond" type="java.lang.String">null</Field>
</Object>
<Object class="com.sunopsis.dwg.dbobj.SnpConvDt">
		<Field name="Expr1" type="java.lang.String">null</Field>
	<Field name="Expr2" type="java.lang.String">null</Field>
	<Field name="GlobalId" type="java.lang.String"><![CDATA[e968bb52-5277-4097-b64f-7b0f8922861b]]></Field>
	<Field name="ITargTechno" type="com.sunopsis.sql.DbInt"><![CDATA[110]]></Field>
	<Field name="SrcDt" type="com.sunopsis.sql.DbInt"><![CDATA[1044]]></Field>
	<Field name="TargDt" type="com.sunopsis.sql.DbInt"><![CDATA[216]]></Field>
	<Field name="TargDtCond" type="java.lang.String">null</Field>
</Object>
<Object class="com.sunopsis.dwg.dbobj.SnpConvDt">
		<Field name="Expr1" type="java.lang.String">null</Field>
	<Field name="Expr2" type="java.lang.String">null</Field>
	<Field name="GlobalId" type="java.lang.String"><![CDATA[a4f50ecc-7285-4ff1-aa49-2315a5a83945]]></Field>
	<Field name="ITargTechno" type="com.sunopsis.sql.DbInt"><![CDATA[12]]></Field>
	<Field name="SrcDt" type="com.sunopsis.sql.DbInt"><![CDATA[1044]]></Field>
	<Field name="TargDt" type="com.sunopsis.sql.DbInt"><![CDATA[723]]></Field>
	<Field name="TargDtCond" type="java.lang.String">null</Field>
</Object>
<Object class="com.sunopsis.dwg.dbobj.SnpConvDt">
		<Field name="Expr1" type="java.lang.String">null</Field>
	<Field name="Expr2" type="java.lang.String">null</Field>
	<Field name="GlobalId" type="java.lang.String"><![CDATA[1c48a117-91dd-47eb-9328-aacd0f5675f6]]></Field>
	<Field name="ITargTechno" type="com.sunopsis.sql.DbInt"><![CDATA[114]]></Field>
	<Field name="SrcDt" type="com.sunopsis.sql.DbInt"><![CDATA[1044]]></Field>
	<Field name="TargDt" type="com.sunopsis.sql.DbInt"><![CDATA[14]]></Field>
	<Field name="TargDtCond" type="java.lang.String">null</Field>
</Object>
<Object class="com.sunopsis.dwg.dbobj.SnpConvDt">
		<Field name="Expr1" type="java.lang.String">null</Field>
	<Field name="Expr2" type="java.lang.String">null</Field>
	<Field name="GlobalId" type="java.lang.String"><![CDATA[1ec544cd-01ee-4219-9784-c6503c7b4c90]]></Field>
	<Field name="ITargTechno" type="com.sunopsis.sql.DbInt"><![CDATA[24]]></Field>
	<Field name="SrcDt" type="com.sunopsis.sql.DbInt"><![CDATA[1044]]></Field>
	<Field name="TargDt" type="com.sunopsis.sql.DbInt"><![CDATA[33]]></Field>
	<Field name="TargDtCond" type="java.lang.String">null</Field>
</Object>
<Object class="com.sunopsis.dwg.dbobj.SnpFKXRef">
		<Field name="RefKey" type="java.lang.String"><![CDATA[SNP_TECHNO.138]]></Field>
	<Field name="RefObjGlobalId" type="java.lang.String"><![CDATA[fed6b541-ee4a-4bf9-9086-b476050ff4e6]]></Field>
 <Field name="RefObjFQName" type="java.lang.String"><![CDATA[Oracle ERP Cloud]]></Field>
 <Field name="RefObjFQType" type="java.lang.String"><![CDATA[SNP_TECHNO]]></Field>
 <Field name="RefObjFQNameLengths" type="java.lang.String"><![CDATA[16]]></Field>
</Object>
<Object class="com.sunopsis.dwg.dbobj.SnpFKXRef">
		<Field name="RefKey" type="java.lang.String"><![CDATA[SNP_DT.1041]]></Field>
	<Field name="RefObjGlobalId" type="java.lang.String"><![CDATA[1f152ff4-85cc-484c-9bad-b5c52fe5f8d6]]></Field>
 <Field name="RefObjFQName" type="java.lang.String"><![CDATA[Oracle ERP Cloud.date]]></Field>
 <Field name="RefObjFQType" type="java.lang.String"><![CDATA[SNP_TECHNO.SNP_DT]]></Field>
 <Field name="RefObjFQNameLengths" type="java.lang.String"><![CDATA[16.4]]></Field>
</Object>
<Object class="com.sunopsis.dwg.dbobj.SnpFKXRef">
		<Field name="RefKey" type="java.lang.String"><![CDATA[SNP_TECHNO.110]]></Field>
	<Field name="RefObjGlobalId" type="java.lang.String"><![CDATA[e84170c6-66f0-3c4a-8fe7-dbca246e5b24]]></Field>
 <Field name="RefObjFQName" type="java.lang.String"><![CDATA[In-Memory Engine]]></Field>
 <Field name="RefObjFQType" type="java.lang.String"><![CDATA[SNP_TECHNO]]></Field>
 <Field name="RefObjFQNameLengths" type="java.lang.String"><![CDATA[16]]></Field>
</Object>
<Object class="com.sunopsis.dwg.dbobj.SnpFKXRef">
		<Field name="RefKey" type="java.lang.String"><![CDATA[SNP_DT.201]]></Field>
	<Field name="RefObjGlobalId" type="java.lang.String"><![CDATA[d0bfcce0-01c4-3194-883b-582443414f25]]></Field>
 <Field name="RefObjFQName" type="java.lang.String"><![CDATA[In-Memory Engine.DATE]]></Field>
 <Field name="RefObjFQType" type="java.lang.String"><![CDATA[SNP_TECHNO.SNP_DT]]></Field>
 <Field name="RefObjFQNameLengths" type="java.lang.String"><![CDATA[16.4]]></Field>
</Object>
<Object class="com.sunopsis.dwg.dbobj.SnpFKXRef">
		<Field name="RefKey" type="java.lang.String"><![CDATA[SNP_TECHNO.84]]></Field>
	<Field name="RefObjGlobalId" type="java.lang.String"><![CDATA[b3b9b4cb-0cf4-3786-a33d-0c96a9fd2716]]></Field>
 <Field name="RefObjFQName" type="java.lang.String"><![CDATA[Hypersonic SQL]]></Field>
 <Field name="RefObjFQType" type="java.lang.String"><![CDATA[SNP_TECHNO]]></Field>
 <Field name="RefObjFQNameLengths" type="java.lang.String"><![CDATA[14]]></Field>
</Object>
<Object class="com.sunopsis.dwg.dbobj.SnpFKXRef">
		<Field name="RefKey" type="java.lang.String"><![CDATA[SNP_DT.72]]></Field>
	<Field name="RefObjGlobalId" type="java.lang.String"><![CDATA[11a8c557-4cf8-34e2-b2f6-ebeb38d8f66d]]></Field>
 <Field name="RefObjFQName" type="java.lang.String"><![CDATA[Hypersonic SQL.DATE]]></Field>
 <Field name="RefObjFQType" type="java.lang.String"><![CDATA[SNP_TECHNO.SNP_DT]]></Field>
 <Field name="RefObjFQNameLengths" type="java.lang.String"><![CDATA[14.4]]></Field>
</Object>
<Object class="com.sunopsis.dwg.dbobj.SnpFKXRef">
		<Field name="RefKey" type="java.lang.String"><![CDATA[SNP_TECHNO.12]]></Field>
	<Field name="RefObjGlobalId" type="java.lang.String"><![CDATA[14d1db64-b833-3400-9ca6-595ffc963a64]]></Field>
 <Field name="RefObjFQName" type="java.lang.String"><![CDATA[File]]></Field>
 <Field name="RefObjFQType" type="java.lang.String"><![CDATA[SNP_TECHNO]]></Field>
 <Field name="RefObjFQNameLengths" type="java.lang.String"><![CDATA[4]]></Field>
</Object>
<Object class="com.sunopsis.dwg.dbobj.SnpFKXRef">
		<Field name="RefKey" type="java.lang.String"><![CDATA[SNP_DT.726]]></Field>
	<Field name="RefObjGlobalId" type="java.lang.String"><![CDATA[57dc18b9-6d15-31dc-9fa8-d54c0dd0ab1a]]></Field>
 <Field name="RefObjFQName" type="java.lang.String"><![CDATA[File.Date]]></Field>
 <Field name="RefObjFQType" type="java.lang.String"><![CDATA[SNP_TECHNO.SNP_DT]]></Field>
 <Field name="RefObjFQNameLengths" type="java.lang.String"><![CDATA[4.4]]></Field>
</Object>
<Object class="com.sunopsis.dwg.dbobj.SnpFKXRef">
		<Field name="RefKey" type="java.lang.String"><![CDATA[SNP_TECHNO.114]]></Field>
	<Field name="RefObjGlobalId" type="java.lang.String"><![CDATA[115686d1-a77b-3df6-8dcf-f81fded88dee]]></Field>
 <Field name="RefObjFQName" type="java.lang.String"><![CDATA[Generic SQL]]></Field>
 <Field name="RefObjFQType" type="java.lang.String"><![CDATA[SNP_TECHNO]]></Field>
 <Field name="RefObjFQNameLengths" type="java.lang.String"><![CDATA[11]]></Field>
</Object>
<Object class="com.sunopsis.dwg.dbobj.SnpFKXRef">
		<Field name="RefKey" type="java.lang.String"><![CDATA[SNP_DT.786]]></Field>
	<Field name="RefObjGlobalId" type="java.lang.String"><![CDATA[3761fe78-b1fe-4780-8e31-f0b4310e62eb]]></Field>
 <Field name="RefObjFQName" type="java.lang.String"><![CDATA[Generic SQL.TIMESTAMP]]></Field>
 <Field name="RefObjFQType" type="java.lang.String"><![CDATA[SNP_TECHNO.SNP_DT]]></Field>
 <Field name="RefObjFQNameLengths" type="java.lang.String"><![CDATA[11.9]]></Field>
</Object>
<Object class="com.sunopsis.dwg.dbobj.SnpFKXRef">
		<Field name="RefKey" type="java.lang.String"><![CDATA[SNP_TECHNO.24]]></Field>
	<Field name="RefObjGlobalId" type="java.lang.String"><![CDATA[e9120718-5b1e-3e9c-b3b9-28317b288494]]></Field>
 <Field name="RefObjFQName" type="java.lang.String"><![CDATA[Oracle]]></Field>
 <Field name="RefObjFQType" type="java.lang.String"><![CDATA[SNP_TECHNO]]></Field>
 <Field name="RefObjFQNameLengths" type="java.lang.String"><![CDATA[6]]></Field>
</Object>
<Object class="com.sunopsis.dwg.dbobj.SnpFKXRef">
		<Field name="RefKey" type="java.lang.String"><![CDATA[SNP_DT.504]]></Field>
	<Field name="RefObjGlobalId" type="java.lang.String"><![CDATA[14c018d1-2d22-3fa9-ad06-511939df930a]]></Field>
 <Field name="RefObjFQName" type="java.lang.String"><![CDATA[Oracle.TIMESTAMP]]></Field>
 <Field name="RefObjFQType" type="java.lang.String"><![CDATA[SNP_TECHNO.SNP_DT]]></Field>
 <Field name="RefObjFQNameLengths" type="java.lang.String"><![CDATA[6.9]]></Field>
</Object>
<Object class="com.sunopsis.dwg.dbobj.SnpFKXRef">
		<Field name="RefKey" type="java.lang.String"><![CDATA[SNP_DT.1042]]></Field>
	<Field name="RefObjGlobalId" type="java.lang.String"><![CDATA[e682915e-bdb4-43ce-b657-1851c7ecb490]]></Field>
 <Field name="RefObjFQName" type="java.lang.String"><![CDATA[Oracle ERP Cloud.double]]></Field>
 <Field name="RefObjFQType" type="java.lang.String"><![CDATA[SNP_TECHNO.SNP_DT]]></Field>
 <Field name="RefObjFQNameLengths" type="java.lang.String"><![CDATA[16.6]]></Field>
</Object>
<Object class="com.sunopsis.dwg.dbobj.SnpFKXRef">
		<Field name="RefKey" type="java.lang.String"><![CDATA[SNP_DT.693]]></Field>
	<Field name="RefObjGlobalId" type="java.lang.String"><![CDATA[d5d5b8a6-08ae-3781-8a15-99ffc38cb418]]></Field>
 <Field name="RefObjFQName" type="java.lang.String"><![CDATA[Hypersonic SQL.DOUBLE]]></Field>
 <Field name="RefObjFQType" type="java.lang.String"><![CDATA[SNP_TECHNO.SNP_DT]]></Field>
 <Field name="RefObjFQNameLengths" type="java.lang.String"><![CDATA[14.6]]></Field>
</Object>
<Object class="com.sunopsis.dwg.dbobj.SnpFKXRef">
		<Field name="RefKey" type="java.lang.String"><![CDATA[SNP_DT.203]]></Field>
	<Field name="RefObjGlobalId" type="java.lang.String"><![CDATA[f84bb29d-2b2c-33e6-8a16-b1f63daf625e]]></Field>
 <Field name="RefObjFQName" type="java.lang.String"><![CDATA[In-Memory Engine.DOUBLE]]></Field>
 <Field name="RefObjFQType" type="java.lang.String"><![CDATA[SNP_TECHNO.SNP_DT]]></Field>
 <Field name="RefObjFQNameLengths" type="java.lang.String"><![CDATA[16.6]]></Field>
</Object>
<Object class="com.sunopsis.dwg.dbobj.SnpFKXRef">
		<Field name="RefKey" type="java.lang.String"><![CDATA[SNP_DT.725]]></Field>
	<Field name="RefObjGlobalId" type="java.lang.String"><![CDATA[62e2ec63-0e7c-31c2-a200-120336dc9dae]]></Field>
 <Field name="RefObjFQName" type="java.lang.String"><![CDATA[File.Numeric]]></Field>
 <Field name="RefObjFQType" type="java.lang.String"><![CDATA[SNP_TECHNO.SNP_DT]]></Field>
 <Field name="RefObjFQNameLengths" type="java.lang.String"><![CDATA[4.7]]></Field>
</Object>
<Object class="com.sunopsis.dwg.dbobj.SnpFKXRef">
		<Field name="RefKey" type="java.lang.String"><![CDATA[SNP_DT.775]]></Field>
	<Field name="RefObjGlobalId" type="java.lang.String"><![CDATA[3f0febeb-ae3c-4424-b9e8-1997900ebc23]]></Field>
 <Field name="RefObjFQName" type="java.lang.String"><![CDATA[Generic SQL.DOUBLE]]></Field>
 <Field name="RefObjFQType" type="java.lang.String"><![CDATA[SNP_TECHNO.SNP_DT]]></Field>
 <Field name="RefObjFQNameLengths" type="java.lang.String"><![CDATA[11.6]]></Field>
</Object>
<Object class="com.sunopsis.dwg.dbobj.SnpFKXRef">
		<Field name="RefKey" type="java.lang.String"><![CDATA[SNP_DT.196]]></Field>
	<Field name="RefObjGlobalId" type="java.lang.String"><![CDATA[f7eaeb1b-18e7-3e49-b3eb-9aeddd509428]]></Field>
 <Field name="RefObjFQName" type="java.lang.String"><![CDATA[Oracle.NUMBER]]></Field>
 <Field name="RefObjFQType" type="java.lang.String"><![CDATA[SNP_TECHNO.SNP_DT]]></Field>
 <Field name="RefObjFQNameLengths" type="java.lang.String"><![CDATA[6.6]]></Field>
</Object>
<Object class="com.sunopsis.dwg.dbobj.SnpFKXRef">
		<Field name="RefKey" type="java.lang.String"><![CDATA[SNP_DT.1043]]></Field>
	<Field name="RefObjGlobalId" type="java.lang.String"><![CDATA[dd2e523f-523b-4f71-acc5-3a1277a73692]]></Field>
 <Field name="RefObjFQName" type="java.lang.String"><![CDATA[Oracle ERP Cloud.integer]]></Field>
 <Field name="RefObjFQType" type="java.lang.String"><![CDATA[SNP_TECHNO.SNP_DT]]></Field>
 <Field name="RefObjFQNameLengths" type="java.lang.String"><![CDATA[16.7]]></Field>
</Object>
<Object class="com.sunopsis.dwg.dbobj.SnpFKXRef">
		<Field name="RefKey" type="java.lang.String"><![CDATA[SNP_DT.695]]></Field>
	<Field name="RefObjGlobalId" type="java.lang.String"><![CDATA[ac9fa6ca-6457-3138-92a9-493a5f27b172]]></Field>
 <Field name="RefObjFQName" type="java.lang.String"><![CDATA[Hypersonic SQL.INTEGER]]></Field>
 <Field name="RefObjFQType" type="java.lang.String"><![CDATA[SNP_TECHNO.SNP_DT]]></Field>
 <Field name="RefObjFQNameLengths" type="java.lang.String"><![CDATA[14.7]]></Field>
</Object>
<Object class="com.sunopsis.dwg.dbobj.SnpFKXRef">
		<Field name="RefKey" type="java.lang.String"><![CDATA[SNP_DT.205]]></Field>
	<Field name="RefObjGlobalId" type="java.lang.String"><![CDATA[61c68de3-4f30-3b09-a850-24ae4dcc0935]]></Field>
 <Field name="RefObjFQName" type="java.lang.String"><![CDATA[In-Memory Engine.INTEGER]]></Field>
 <Field name="RefObjFQType" type="java.lang.String"><![CDATA[SNP_TECHNO.SNP_DT]]></Field>
 <Field name="RefObjFQNameLengths" type="java.lang.String"><![CDATA[16.7]]></Field>
</Object>
<Object class="com.sunopsis.dwg.dbobj.SnpFKXRef">
		<Field name="RefKey" type="java.lang.String"><![CDATA[SNP_DT.777]]></Field>
	<Field name="RefObjGlobalId" type="java.lang.String"><![CDATA[3b8f7ffa-e1d9-4824-8f54-5771f4e56147]]></Field>
 <Field name="RefObjFQName" type="java.lang.String"><![CDATA[Generic SQL.INTEGER]]></Field>
 <Field name="RefObjFQType" type="java.lang.String"><![CDATA[SNP_TECHNO.SNP_DT]]></Field>
 <Field name="RefObjFQNameLengths" type="java.lang.String"><![CDATA[11.7]]></Field>
</Object>
<Object class="com.sunopsis.dwg.dbobj.SnpFKXRef">
		<Field name="RefKey" type="java.lang.String"><![CDATA[SNP_DT.1044]]></Field>
	<Field name="RefObjGlobalId" type="java.lang.String"><![CDATA[0faab682-6c77-40c6-aa4b-60463087522b]]></Field>
 <Field name="RefObjFQName" type="java.lang.String"><![CDATA[Oracle ERP Cloud.string]]></Field>
 <Field name="RefObjFQType" type="java.lang.String"><![CDATA[SNP_TECHNO.SNP_DT]]></Field>
 <Field name="RefObjFQNameLengths" type="java.lang.String"><![CDATA[16.6]]></Field>
</Object>
<Object class="com.sunopsis.dwg.dbobj.SnpFKXRef">
		<Field name="RefKey" type="java.lang.String"><![CDATA[SNP_DT.706]]></Field>
	<Field name="RefObjGlobalId" type="java.lang.String"><![CDATA[7613c66e-007c-3940-8ab2-2e9afe6b98b7]]></Field>
 <Field name="RefObjFQName" type="java.lang.String"><![CDATA[Hypersonic SQL.VARCHAR]]></Field>
 <Field name="RefObjFQType" type="java.lang.String"><![CDATA[SNP_TECHNO.SNP_DT]]></Field>
 <Field name="RefObjFQNameLengths" type="java.lang.String"><![CDATA[14.7]]></Field>
</Object>
<Object class="com.sunopsis.dwg.dbobj.SnpFKXRef">
		<Field name="RefKey" type="java.lang.String"><![CDATA[SNP_DT.216]]></Field>
	<Field name="RefObjGlobalId" type="java.lang.String"><![CDATA[a8bf5ff9-ee4e-3dc6-a410-a2bfcca18694]]></Field>
 <Field name="RefObjFQName" type="java.lang.String"><![CDATA[In-Memory Engine.VARCHAR]]></Field>
 <Field name="RefObjFQType" type="java.lang.String"><![CDATA[SNP_TECHNO.SNP_DT]]></Field>
 <Field name="RefObjFQNameLengths" type="java.lang.String"><![CDATA[16.7]]></Field>
</Object>
<Object class="com.sunopsis.dwg.dbobj.SnpFKXRef">
		<Field name="RefKey" type="java.lang.String"><![CDATA[SNP_DT.723]]></Field>
	<Field name="RefObjGlobalId" type="java.lang.String"><![CDATA[e134ed02-ddb2-34bb-bfa2-5a83600ca1fd]]></Field>
 <Field name="RefObjFQName" type="java.lang.String"><![CDATA[File.String]]></Field>
 <Field name="RefObjFQType" type="java.lang.String"><![CDATA[SNP_TECHNO.SNP_DT]]></Field>
 <Field name="RefObjFQNameLengths" type="java.lang.String"><![CDATA[4.6]]></Field>
</Object>
<Object class="com.sunopsis.dwg.dbobj.SnpFKXRef">
		<Field name="RefKey" type="java.lang.String"><![CDATA[SNP_DT.14]]></Field>
	<Field name="RefObjGlobalId" type="java.lang.String"><![CDATA[c4671d7c-520c-3f20-8f99-e3120b324199]]></Field>
 <Field name="RefObjFQName" type="java.lang.String"><![CDATA[Generic SQL.VARCHAR]]></Field>
 <Field name="RefObjFQType" type="java.lang.String"><![CDATA[SNP_TECHNO.SNP_DT]]></Field>
 <Field name="RefObjFQNameLengths" type="java.lang.String"><![CDATA[11.7]]></Field>
</Object>
<Object class="com.sunopsis.dwg.dbobj.SnpFKXRef">
		<Field name="RefKey" type="java.lang.String"><![CDATA[SNP_DT.33]]></Field>
	<Field name="RefObjGlobalId" type="java.lang.String"><![CDATA[74b492d3-896b-3501-8964-73b42bae1d5b]]></Field>
 <Field name="RefObjFQName" type="java.lang.String"><![CDATA[Oracle.VARCHAR2]]></Field>
 <Field name="RefObjFQType" type="java.lang.String"><![CDATA[SNP_TECHNO.SNP_DT]]></Field>
 <Field name="RefObjFQNameLengths" type="java.lang.String"><![CDATA[6.8]]></Field>
</Object>
<Object class="com.sunopsis.dwg.DwgExportSummary">
		<Field name="ExpTxtNb" type="com.sunopsis.sql.DbInt"><![CDATA[0]]></Field>
	<Field name="InstObjNb" type="com.sunopsis.sql.DbInt"><![CDATA[0]]></Field>
	<Field name="JoinColNb" type="com.sunopsis.sql.DbInt"><![CDATA[0]]></Field>
	<Field name="JoinNb" type="com.sunopsis.sql.DbInt"><![CDATA[0]]></Field>
	<Field name="KeyColNb" type="com.sunopsis.sql.DbInt"><![CDATA[0]]></Field>
	<Field name="KeyNb" type="com.sunopsis.sql.DbInt"><![CDATA[0]]></Field>
	<Field name="LinkDiagNb" type="com.sunopsis.sql.DbInt"><![CDATA[0]]></Field>
	<Field name="MorigTxtNb" type="com.sunopsis.sql.DbInt"><![CDATA[0]]></Field>
	<Field name="MtxtNb" type="com.sunopsis.sql.DbInt"><![CDATA[0]]></Field>
	<Field name="OrigTxtNb" type="com.sunopsis.sql.DbInt"><![CDATA[0]]></Field>
	<Field name="OtherObjectsNb" type="com.sunopsis.sql.DbInt"><![CDATA[25]]></Field>
	<Field name="PlanAgentNb" type="com.sunopsis.sql.DbInt"><![CDATA[0]]></Field>
	<Field name="StepNb" type="com.sunopsis.sql.DbInt"><![CDATA[0]]></Field>
	<Field name="TxtNb" type="com.sunopsis.sql.DbInt"><![CDATA[0]]></Field>
	<Field name="UeOrigNb" type="com.sunopsis.sql.DbInt"><![CDATA[0]]></Field>
	<Field name="UeUsedNb" type="com.sunopsis.sql.DbInt"><![CDATA[0]]></Field>
	<Field name="VarPlanAgentNb" type="com.sunopsis.sql.DbInt"><![CDATA[0]]></Field>
	<Field name="ScenTxtNb" type="com.sunopsis.sql.DbInt"><![CDATA[0]]></Field>
	<Field name="OdiVersion" type="java.lang.String"><![CDATA[12.2.1]]></Field>
	<Field name="OriginRepositoryID" type="com.sunopsis.sql.DbInt"><![CDATA[0]]></Field>
	<Field name="RepositoryVersion" type="java.lang.String"><![CDATA[05.02.02.09]]></Field>
</Object>
</SunopsisExport>
