<?xml version="1.0" encoding="UTF-8"?>
<SunopsisExport>
<Admin RepositoryVersion="05.02.02.09" IsLegacyIdCompatible="false" />
<Encryption algorithm="AES" keyLength="128" exportKeyHash="INoPM/XzAeLYUeUeNiAU1VnlGwSs+l7tigKnFGjbhAM=" keyVect="mS1UCvPHogWLtSSGUFyp8A==" exportKeySalt="7e482865-b24d-44e3-9313-ded6b0449088" containsCipherText="false"/>
<Object class="com.sunopsis.dwg.dbobj.SnpScen">
		<Field name="CecSessBehavior" type="java.lang.String">null</Field>
	<Field name="CecSessPollIntv" type="com.sunopsis.sql.DbInt"><![CDATA[null]]></Field>
	<Field name="ExtVersion" type="java.lang.String">null</Field>
	<Field name="FirstDate" type="java.sql.Timestamp"><![CDATA[2020-11-04 17:19:17.0]]></Field>
	<Field name="FirstUser" type="java.lang.String"><![CDATA[SUPERVISOR]]></Field>
	<Field name="GlobalId" type="java.lang.String"><![CDATA[b4d73061-527f-49dc-b038-739c68ccf9fc]]></Field>
	<Field name="IndChange" type="java.lang.String">null</Field>
	<Field name="IndPromptParam" type="java.lang.String"><![CDATA[1]]></Field>
	<Field name="IntVersion" type="com.sunopsis.sql.DbInt"><![CDATA[9]]></Field>
	<Field name="IsMaterialized" type="java.lang.String"><![CDATA[0]]></Field>
	<Field name="IDeploySpec" type="com.sunopsis.sql.DbInt"><![CDATA[null]]></Field>
	<Field name="IMapping" type="com.sunopsis.sql.DbInt"><![CDATA[null]]></Field>
	<Field name="IPackage" type="com.sunopsis.sql.DbInt"><![CDATA[2]]></Field>
	<Field name="IPop" type="com.sunopsis.sql.DbInt"><![CDATA[null]]></Field>
	<Field name="IScenFolder" type="com.sunopsis.sql.DbInt"><![CDATA[null]]></Field>
	<Field name="ITrt" type="com.sunopsis.sql.DbInt"><![CDATA[null]]></Field>
	<Field name="ITxtScen" type="com.sunopsis.sql.DbInt"><![CDATA[null]]></Field>
	<Field name="IVar" type="com.sunopsis.sql.DbInt"><![CDATA[null]]></Field>
	<Field name="LastDate" type="java.sql.Timestamp"><![CDATA[2020-11-04 17:19:20.0]]></Field>
	<Field name="LastUser" type="java.lang.String"><![CDATA[SUPERVISOR]]></Field>
	<Field name="MaxCecSess" type="com.sunopsis.sql.DbInt"><![CDATA[null]]></Field>
	<Field name="RepGuid" type="java.lang.String">null</Field>
	<Field name="RepVersion" type="java.lang.String">null</Field>
	<Field name="RestartType" type="java.lang.String">null</Field>
	<Field name="ScenName" type="java.lang.String"><![CDATA[SIPACKAGE]]></Field>
	<Field name="ScenNo" type="com.sunopsis.sql.DbInt"><![CDATA[4]]></Field>
	<Field name="ScenSnapshotNo" type="com.sunopsis.sql.DbInt"><![CDATA[8]]></Field>
	<Field name="ScenVersion" type="java.lang.String"><![CDATA[001]]></Field>
	<Field name="VLastDate" type="java.sql.Timestamp">null</Field>
</Object>
<Object class="com.sunopsis.dwg.dbobj.SnpScenStep">
		<Field name="BrpId" type="com.sunopsis.sql.DbInt"><![CDATA[null]]></Field>
	<Field name="CleanupOnError" type="java.lang.String">null</Field>
	<Field name="ContextCode" type="java.lang.String">null</Field>
	<Field name="FContextCode" type="java.lang.String">null</Field>
	<Field name="GenInfo" type="java.lang.String"><![CDATA[<map-generation-info>
   <node name="REGIONS1" type="IKM" km="IKM Oracle Insert.GLOBAL">
      <option name="CREATE_TARGET_TABLE" value="false" default="true"/>
      <option name="INSERT_HINT" value="APPEND PARALLEL" default="true"/>
      <option name="SELECT_HINT" value=" " default="true"/>
      <option name="CONSTRAINTS" value="None" default="true"/>
      <option name="TRUNCATE_TARGET_TABLE" value="false" default="true"/>
      <option name="DELETE_ALL" value="false" default="true"/>
      <option name="INDEXES" value="None" default="true"/>
   </node>
   <node name="REGIONS" type="XKM" km="XKM Oracle External Table.GLOBAL">
      <option name="CREATE_EXT_TAB" value="false" default="true"/>
      <option name="CUSTOM_TEMPLATE" value=" " default="true"/>
      <option name="SELECT_HINT" value=" " default="true"/>
      <option name="CREATE_DIRECTORY" value="false" default="true"/>
      <option name="ACCESS_PARAMETERS" value="" default="true"/>
      <option name="SQL_DEFAULT_DIR" value="" default="true"/>
      <option name="SQL_DIRECTORIES" value="" default="true"/>
      <option name="DIR_DATA_FILES" value="" default="true"/>
   </node>
   <target name="REGIONS" resource="REGIONS" model="SI_HR" logicalSchema="SI_HR" forcedContext=""/>
</map-generation-info>]]></Field>
	<Field name="GlobalId" type="java.lang.String"><![CDATA[0e102141-24a0-4e54-aa3c-7305c0aeb0ef]]></Field>
	<Field name="IndLogMethod" type="java.lang.String"><![CDATA[Y]]></Field>
	<Field name="ITxtVarValue" type="com.sunopsis.sql.DbInt"><![CDATA[null]]></Field>
	<Field name="JagentLschemaName" type="java.lang.String">null</Field>
	<Field name="KoExit" type="java.lang.String"><![CDATA[1]]></Field>
	<Field name="KoExitCode" type="java.lang.String">null</Field>
	<Field name="KoNextStep" type="com.sunopsis.sql.DbInt"><![CDATA[null]]></Field>
	<Field name="KoRetry" type="com.sunopsis.sql.DbInt"><![CDATA[null]]></Field>
	<Field name="KoRetryInterv" type="com.sunopsis.sql.DbInt"><![CDATA[null]]></Field>
	<Field name="LschemaName" type="java.lang.String"><![CDATA[SI_HR]]></Field>
	<Field name="MaxErr" type="com.sunopsis.sql.DbInt"><![CDATA[null]]></Field>
	<Field name="MaxErrPrct" type="java.lang.String">null</Field>
	<Field name="ModCode" type="java.lang.String"><![CDATA[SI_HR]]></Field>
	<Field name="Nno" type="com.sunopsis.sql.DbInt"><![CDATA[0]]></Field>
	<Field name="OkExit" type="java.lang.String"><![CDATA[0]]></Field>
	<Field name="OkExitCode" type="java.lang.String"><![CDATA[0]]></Field>
	<Field name="OkNextStep" type="com.sunopsis.sql.DbInt"><![CDATA[1]]></Field>
	<Field name="ResName" type="java.lang.String"><![CDATA[REGIONS]]></Field>
	<Field name="ScenNo" type="com.sunopsis.sql.DbInt"><![CDATA[4]]></Field>
	<Field name="StepName" type="java.lang.String"><![CDATA[LoadRegions]]></Field>
	<Field name="StepType" type="java.lang.String"><![CDATA[M]]></Field>
	<Field name="TableName" type="java.lang.String"><![CDATA[REGIONS]]></Field>
	<Field name="VarIncr" type="com.sunopsis.sql.DbInt"><![CDATA[null]]></Field>
	<Field name="VarLongValue" type="java.lang.String">null</Field>
	<Field name="VarName" type="java.lang.String">null</Field>
	<Field name="VarOp" type="java.lang.String">null</Field>
</Object>
<Object class="com.sunopsis.dwg.dbobj.SnpScenTask">
		<Field name="BrpId" type="com.sunopsis.sql.DbInt"><![CDATA[null]]></Field>
	<Field name="ColConnectId" type="java.lang.String">null</Field>
	<Field name="ColContextCode" type="java.lang.String">null</Field>
	<Field name="ColEncKey" type="java.lang.String">null</Field>
	<Field name="ColEncKeyVect" type="java.lang.String">null</Field>
	<Field name="ColIndCommit" type="java.lang.String">null</Field>
	<Field name="ColIndEnc" type="java.lang.String"><![CDATA[0]]></Field>
	<Field name="ColIsolLevel" type="java.lang.String">null</Field>
	<Field name="ColLschemaName" type="java.lang.String">null</Field>
	<Field name="ColTechIntName" type="java.lang.String">null</Field>
	<Field name="ColTxt" type="java.lang.String">null</Field>
	<Field name="DefConnectId" type="java.lang.String">null</Field>
	<Field name="DefContextCode" type="java.lang.String">null</Field>
	<Field name="DefEncKey" type="java.lang.String">null</Field>
	<Field name="DefEncKeyVect" type="java.lang.String">null</Field>
	<Field name="DefIndCommit" type="java.lang.String">null</Field>
	<Field name="DefIndEnc" type="java.lang.String"><![CDATA[0]]></Field>
	<Field name="DefIsolLevel" type="java.lang.String">null</Field>
	<Field name="DefLschemaName" type="java.lang.String">null</Field>
	<Field name="DefTechIntName" type="java.lang.String">null</Field>
	<Field name="DefTxt" type="java.lang.String">null</Field>
	<Field name="ExeChannel" type="java.lang.String">null</Field>
	<Field name="GlobalId" type="java.lang.String"><![CDATA[e3f781ee-a525-459b-9a98-5153b8a1f721]]></Field>
	<Field name="IndErr" type="java.lang.String"><![CDATA[0]]></Field>
	<Field name="IndLogFinalCmd" type="java.lang.String"><![CDATA[0]]></Field>
	<Field name="IndLogMethod" type="java.lang.String">null</Field>
	<Field name="IndLogNb" type="java.lang.String">null</Field>
	<Field name="LogLevDet" type="java.lang.String"><![CDATA[5]]></Field>
	<Field name="MapTaskType" type="java.lang.String"><![CDATA[EB]]></Field>
	<Field name="Nno" type="com.sunopsis.sql.DbInt"><![CDATA[0]]></Field>
	<Field name="OrdTrt" type="com.sunopsis.sql.DbInt"><![CDATA[0]]></Field>
	<Field name="ParScenTaskNo" type="com.sunopsis.sql.DbInt"><![CDATA[null]]></Field>
	<Field name="ScenNo" type="com.sunopsis.sql.DbInt"><![CDATA[4]]></Field>
	<Field name="ScenTaskNo" type="com.sunopsis.sql.DbInt"><![CDATA[10]]></Field>
	<Field name="TaskName1" type="java.lang.String"><![CDATA[SERIAL]]></Field>
	<Field name="TaskName2" type="java.lang.String"><![CDATA[MAP_MAIN]]></Field>
	<Field name="TaskName3" type="java.lang.String">null</Field>
	<Field name="TaskType" type="java.lang.String"><![CDATA[L]]></Field>
</Object>
<Object class="com.sunopsis.dwg.dbobj.SnpScenTask">
		<Field name="BrpId" type="com.sunopsis.sql.DbInt"><![CDATA[null]]></Field>
	<Field name="ColConnectId" type="java.lang.String">null</Field>
	<Field name="ColContextCode" type="java.lang.String">null</Field>
	<Field name="ColEncKey" type="java.lang.String">null</Field>
	<Field name="ColEncKeyVect" type="java.lang.String">null</Field>
	<Field name="ColIndCommit" type="java.lang.String">null</Field>
	<Field name="ColIndEnc" type="java.lang.String"><![CDATA[0]]></Field>
	<Field name="ColIsolLevel" type="java.lang.String">null</Field>
	<Field name="ColLschemaName" type="java.lang.String">null</Field>
	<Field name="ColTechIntName" type="java.lang.String">null</Field>
	<Field name="ColTxt" type="java.lang.String">null</Field>
	<Field name="DefConnectId" type="java.lang.String">null</Field>
	<Field name="DefContextCode" type="java.lang.String">null</Field>
	<Field name="DefEncKey" type="java.lang.String">null</Field>
	<Field name="DefEncKeyVect" type="java.lang.String">null</Field>
	<Field name="DefIndCommit" type="java.lang.String">null</Field>
	<Field name="DefIndEnc" type="java.lang.String"><![CDATA[0]]></Field>
	<Field name="DefIsolLevel" type="java.lang.String">null</Field>
	<Field name="DefLschemaName" type="java.lang.String">null</Field>
	<Field name="DefTechIntName" type="java.lang.String">null</Field>
	<Field name="DefTxt" type="java.lang.String">null</Field>
	<Field name="ExeChannel" type="java.lang.String">null</Field>
	<Field name="GlobalId" type="java.lang.String"><![CDATA[696d18ef-c63d-4ff2-b64c-f44978b89399]]></Field>
	<Field name="IndErr" type="java.lang.String"><![CDATA[0]]></Field>
	<Field name="IndLogFinalCmd" type="java.lang.String"><![CDATA[0]]></Field>
	<Field name="IndLogMethod" type="java.lang.String">null</Field>
	<Field name="IndLogNb" type="java.lang.String">null</Field>
	<Field name="LogLevDet" type="java.lang.String"><![CDATA[5]]></Field>
	<Field name="MapTaskType" type="java.lang.String"><![CDATA[EB]]></Field>
	<Field name="Nno" type="com.sunopsis.sql.DbInt"><![CDATA[0]]></Field>
	<Field name="OrdTrt" type="com.sunopsis.sql.DbInt"><![CDATA[0]]></Field>
	<Field name="ParScenTaskNo" type="com.sunopsis.sql.DbInt"><![CDATA[10]]></Field>
	<Field name="ScenNo" type="com.sunopsis.sql.DbInt"><![CDATA[4]]></Field>
	<Field name="ScenTaskNo" type="com.sunopsis.sql.DbInt"><![CDATA[20]]></Field>
	<Field name="TaskName1" type="java.lang.String"><![CDATA[SERIAL]]></Field>
	<Field name="TaskName2" type="java.lang.String"><![CDATA[EU]]></Field>
	<Field name="TaskName3" type="java.lang.String"><![CDATA[SI_HR_UNIT]]></Field>
	<Field name="TaskType" type="java.lang.String"><![CDATA[L]]></Field>
</Object>
<Object class="com.sunopsis.dwg.dbobj.SnpScenTask">
		<Field name="BrpId" type="com.sunopsis.sql.DbInt"><![CDATA[null]]></Field>
	<Field name="ColConnectId" type="java.lang.String">null</Field>
	<Field name="ColContextCode" type="java.lang.String">null</Field>
	<Field name="ColEncKey" type="java.lang.String">null</Field>
	<Field name="ColEncKeyVect" type="java.lang.String">null</Field>
	<Field name="ColIndCommit" type="java.lang.String">null</Field>
	<Field name="ColIndEnc" type="java.lang.String"><![CDATA[0]]></Field>
	<Field name="ColIsolLevel" type="java.lang.String"><![CDATA[D]]></Field>
	<Field name="ColLschemaName" type="java.lang.String"><![CDATA[SI_HR]]></Field>
	<Field name="ColTechIntName" type="java.lang.String">null</Field>
	<Field name="ColTxt" type="java.lang.String">null</Field>
	<Field name="DefConnectId" type="java.lang.String">null</Field>
	<Field name="DefContextCode" type="java.lang.String">null</Field>
	<Field name="DefEncKey" type="java.lang.String">null</Field>
	<Field name="DefEncKeyVect" type="java.lang.String">null</Field>
	<Field name="DefIndCommit" type="java.lang.String">null</Field>
	<Field name="DefIndEnc" type="java.lang.String"><![CDATA[0]]></Field>
	<Field name="DefIsolLevel" type="java.lang.String"><![CDATA[D]]></Field>
	<Field name="DefLschemaName" type="java.lang.String"><![CDATA[SI_HR]]></Field>
	<Field name="DefTechIntName" type="java.lang.String"><![CDATA[ORACLE]]></Field>
	<Field name="DefTxt" type="java.lang.String"><![CDATA[
INSERT 
  /*+  APPEND PARALLEL  */ 
  INTO <?= odiRef.getObjectName("L", "REGIONS", "SI_HR", "D") ?>
  (
    REGION_ID ,
    REGION_NAME 
  ) 
SELECT 
  REGIONS.REGION_ID ,
  REGIONS.REGION_NAME  
FROM 
  <?= odiRef.getObjectName("L", "REGIONS", "HR", "D") ?> REGIONS   ]]></Field>
	<Field name="ExeChannel" type="java.lang.String"><![CDATA[J]]></Field>
	<Field name="GlobalId" type="java.lang.String"><![CDATA[50489309-b043-4800-9352-4e949dc0ea8f]]></Field>
	<Field name="IndErr" type="java.lang.String"><![CDATA[0]]></Field>
	<Field name="IndLogFinalCmd" type="java.lang.String"><![CDATA[0]]></Field>
	<Field name="IndLogMethod" type="java.lang.String">null</Field>
	<Field name="IndLogNb" type="java.lang.String"><![CDATA[I]]></Field>
	<Field name="LogLevDet" type="java.lang.String"><![CDATA[5]]></Field>
	<Field name="MapTaskType" type="java.lang.String"><![CDATA[EM]]></Field>
	<Field name="Nno" type="com.sunopsis.sql.DbInt"><![CDATA[0]]></Field>
	<Field name="OrdTrt" type="com.sunopsis.sql.DbInt"><![CDATA[10]]></Field>
	<Field name="ParScenTaskNo" type="com.sunopsis.sql.DbInt"><![CDATA[20]]></Field>
	<Field name="ScenNo" type="com.sunopsis.sql.DbInt"><![CDATA[4]]></Field>
	<Field name="ScenTaskNo" type="com.sunopsis.sql.DbInt"><![CDATA[30]]></Field>
	<Field name="TaskName1" type="java.lang.String"><![CDATA[Insert new rows]]></Field>
	<Field name="TaskName2" type="java.lang.String"><![CDATA[IKM Oracle Insert]]></Field>
	<Field name="TaskName3" type="java.lang.String"><![CDATA[Load REGIONS1]]></Field>
	<Field name="TaskType" type="java.lang.String"><![CDATA[J]]></Field>
</Object>
<Object class="com.sunopsis.dwg.dbobj.SnpScenStep">
		<Field name="BrpId" type="com.sunopsis.sql.DbInt"><![CDATA[null]]></Field>
	<Field name="CleanupOnError" type="java.lang.String">null</Field>
	<Field name="ContextCode" type="java.lang.String">null</Field>
	<Field name="FContextCode" type="java.lang.String">null</Field>
	<Field name="GenInfo" type="java.lang.String"><![CDATA[<map-generation-info>
   <node name="JOBS1" type="IKM" km="IKM Oracle Insert.GLOBAL">
      <option name="CREATE_TARGET_TABLE" value="false" default="true"/>
      <option name="INSERT_HINT" value="APPEND PARALLEL" default="true"/>
      <option name="SELECT_HINT" value=" " default="true"/>
      <option name="CONSTRAINTS" value="None" default="true"/>
      <option name="TRUNCATE_TARGET_TABLE" value="false" default="true"/>
      <option name="DELETE_ALL" value="false" default="true"/>
      <option name="INDEXES" value="None" default="true"/>
   </node>
   <node name="FILTER" type="XKM" km="XKM SQL Filter.GLOBAL"/>
   <node name="JOBS" type="XKM" km="XKM Oracle External Table.GLOBAL">
      <option name="CREATE_EXT_TAB" value="false" default="true"/>
      <option name="CUSTOM_TEMPLATE" value=" " default="true"/>
      <option name="SELECT_HINT" value=" " default="true"/>
      <option name="CREATE_DIRECTORY" value="false" default="true"/>
      <option name="ACCESS_PARAMETERS" value="" default="true"/>
      <option name="SQL_DEFAULT_DIR" value="" default="true"/>
      <option name="SQL_DIRECTORIES" value="" default="true"/>
      <option name="DIR_DATA_FILES" value="" default="true"/>
   </node>
   <target name="JOBS" resource="JOBS" model="SI_HR" logicalSchema="SI_HR" forcedContext=""/>
</map-generation-info>]]></Field>
	<Field name="GlobalId" type="java.lang.String"><![CDATA[ff5759ff-4e38-4614-8006-81b160387e24]]></Field>
	<Field name="IndLogMethod" type="java.lang.String"><![CDATA[Y]]></Field>
	<Field name="ITxtVarValue" type="com.sunopsis.sql.DbInt"><![CDATA[null]]></Field>
	<Field name="JagentLschemaName" type="java.lang.String">null</Field>
	<Field name="KoExit" type="java.lang.String"><![CDATA[1]]></Field>
	<Field name="KoExitCode" type="java.lang.String">null</Field>
	<Field name="KoNextStep" type="com.sunopsis.sql.DbInt"><![CDATA[null]]></Field>
	<Field name="KoRetry" type="com.sunopsis.sql.DbInt"><![CDATA[null]]></Field>
	<Field name="KoRetryInterv" type="com.sunopsis.sql.DbInt"><![CDATA[null]]></Field>
	<Field name="LschemaName" type="java.lang.String"><![CDATA[SI_HR]]></Field>
	<Field name="MaxErr" type="com.sunopsis.sql.DbInt"><![CDATA[null]]></Field>
	<Field name="MaxErrPrct" type="java.lang.String">null</Field>
	<Field name="ModCode" type="java.lang.String"><![CDATA[SI_HR]]></Field>
	<Field name="Nno" type="com.sunopsis.sql.DbInt"><![CDATA[1]]></Field>
	<Field name="OkExit" type="java.lang.String"><![CDATA[0]]></Field>
	<Field name="OkExitCode" type="java.lang.String"><![CDATA[0]]></Field>
	<Field name="OkNextStep" type="com.sunopsis.sql.DbInt"><![CDATA[2]]></Field>
	<Field name="ResName" type="java.lang.String"><![CDATA[JOBS]]></Field>
	<Field name="ScenNo" type="com.sunopsis.sql.DbInt"><![CDATA[4]]></Field>
	<Field name="StepName" type="java.lang.String"><![CDATA[LoadJobs]]></Field>
	<Field name="StepType" type="java.lang.String"><![CDATA[M]]></Field>
	<Field name="TableName" type="java.lang.String"><![CDATA[JOBS]]></Field>
	<Field name="VarIncr" type="com.sunopsis.sql.DbInt"><![CDATA[null]]></Field>
	<Field name="VarLongValue" type="java.lang.String">null</Field>
	<Field name="VarName" type="java.lang.String">null</Field>
	<Field name="VarOp" type="java.lang.String">null</Field>
</Object>
<Object class="com.sunopsis.dwg.dbobj.SnpScenTask">
		<Field name="BrpId" type="com.sunopsis.sql.DbInt"><![CDATA[null]]></Field>
	<Field name="ColConnectId" type="java.lang.String">null</Field>
	<Field name="ColContextCode" type="java.lang.String">null</Field>
	<Field name="ColEncKey" type="java.lang.String">null</Field>
	<Field name="ColEncKeyVect" type="java.lang.String">null</Field>
	<Field name="ColIndCommit" type="java.lang.String">null</Field>
	<Field name="ColIndEnc" type="java.lang.String"><![CDATA[0]]></Field>
	<Field name="ColIsolLevel" type="java.lang.String">null</Field>
	<Field name="ColLschemaName" type="java.lang.String">null</Field>
	<Field name="ColTechIntName" type="java.lang.String">null</Field>
	<Field name="ColTxt" type="java.lang.String">null</Field>
	<Field name="DefConnectId" type="java.lang.String">null</Field>
	<Field name="DefContextCode" type="java.lang.String">null</Field>
	<Field name="DefEncKey" type="java.lang.String">null</Field>
	<Field name="DefEncKeyVect" type="java.lang.String">null</Field>
	<Field name="DefIndCommit" type="java.lang.String">null</Field>
	<Field name="DefIndEnc" type="java.lang.String"><![CDATA[0]]></Field>
	<Field name="DefIsolLevel" type="java.lang.String">null</Field>
	<Field name="DefLschemaName" type="java.lang.String">null</Field>
	<Field name="DefTechIntName" type="java.lang.String">null</Field>
	<Field name="DefTxt" type="java.lang.String">null</Field>
	<Field name="ExeChannel" type="java.lang.String">null</Field>
	<Field name="GlobalId" type="java.lang.String"><![CDATA[5e6c1847-f8e1-4474-af0b-fa475659fa66]]></Field>
	<Field name="IndErr" type="java.lang.String"><![CDATA[0]]></Field>
	<Field name="IndLogFinalCmd" type="java.lang.String"><![CDATA[0]]></Field>
	<Field name="IndLogMethod" type="java.lang.String">null</Field>
	<Field name="IndLogNb" type="java.lang.String">null</Field>
	<Field name="LogLevDet" type="java.lang.String"><![CDATA[5]]></Field>
	<Field name="MapTaskType" type="java.lang.String"><![CDATA[EB]]></Field>
	<Field name="Nno" type="com.sunopsis.sql.DbInt"><![CDATA[1]]></Field>
	<Field name="OrdTrt" type="com.sunopsis.sql.DbInt"><![CDATA[0]]></Field>
	<Field name="ParScenTaskNo" type="com.sunopsis.sql.DbInt"><![CDATA[null]]></Field>
	<Field name="ScenNo" type="com.sunopsis.sql.DbInt"><![CDATA[4]]></Field>
	<Field name="ScenTaskNo" type="com.sunopsis.sql.DbInt"><![CDATA[10]]></Field>
	<Field name="TaskName1" type="java.lang.String"><![CDATA[SERIAL]]></Field>
	<Field name="TaskName2" type="java.lang.String"><![CDATA[MAP_MAIN]]></Field>
	<Field name="TaskName3" type="java.lang.String">null</Field>
	<Field name="TaskType" type="java.lang.String"><![CDATA[L]]></Field>
</Object>
<Object class="com.sunopsis.dwg.dbobj.SnpScenTask">
		<Field name="BrpId" type="com.sunopsis.sql.DbInt"><![CDATA[null]]></Field>
	<Field name="ColConnectId" type="java.lang.String">null</Field>
	<Field name="ColContextCode" type="java.lang.String">null</Field>
	<Field name="ColEncKey" type="java.lang.String">null</Field>
	<Field name="ColEncKeyVect" type="java.lang.String">null</Field>
	<Field name="ColIndCommit" type="java.lang.String">null</Field>
	<Field name="ColIndEnc" type="java.lang.String"><![CDATA[0]]></Field>
	<Field name="ColIsolLevel" type="java.lang.String">null</Field>
	<Field name="ColLschemaName" type="java.lang.String">null</Field>
	<Field name="ColTechIntName" type="java.lang.String">null</Field>
	<Field name="ColTxt" type="java.lang.String">null</Field>
	<Field name="DefConnectId" type="java.lang.String">null</Field>
	<Field name="DefContextCode" type="java.lang.String">null</Field>
	<Field name="DefEncKey" type="java.lang.String">null</Field>
	<Field name="DefEncKeyVect" type="java.lang.String">null</Field>
	<Field name="DefIndCommit" type="java.lang.String">null</Field>
	<Field name="DefIndEnc" type="java.lang.String"><![CDATA[0]]></Field>
	<Field name="DefIsolLevel" type="java.lang.String">null</Field>
	<Field name="DefLschemaName" type="java.lang.String">null</Field>
	<Field name="DefTechIntName" type="java.lang.String">null</Field>
	<Field name="DefTxt" type="java.lang.String">null</Field>
	<Field name="ExeChannel" type="java.lang.String">null</Field>
	<Field name="GlobalId" type="java.lang.String"><![CDATA[6906bba6-bf9a-45a2-8977-d70d3dec7966]]></Field>
	<Field name="IndErr" type="java.lang.String"><![CDATA[0]]></Field>
	<Field name="IndLogFinalCmd" type="java.lang.String"><![CDATA[0]]></Field>
	<Field name="IndLogMethod" type="java.lang.String">null</Field>
	<Field name="IndLogNb" type="java.lang.String">null</Field>
	<Field name="LogLevDet" type="java.lang.String"><![CDATA[5]]></Field>
	<Field name="MapTaskType" type="java.lang.String"><![CDATA[EB]]></Field>
	<Field name="Nno" type="com.sunopsis.sql.DbInt"><![CDATA[1]]></Field>
	<Field name="OrdTrt" type="com.sunopsis.sql.DbInt"><![CDATA[0]]></Field>
	<Field name="ParScenTaskNo" type="com.sunopsis.sql.DbInt"><![CDATA[10]]></Field>
	<Field name="ScenNo" type="com.sunopsis.sql.DbInt"><![CDATA[4]]></Field>
	<Field name="ScenTaskNo" type="com.sunopsis.sql.DbInt"><![CDATA[20]]></Field>
	<Field name="TaskName1" type="java.lang.String"><![CDATA[SERIAL]]></Field>
	<Field name="TaskName2" type="java.lang.String"><![CDATA[EU]]></Field>
	<Field name="TaskName3" type="java.lang.String"><![CDATA[SI_HR_UNIT]]></Field>
	<Field name="TaskType" type="java.lang.String"><![CDATA[L]]></Field>
</Object>
<Object class="com.sunopsis.dwg.dbobj.SnpScenTask">
		<Field name="BrpId" type="com.sunopsis.sql.DbInt"><![CDATA[null]]></Field>
	<Field name="ColConnectId" type="java.lang.String">null</Field>
	<Field name="ColContextCode" type="java.lang.String">null</Field>
	<Field name="ColEncKey" type="java.lang.String">null</Field>
	<Field name="ColEncKeyVect" type="java.lang.String">null</Field>
	<Field name="ColIndCommit" type="java.lang.String">null</Field>
	<Field name="ColIndEnc" type="java.lang.String"><![CDATA[0]]></Field>
	<Field name="ColIsolLevel" type="java.lang.String"><![CDATA[D]]></Field>
	<Field name="ColLschemaName" type="java.lang.String"><![CDATA[SI_HR]]></Field>
	<Field name="ColTechIntName" type="java.lang.String">null</Field>
	<Field name="ColTxt" type="java.lang.String">null</Field>
	<Field name="DefConnectId" type="java.lang.String">null</Field>
	<Field name="DefContextCode" type="java.lang.String">null</Field>
	<Field name="DefEncKey" type="java.lang.String">null</Field>
	<Field name="DefEncKeyVect" type="java.lang.String">null</Field>
	<Field name="DefIndCommit" type="java.lang.String">null</Field>
	<Field name="DefIndEnc" type="java.lang.String"><![CDATA[0]]></Field>
	<Field name="DefIsolLevel" type="java.lang.String"><![CDATA[D]]></Field>
	<Field name="DefLschemaName" type="java.lang.String"><![CDATA[SI_HR]]></Field>
	<Field name="DefTechIntName" type="java.lang.String"><![CDATA[ORACLE]]></Field>
	<Field name="DefTxt" type="java.lang.String"><![CDATA[
INSERT 
  /*+  APPEND PARALLEL  */ 
  INTO <?= odiRef.getObjectName("L", "JOBS", "SI_HR", "D") ?>
  (
    JOB_ID ,
    JOB_TITLE ,
    MIN_SALARY ,
    MAX_SALARY 
  ) 
SELECT 
  JOBS.JOB_ID ,
  JOBS.JOB_TITLE ,
  JOBS.MIN_SALARY ,
  JOBS.MAX_SALARY  
FROM 
  <?= odiRef.getObjectName("L", "JOBS", "HR", "D") ?> JOBS  
WHERE
  (1=2
)  ]]></Field>
	<Field name="ExeChannel" type="java.lang.String"><![CDATA[J]]></Field>
	<Field name="GlobalId" type="java.lang.String"><![CDATA[814d3930-fa19-46d3-add8-faa9f82a26fd]]></Field>
	<Field name="IndErr" type="java.lang.String"><![CDATA[0]]></Field>
	<Field name="IndLogFinalCmd" type="java.lang.String"><![CDATA[0]]></Field>
	<Field name="IndLogMethod" type="java.lang.String">null</Field>
	<Field name="IndLogNb" type="java.lang.String"><![CDATA[I]]></Field>
	<Field name="LogLevDet" type="java.lang.String"><![CDATA[5]]></Field>
	<Field name="MapTaskType" type="java.lang.String"><![CDATA[EM]]></Field>
	<Field name="Nno" type="com.sunopsis.sql.DbInt"><![CDATA[1]]></Field>
	<Field name="OrdTrt" type="com.sunopsis.sql.DbInt"><![CDATA[10]]></Field>
	<Field name="ParScenTaskNo" type="com.sunopsis.sql.DbInt"><![CDATA[20]]></Field>
	<Field name="ScenNo" type="com.sunopsis.sql.DbInt"><![CDATA[4]]></Field>
	<Field name="ScenTaskNo" type="com.sunopsis.sql.DbInt"><![CDATA[30]]></Field>
	<Field name="TaskName1" type="java.lang.String"><![CDATA[Insert new rows]]></Field>
	<Field name="TaskName2" type="java.lang.String"><![CDATA[IKM Oracle Insert]]></Field>
	<Field name="TaskName3" type="java.lang.String"><![CDATA[Load JOBS1]]></Field>
	<Field name="TaskType" type="java.lang.String"><![CDATA[J]]></Field>
</Object>
<Object class="com.sunopsis.dwg.dbobj.SnpScenStep">
		<Field name="BrpId" type="com.sunopsis.sql.DbInt"><![CDATA[null]]></Field>
	<Field name="CleanupOnError" type="java.lang.String">null</Field>
	<Field name="ContextCode" type="java.lang.String">null</Field>
	<Field name="FContextCode" type="java.lang.String">null</Field>
	<Field name="GenInfo" type="java.lang.String"><![CDATA[<map-generation-info>
   <node name="COUNTRIES1" type="IKM" km="IKM Oracle Insert.GLOBAL">
      <option name="CREATE_TARGET_TABLE" value="false" default="true"/>
      <option name="INSERT_HINT" value="APPEND PARALLEL" default="true"/>
      <option name="SELECT_HINT" value=" " default="true"/>
      <option name="CONSTRAINTS" value="None" default="true"/>
      <option name="TRUNCATE_TARGET_TABLE" value="true" default="false"/>
      <option name="DELETE_ALL" value="false" default="true"/>
      <option name="INDEXES" value="None" default="true"/>
   </node>
   <node name="COUNTRIES" type="XKM" km="XKM Oracle Extract.GLOBAL">
      <option name="CUSTOM_TEMPLATE" value=" " default="true"/>
      <option name="SELECT_HINT" value=" " default="true"/>
   </node>
   <node name="FILTER" type="XKM" km="XKM SQL Filter.GLOBAL"/>
   <target name="COUNTRIES" resource="COUNTRIES" model="SI_HR" logicalSchema="SI_HR" forcedContext=""/>
</map-generation-info>]]></Field>
	<Field name="GlobalId" type="java.lang.String"><![CDATA[0c47a947-24f2-4b2c-b173-4a04f7c69ac9]]></Field>
	<Field name="IndLogMethod" type="java.lang.String"><![CDATA[Y]]></Field>
	<Field name="ITxtVarValue" type="com.sunopsis.sql.DbInt"><![CDATA[null]]></Field>
	<Field name="JagentLschemaName" type="java.lang.String">null</Field>
	<Field name="KoExit" type="java.lang.String"><![CDATA[1]]></Field>
	<Field name="KoExitCode" type="java.lang.String">null</Field>
	<Field name="KoNextStep" type="com.sunopsis.sql.DbInt"><![CDATA[null]]></Field>
	<Field name="KoRetry" type="com.sunopsis.sql.DbInt"><![CDATA[null]]></Field>
	<Field name="KoRetryInterv" type="com.sunopsis.sql.DbInt"><![CDATA[null]]></Field>
	<Field name="LschemaName" type="java.lang.String"><![CDATA[SI_HR]]></Field>
	<Field name="MaxErr" type="com.sunopsis.sql.DbInt"><![CDATA[null]]></Field>
	<Field name="MaxErrPrct" type="java.lang.String">null</Field>
	<Field name="ModCode" type="java.lang.String"><![CDATA[SI_HR]]></Field>
	<Field name="Nno" type="com.sunopsis.sql.DbInt"><![CDATA[2]]></Field>
	<Field name="OkExit" type="java.lang.String"><![CDATA[0]]></Field>
	<Field name="OkExitCode" type="java.lang.String"><![CDATA[0]]></Field>
	<Field name="OkNextStep" type="com.sunopsis.sql.DbInt"><![CDATA[3]]></Field>
	<Field name="ResName" type="java.lang.String"><![CDATA[COUNTRIES]]></Field>
	<Field name="ScenNo" type="com.sunopsis.sql.DbInt"><![CDATA[4]]></Field>
	<Field name="StepName" type="java.lang.String"><![CDATA[LoadCountries]]></Field>
	<Field name="StepType" type="java.lang.String"><![CDATA[M]]></Field>
	<Field name="TableName" type="java.lang.String"><![CDATA[COUNTRIES]]></Field>
	<Field name="VarIncr" type="com.sunopsis.sql.DbInt"><![CDATA[null]]></Field>
	<Field name="VarLongValue" type="java.lang.String">null</Field>
	<Field name="VarName" type="java.lang.String">null</Field>
	<Field name="VarOp" type="java.lang.String">null</Field>
</Object>
<Object class="com.sunopsis.dwg.dbobj.SnpScenTask">
		<Field name="BrpId" type="com.sunopsis.sql.DbInt"><![CDATA[null]]></Field>
	<Field name="ColConnectId" type="java.lang.String">null</Field>
	<Field name="ColContextCode" type="java.lang.String">null</Field>
	<Field name="ColEncKey" type="java.lang.String">null</Field>
	<Field name="ColEncKeyVect" type="java.lang.String">null</Field>
	<Field name="ColIndCommit" type="java.lang.String">null</Field>
	<Field name="ColIndEnc" type="java.lang.String"><![CDATA[0]]></Field>
	<Field name="ColIsolLevel" type="java.lang.String">null</Field>
	<Field name="ColLschemaName" type="java.lang.String">null</Field>
	<Field name="ColTechIntName" type="java.lang.String">null</Field>
	<Field name="ColTxt" type="java.lang.String">null</Field>
	<Field name="DefConnectId" type="java.lang.String">null</Field>
	<Field name="DefContextCode" type="java.lang.String">null</Field>
	<Field name="DefEncKey" type="java.lang.String">null</Field>
	<Field name="DefEncKeyVect" type="java.lang.String">null</Field>
	<Field name="DefIndCommit" type="java.lang.String">null</Field>
	<Field name="DefIndEnc" type="java.lang.String"><![CDATA[0]]></Field>
	<Field name="DefIsolLevel" type="java.lang.String">null</Field>
	<Field name="DefLschemaName" type="java.lang.String">null</Field>
	<Field name="DefTechIntName" type="java.lang.String">null</Field>
	<Field name="DefTxt" type="java.lang.String">null</Field>
	<Field name="ExeChannel" type="java.lang.String">null</Field>
	<Field name="GlobalId" type="java.lang.String"><![CDATA[f6e8ad4b-f6ce-4e3f-9a32-5a07da9de4b5]]></Field>
	<Field name="IndErr" type="java.lang.String"><![CDATA[0]]></Field>
	<Field name="IndLogFinalCmd" type="java.lang.String"><![CDATA[0]]></Field>
	<Field name="IndLogMethod" type="java.lang.String">null</Field>
	<Field name="IndLogNb" type="java.lang.String">null</Field>
	<Field name="LogLevDet" type="java.lang.String"><![CDATA[5]]></Field>
	<Field name="MapTaskType" type="java.lang.String"><![CDATA[MB]]></Field>
	<Field name="Nno" type="com.sunopsis.sql.DbInt"><![CDATA[2]]></Field>
	<Field name="OrdTrt" type="com.sunopsis.sql.DbInt"><![CDATA[0]]></Field>
	<Field name="ParScenTaskNo" type="com.sunopsis.sql.DbInt"><![CDATA[null]]></Field>
	<Field name="ScenNo" type="com.sunopsis.sql.DbInt"><![CDATA[4]]></Field>
	<Field name="ScenTaskNo" type="com.sunopsis.sql.DbInt"><![CDATA[10]]></Field>
	<Field name="TaskName1" type="java.lang.String"><![CDATA[SERIAL]]></Field>
	<Field name="TaskName2" type="java.lang.String"><![CDATA[MAP_BEGIN]]></Field>
	<Field name="TaskName3" type="java.lang.String">null</Field>
	<Field name="TaskType" type="java.lang.String"><![CDATA[L]]></Field>
</Object>
<Object class="com.sunopsis.dwg.dbobj.SnpScenTask">
		<Field name="BrpId" type="com.sunopsis.sql.DbInt"><![CDATA[null]]></Field>
	<Field name="ColConnectId" type="java.lang.String">null</Field>
	<Field name="ColContextCode" type="java.lang.String">null</Field>
	<Field name="ColEncKey" type="java.lang.String">null</Field>
	<Field name="ColEncKeyVect" type="java.lang.String">null</Field>
	<Field name="ColIndCommit" type="java.lang.String">null</Field>
	<Field name="ColIndEnc" type="java.lang.String"><![CDATA[0]]></Field>
	<Field name="ColIsolLevel" type="java.lang.String">null</Field>
	<Field name="ColLschemaName" type="java.lang.String">null</Field>
	<Field name="ColTechIntName" type="java.lang.String">null</Field>
	<Field name="ColTxt" type="java.lang.String">null</Field>
	<Field name="DefConnectId" type="java.lang.String">null</Field>
	<Field name="DefContextCode" type="java.lang.String">null</Field>
	<Field name="DefEncKey" type="java.lang.String">null</Field>
	<Field name="DefEncKeyVect" type="java.lang.String">null</Field>
	<Field name="DefIndCommit" type="java.lang.String">null</Field>
	<Field name="DefIndEnc" type="java.lang.String"><![CDATA[0]]></Field>
	<Field name="DefIsolLevel" type="java.lang.String">null</Field>
	<Field name="DefLschemaName" type="java.lang.String">null</Field>
	<Field name="DefTechIntName" type="java.lang.String">null</Field>
	<Field name="DefTxt" type="java.lang.String">null</Field>
	<Field name="ExeChannel" type="java.lang.String">null</Field>
	<Field name="GlobalId" type="java.lang.String"><![CDATA[cb2fd5b8-ad2e-454f-88d0-58a0e84ca4ee]]></Field>
	<Field name="IndErr" type="java.lang.String"><![CDATA[0]]></Field>
	<Field name="IndLogFinalCmd" type="java.lang.String"><![CDATA[0]]></Field>
	<Field name="IndLogMethod" type="java.lang.String">null</Field>
	<Field name="IndLogNb" type="java.lang.String">null</Field>
	<Field name="LogLevDet" type="java.lang.String"><![CDATA[5]]></Field>
	<Field name="MapTaskType" type="java.lang.String"><![CDATA[MB]]></Field>
	<Field name="Nno" type="com.sunopsis.sql.DbInt"><![CDATA[2]]></Field>
	<Field name="OrdTrt" type="com.sunopsis.sql.DbInt"><![CDATA[0]]></Field>
	<Field name="ParScenTaskNo" type="com.sunopsis.sql.DbInt"><![CDATA[10]]></Field>
	<Field name="ScenNo" type="com.sunopsis.sql.DbInt"><![CDATA[4]]></Field>
	<Field name="ScenTaskNo" type="com.sunopsis.sql.DbInt"><![CDATA[20]]></Field>
	<Field name="TaskName1" type="java.lang.String"><![CDATA[SERIAL]]></Field>
	<Field name="TaskName2" type="java.lang.String"><![CDATA[EU]]></Field>
	<Field name="TaskName3" type="java.lang.String"><![CDATA[SI_HR_UNIT]]></Field>
	<Field name="TaskType" type="java.lang.String"><![CDATA[L]]></Field>
</Object>
<Object class="com.sunopsis.dwg.dbobj.SnpScenTask">
		<Field name="BrpId" type="com.sunopsis.sql.DbInt"><![CDATA[null]]></Field>
	<Field name="ColConnectId" type="java.lang.String">null</Field>
	<Field name="ColContextCode" type="java.lang.String">null</Field>
	<Field name="ColEncKey" type="java.lang.String">null</Field>
	<Field name="ColEncKeyVect" type="java.lang.String">null</Field>
	<Field name="ColIndCommit" type="java.lang.String">null</Field>
	<Field name="ColIndEnc" type="java.lang.String"><![CDATA[0]]></Field>
	<Field name="ColIsolLevel" type="java.lang.String"><![CDATA[D]]></Field>
	<Field name="ColLschemaName" type="java.lang.String"><![CDATA[SI_HR]]></Field>
	<Field name="ColTechIntName" type="java.lang.String">null</Field>
	<Field name="ColTxt" type="java.lang.String">null</Field>
	<Field name="DefConnectId" type="java.lang.String">null</Field>
	<Field name="DefContextCode" type="java.lang.String">null</Field>
	<Field name="DefEncKey" type="java.lang.String">null</Field>
	<Field name="DefEncKeyVect" type="java.lang.String">null</Field>
	<Field name="DefIndCommit" type="java.lang.String">null</Field>
	<Field name="DefIndEnc" type="java.lang.String"><![CDATA[0]]></Field>
	<Field name="DefIsolLevel" type="java.lang.String"><![CDATA[D]]></Field>
	<Field name="DefLschemaName" type="java.lang.String"><![CDATA[SI_HR]]></Field>
	<Field name="DefTechIntName" type="java.lang.String"><![CDATA[GENERIC_SQL]]></Field>
	<Field name="DefTxt" type="java.lang.String"><![CDATA[
truncate table <?= odiRef.getObjectName("L", "COUNTRIES", "SI_HR", "A") ?>
               ]]></Field>
	<Field name="ExeChannel" type="java.lang.String"><![CDATA[J]]></Field>
	<Field name="GlobalId" type="java.lang.String"><![CDATA[c28afb9e-7e3a-46f5-8f84-963d309a0391]]></Field>
	<Field name="IndErr" type="java.lang.String"><![CDATA[0]]></Field>
	<Field name="IndLogFinalCmd" type="java.lang.String"><![CDATA[0]]></Field>
	<Field name="IndLogMethod" type="java.lang.String">null</Field>
	<Field name="IndLogNb" type="java.lang.String">null</Field>
	<Field name="LogLevDet" type="java.lang.String"><![CDATA[5]]></Field>
	<Field name="MapTaskType" type="java.lang.String"><![CDATA[MB]]></Field>
	<Field name="Nno" type="com.sunopsis.sql.DbInt"><![CDATA[2]]></Field>
	<Field name="OrdTrt" type="com.sunopsis.sql.DbInt"><![CDATA[20]]></Field>
	<Field name="ParScenTaskNo" type="com.sunopsis.sql.DbInt"><![CDATA[20]]></Field>
	<Field name="ScenNo" type="com.sunopsis.sql.DbInt"><![CDATA[4]]></Field>
	<Field name="ScenTaskNo" type="com.sunopsis.sql.DbInt"><![CDATA[30]]></Field>
	<Field name="TaskName1" type="java.lang.String"><![CDATA[Truncate target table]]></Field>
	<Field name="TaskName2" type="java.lang.String"><![CDATA[IKM Oracle Insert]]></Field>
	<Field name="TaskName3" type="java.lang.String">null</Field>
	<Field name="TaskType" type="java.lang.String"><![CDATA[J]]></Field>
</Object>
<Object class="com.sunopsis.dwg.dbobj.SnpScenTask">
		<Field name="BrpId" type="com.sunopsis.sql.DbInt"><![CDATA[null]]></Field>
	<Field name="ColConnectId" type="java.lang.String">null</Field>
	<Field name="ColContextCode" type="java.lang.String">null</Field>
	<Field name="ColEncKey" type="java.lang.String">null</Field>
	<Field name="ColEncKeyVect" type="java.lang.String">null</Field>
	<Field name="ColIndCommit" type="java.lang.String">null</Field>
	<Field name="ColIndEnc" type="java.lang.String"><![CDATA[0]]></Field>
	<Field name="ColIsolLevel" type="java.lang.String">null</Field>
	<Field name="ColLschemaName" type="java.lang.String">null</Field>
	<Field name="ColTechIntName" type="java.lang.String">null</Field>
	<Field name="ColTxt" type="java.lang.String">null</Field>
	<Field name="DefConnectId" type="java.lang.String">null</Field>
	<Field name="DefContextCode" type="java.lang.String">null</Field>
	<Field name="DefEncKey" type="java.lang.String">null</Field>
	<Field name="DefEncKeyVect" type="java.lang.String">null</Field>
	<Field name="DefIndCommit" type="java.lang.String">null</Field>
	<Field name="DefIndEnc" type="java.lang.String"><![CDATA[0]]></Field>
	<Field name="DefIsolLevel" type="java.lang.String">null</Field>
	<Field name="DefLschemaName" type="java.lang.String">null</Field>
	<Field name="DefTechIntName" type="java.lang.String">null</Field>
	<Field name="DefTxt" type="java.lang.String">null</Field>
	<Field name="ExeChannel" type="java.lang.String">null</Field>
	<Field name="GlobalId" type="java.lang.String"><![CDATA[459edb09-faff-4b96-bab1-fe3483d8542b]]></Field>
	<Field name="IndErr" type="java.lang.String"><![CDATA[0]]></Field>
	<Field name="IndLogFinalCmd" type="java.lang.String"><![CDATA[0]]></Field>
	<Field name="IndLogMethod" type="java.lang.String">null</Field>
	<Field name="IndLogNb" type="java.lang.String">null</Field>
	<Field name="LogLevDet" type="java.lang.String"><![CDATA[5]]></Field>
	<Field name="MapTaskType" type="java.lang.String"><![CDATA[EB]]></Field>
	<Field name="Nno" type="com.sunopsis.sql.DbInt"><![CDATA[2]]></Field>
	<Field name="OrdTrt" type="com.sunopsis.sql.DbInt"><![CDATA[0]]></Field>
	<Field name="ParScenTaskNo" type="com.sunopsis.sql.DbInt"><![CDATA[null]]></Field>
	<Field name="ScenNo" type="com.sunopsis.sql.DbInt"><![CDATA[4]]></Field>
	<Field name="ScenTaskNo" type="com.sunopsis.sql.DbInt"><![CDATA[40]]></Field>
	<Field name="TaskName1" type="java.lang.String"><![CDATA[SERIAL]]></Field>
	<Field name="TaskName2" type="java.lang.String"><![CDATA[MAP_MAIN]]></Field>
	<Field name="TaskName3" type="java.lang.String">null</Field>
	<Field name="TaskType" type="java.lang.String"><![CDATA[L]]></Field>
</Object>
<Object class="com.sunopsis.dwg.dbobj.SnpScenTask">
		<Field name="BrpId" type="com.sunopsis.sql.DbInt"><![CDATA[null]]></Field>
	<Field name="ColConnectId" type="java.lang.String">null</Field>
	<Field name="ColContextCode" type="java.lang.String">null</Field>
	<Field name="ColEncKey" type="java.lang.String">null</Field>
	<Field name="ColEncKeyVect" type="java.lang.String">null</Field>
	<Field name="ColIndCommit" type="java.lang.String">null</Field>
	<Field name="ColIndEnc" type="java.lang.String"><![CDATA[0]]></Field>
	<Field name="ColIsolLevel" type="java.lang.String">null</Field>
	<Field name="ColLschemaName" type="java.lang.String">null</Field>
	<Field name="ColTechIntName" type="java.lang.String">null</Field>
	<Field name="ColTxt" type="java.lang.String">null</Field>
	<Field name="DefConnectId" type="java.lang.String">null</Field>
	<Field name="DefContextCode" type="java.lang.String">null</Field>
	<Field name="DefEncKey" type="java.lang.String">null</Field>
	<Field name="DefEncKeyVect" type="java.lang.String">null</Field>
	<Field name="DefIndCommit" type="java.lang.String">null</Field>
	<Field name="DefIndEnc" type="java.lang.String"><![CDATA[0]]></Field>
	<Field name="DefIsolLevel" type="java.lang.String">null</Field>
	<Field name="DefLschemaName" type="java.lang.String">null</Field>
	<Field name="DefTechIntName" type="java.lang.String">null</Field>
	<Field name="DefTxt" type="java.lang.String">null</Field>
	<Field name="ExeChannel" type="java.lang.String">null</Field>
	<Field name="GlobalId" type="java.lang.String"><![CDATA[3288196f-1718-4dac-b6c1-6d9af3064ec0]]></Field>
	<Field name="IndErr" type="java.lang.String"><![CDATA[0]]></Field>
	<Field name="IndLogFinalCmd" type="java.lang.String"><![CDATA[0]]></Field>
	<Field name="IndLogMethod" type="java.lang.String">null</Field>
	<Field name="IndLogNb" type="java.lang.String">null</Field>
	<Field name="LogLevDet" type="java.lang.String"><![CDATA[5]]></Field>
	<Field name="MapTaskType" type="java.lang.String"><![CDATA[EB]]></Field>
	<Field name="Nno" type="com.sunopsis.sql.DbInt"><![CDATA[2]]></Field>
	<Field name="OrdTrt" type="com.sunopsis.sql.DbInt"><![CDATA[0]]></Field>
	<Field name="ParScenTaskNo" type="com.sunopsis.sql.DbInt"><![CDATA[40]]></Field>
	<Field name="ScenNo" type="com.sunopsis.sql.DbInt"><![CDATA[4]]></Field>
	<Field name="ScenTaskNo" type="com.sunopsis.sql.DbInt"><![CDATA[50]]></Field>
	<Field name="TaskName1" type="java.lang.String"><![CDATA[SERIAL]]></Field>
	<Field name="TaskName2" type="java.lang.String"><![CDATA[EU]]></Field>
	<Field name="TaskName3" type="java.lang.String"><![CDATA[SI_HR_UNIT]]></Field>
	<Field name="TaskType" type="java.lang.String"><![CDATA[L]]></Field>
</Object>
<Object class="com.sunopsis.dwg.dbobj.SnpScenTask">
		<Field name="BrpId" type="com.sunopsis.sql.DbInt"><![CDATA[null]]></Field>
	<Field name="ColConnectId" type="java.lang.String">null</Field>
	<Field name="ColContextCode" type="java.lang.String">null</Field>
	<Field name="ColEncKey" type="java.lang.String">null</Field>
	<Field name="ColEncKeyVect" type="java.lang.String">null</Field>
	<Field name="ColIndCommit" type="java.lang.String">null</Field>
	<Field name="ColIndEnc" type="java.lang.String"><![CDATA[0]]></Field>
	<Field name="ColIsolLevel" type="java.lang.String"><![CDATA[D]]></Field>
	<Field name="ColLschemaName" type="java.lang.String"><![CDATA[SI_HR]]></Field>
	<Field name="ColTechIntName" type="java.lang.String">null</Field>
	<Field name="ColTxt" type="java.lang.String">null</Field>
	<Field name="DefConnectId" type="java.lang.String">null</Field>
	<Field name="DefContextCode" type="java.lang.String">null</Field>
	<Field name="DefEncKey" type="java.lang.String">null</Field>
	<Field name="DefEncKeyVect" type="java.lang.String">null</Field>
	<Field name="DefIndCommit" type="java.lang.String">null</Field>
	<Field name="DefIndEnc" type="java.lang.String"><![CDATA[0]]></Field>
	<Field name="DefIsolLevel" type="java.lang.String"><![CDATA[D]]></Field>
	<Field name="DefLschemaName" type="java.lang.String"><![CDATA[SI_HR]]></Field>
	<Field name="DefTechIntName" type="java.lang.String"><![CDATA[ORACLE]]></Field>
	<Field name="DefTxt" type="java.lang.String"><![CDATA[
INSERT 
  /*+  APPEND PARALLEL  */ 
  INTO <?= odiRef.getObjectName("L", "COUNTRIES", "SI_HR", "D") ?>
  (
    COUNTRY_ID ,
    COUNTRY_NAME ,
    REGION_ID 
  ) 
SELECT 
  COUNTRIES.COUNTRY_ID ,
  COUNTRIES.COUNTRY_NAME ,
  COUNTRIES.REGION_ID  
FROM 
  <?= odiRef.getObjectName("L", "COUNTRIES", "HR", "D") ?> COUNTRIES  
WHERE
  (1=2
/* Change implemented on VM Dev 2 */
)  ]]></Field>
	<Field name="ExeChannel" type="java.lang.String"><![CDATA[J]]></Field>
	<Field name="GlobalId" type="java.lang.String"><![CDATA[c071baff-9e77-4889-ae65-8bd2e5ee4945]]></Field>
	<Field name="IndErr" type="java.lang.String"><![CDATA[0]]></Field>
	<Field name="IndLogFinalCmd" type="java.lang.String"><![CDATA[0]]></Field>
	<Field name="IndLogMethod" type="java.lang.String">null</Field>
	<Field name="IndLogNb" type="java.lang.String"><![CDATA[I]]></Field>
	<Field name="LogLevDet" type="java.lang.String"><![CDATA[5]]></Field>
	<Field name="MapTaskType" type="java.lang.String"><![CDATA[EM]]></Field>
	<Field name="Nno" type="com.sunopsis.sql.DbInt"><![CDATA[2]]></Field>
	<Field name="OrdTrt" type="com.sunopsis.sql.DbInt"><![CDATA[10]]></Field>
	<Field name="ParScenTaskNo" type="com.sunopsis.sql.DbInt"><![CDATA[50]]></Field>
	<Field name="ScenNo" type="com.sunopsis.sql.DbInt"><![CDATA[4]]></Field>
	<Field name="ScenTaskNo" type="com.sunopsis.sql.DbInt"><![CDATA[60]]></Field>
	<Field name="TaskName1" type="java.lang.String"><![CDATA[Insert new rows]]></Field>
	<Field name="TaskName2" type="java.lang.String"><![CDATA[IKM Oracle Insert]]></Field>
	<Field name="TaskName3" type="java.lang.String"><![CDATA[Load COUNTRIES1]]></Field>
	<Field name="TaskType" type="java.lang.String"><![CDATA[J]]></Field>
</Object>
<Object class="com.sunopsis.dwg.dbobj.SnpScenStep">
		<Field name="BrpId" type="com.sunopsis.sql.DbInt"><![CDATA[null]]></Field>
	<Field name="CleanupOnError" type="java.lang.String">null</Field>
	<Field name="ContextCode" type="java.lang.String">null</Field>
	<Field name="FContextCode" type="java.lang.String">null</Field>
	<Field name="GenInfo" type="java.lang.String"><![CDATA[<map-generation-info>
   <node name="LOCATIONS1" type="IKM" km="IKM Oracle Insert.GLOBAL">
      <option name="CREATE_TARGET_TABLE" value="false" default="true"/>
      <option name="INSERT_HINT" value="APPEND PARALLEL" default="true"/>
      <option name="SELECT_HINT" value=" " default="true"/>
      <option name="CONSTRAINTS" value="None" default="true"/>
      <option name="TRUNCATE_TARGET_TABLE" value="true" default="false"/>
      <option name="DELETE_ALL" value="false" default="true"/>
      <option name="INDEXES" value="None" default="true"/>
   </node>
   <node name="FILTER" type="XKM" km="XKM SQL Filter.GLOBAL"/>
   <node name="LOCATIONS" type="XKM" km="XKM Oracle Extract.GLOBAL">
      <option name="CUSTOM_TEMPLATE" value=" " default="true"/>
      <option name="SELECT_HINT" value=" " default="true"/>
   </node>
   <target name="LOCATIONS" resource="LOCATIONS" model="SI_HR" logicalSchema="SI_HR" forcedContext=""/>
</map-generation-info>]]></Field>
	<Field name="GlobalId" type="java.lang.String"><![CDATA[45ba4754-468e-46ac-961b-05f21837493c]]></Field>
	<Field name="IndLogMethod" type="java.lang.String"><![CDATA[Y]]></Field>
	<Field name="ITxtVarValue" type="com.sunopsis.sql.DbInt"><![CDATA[null]]></Field>
	<Field name="JagentLschemaName" type="java.lang.String">null</Field>
	<Field name="KoExit" type="java.lang.String"><![CDATA[1]]></Field>
	<Field name="KoExitCode" type="java.lang.String">null</Field>
	<Field name="KoNextStep" type="com.sunopsis.sql.DbInt"><![CDATA[null]]></Field>
	<Field name="KoRetry" type="com.sunopsis.sql.DbInt"><![CDATA[null]]></Field>
	<Field name="KoRetryInterv" type="com.sunopsis.sql.DbInt"><![CDATA[null]]></Field>
	<Field name="LschemaName" type="java.lang.String"><![CDATA[SI_HR]]></Field>
	<Field name="MaxErr" type="com.sunopsis.sql.DbInt"><![CDATA[null]]></Field>
	<Field name="MaxErrPrct" type="java.lang.String">null</Field>
	<Field name="ModCode" type="java.lang.String"><![CDATA[SI_HR]]></Field>
	<Field name="Nno" type="com.sunopsis.sql.DbInt"><![CDATA[3]]></Field>
	<Field name="OkExit" type="java.lang.String"><![CDATA[0]]></Field>
	<Field name="OkExitCode" type="java.lang.String"><![CDATA[0]]></Field>
	<Field name="OkNextStep" type="com.sunopsis.sql.DbInt"><![CDATA[4]]></Field>
	<Field name="ResName" type="java.lang.String"><![CDATA[LOCATIONS]]></Field>
	<Field name="ScenNo" type="com.sunopsis.sql.DbInt"><![CDATA[4]]></Field>
	<Field name="StepName" type="java.lang.String"><![CDATA[LoadLocations]]></Field>
	<Field name="StepType" type="java.lang.String"><![CDATA[M]]></Field>
	<Field name="TableName" type="java.lang.String"><![CDATA[LOCATIONS]]></Field>
	<Field name="VarIncr" type="com.sunopsis.sql.DbInt"><![CDATA[null]]></Field>
	<Field name="VarLongValue" type="java.lang.String">null</Field>
	<Field name="VarName" type="java.lang.String">null</Field>
	<Field name="VarOp" type="java.lang.String">null</Field>
</Object>
<Object class="com.sunopsis.dwg.dbobj.SnpScenTask">
		<Field name="BrpId" type="com.sunopsis.sql.DbInt"><![CDATA[null]]></Field>
	<Field name="ColConnectId" type="java.lang.String">null</Field>
	<Field name="ColContextCode" type="java.lang.String">null</Field>
	<Field name="ColEncKey" type="java.lang.String">null</Field>
	<Field name="ColEncKeyVect" type="java.lang.String">null</Field>
	<Field name="ColIndCommit" type="java.lang.String">null</Field>
	<Field name="ColIndEnc" type="java.lang.String"><![CDATA[0]]></Field>
	<Field name="ColIsolLevel" type="java.lang.String">null</Field>
	<Field name="ColLschemaName" type="java.lang.String">null</Field>
	<Field name="ColTechIntName" type="java.lang.String">null</Field>
	<Field name="ColTxt" type="java.lang.String">null</Field>
	<Field name="DefConnectId" type="java.lang.String">null</Field>
	<Field name="DefContextCode" type="java.lang.String">null</Field>
	<Field name="DefEncKey" type="java.lang.String">null</Field>
	<Field name="DefEncKeyVect" type="java.lang.String">null</Field>
	<Field name="DefIndCommit" type="java.lang.String">null</Field>
	<Field name="DefIndEnc" type="java.lang.String"><![CDATA[0]]></Field>
	<Field name="DefIsolLevel" type="java.lang.String">null</Field>
	<Field name="DefLschemaName" type="java.lang.String">null</Field>
	<Field name="DefTechIntName" type="java.lang.String">null</Field>
	<Field name="DefTxt" type="java.lang.String">null</Field>
	<Field name="ExeChannel" type="java.lang.String">null</Field>
	<Field name="GlobalId" type="java.lang.String"><![CDATA[fa373203-c5d8-4a60-94dc-50627f3f87cb]]></Field>
	<Field name="IndErr" type="java.lang.String"><![CDATA[0]]></Field>
	<Field name="IndLogFinalCmd" type="java.lang.String"><![CDATA[0]]></Field>
	<Field name="IndLogMethod" type="java.lang.String">null</Field>
	<Field name="IndLogNb" type="java.lang.String">null</Field>
	<Field name="LogLevDet" type="java.lang.String"><![CDATA[5]]></Field>
	<Field name="MapTaskType" type="java.lang.String"><![CDATA[MB]]></Field>
	<Field name="Nno" type="com.sunopsis.sql.DbInt"><![CDATA[3]]></Field>
	<Field name="OrdTrt" type="com.sunopsis.sql.DbInt"><![CDATA[0]]></Field>
	<Field name="ParScenTaskNo" type="com.sunopsis.sql.DbInt"><![CDATA[null]]></Field>
	<Field name="ScenNo" type="com.sunopsis.sql.DbInt"><![CDATA[4]]></Field>
	<Field name="ScenTaskNo" type="com.sunopsis.sql.DbInt"><![CDATA[10]]></Field>
	<Field name="TaskName1" type="java.lang.String"><![CDATA[SERIAL]]></Field>
	<Field name="TaskName2" type="java.lang.String"><![CDATA[MAP_BEGIN]]></Field>
	<Field name="TaskName3" type="java.lang.String">null</Field>
	<Field name="TaskType" type="java.lang.String"><![CDATA[L]]></Field>
</Object>
<Object class="com.sunopsis.dwg.dbobj.SnpScenTask">
		<Field name="BrpId" type="com.sunopsis.sql.DbInt"><![CDATA[null]]></Field>
	<Field name="ColConnectId" type="java.lang.String">null</Field>
	<Field name="ColContextCode" type="java.lang.String">null</Field>
	<Field name="ColEncKey" type="java.lang.String">null</Field>
	<Field name="ColEncKeyVect" type="java.lang.String">null</Field>
	<Field name="ColIndCommit" type="java.lang.String">null</Field>
	<Field name="ColIndEnc" type="java.lang.String"><![CDATA[0]]></Field>
	<Field name="ColIsolLevel" type="java.lang.String">null</Field>
	<Field name="ColLschemaName" type="java.lang.String">null</Field>
	<Field name="ColTechIntName" type="java.lang.String">null</Field>
	<Field name="ColTxt" type="java.lang.String">null</Field>
	<Field name="DefConnectId" type="java.lang.String">null</Field>
	<Field name="DefContextCode" type="java.lang.String">null</Field>
	<Field name="DefEncKey" type="java.lang.String">null</Field>
	<Field name="DefEncKeyVect" type="java.lang.String">null</Field>
	<Field name="DefIndCommit" type="java.lang.String">null</Field>
	<Field name="DefIndEnc" type="java.lang.String"><![CDATA[0]]></Field>
	<Field name="DefIsolLevel" type="java.lang.String">null</Field>
	<Field name="DefLschemaName" type="java.lang.String">null</Field>
	<Field name="DefTechIntName" type="java.lang.String">null</Field>
	<Field name="DefTxt" type="java.lang.String">null</Field>
	<Field name="ExeChannel" type="java.lang.String">null</Field>
	<Field name="GlobalId" type="java.lang.String"><![CDATA[b17195e3-1ac6-46e6-9860-9aa90eae773e]]></Field>
	<Field name="IndErr" type="java.lang.String"><![CDATA[0]]></Field>
	<Field name="IndLogFinalCmd" type="java.lang.String"><![CDATA[0]]></Field>
	<Field name="IndLogMethod" type="java.lang.String">null</Field>
	<Field name="IndLogNb" type="java.lang.String">null</Field>
	<Field name="LogLevDet" type="java.lang.String"><![CDATA[5]]></Field>
	<Field name="MapTaskType" type="java.lang.String"><![CDATA[MB]]></Field>
	<Field name="Nno" type="com.sunopsis.sql.DbInt"><![CDATA[3]]></Field>
	<Field name="OrdTrt" type="com.sunopsis.sql.DbInt"><![CDATA[0]]></Field>
	<Field name="ParScenTaskNo" type="com.sunopsis.sql.DbInt"><![CDATA[10]]></Field>
	<Field name="ScenNo" type="com.sunopsis.sql.DbInt"><![CDATA[4]]></Field>
	<Field name="ScenTaskNo" type="com.sunopsis.sql.DbInt"><![CDATA[20]]></Field>
	<Field name="TaskName1" type="java.lang.String"><![CDATA[SERIAL]]></Field>
	<Field name="TaskName2" type="java.lang.String"><![CDATA[EU]]></Field>
	<Field name="TaskName3" type="java.lang.String"><![CDATA[SI_HR_UNIT]]></Field>
	<Field name="TaskType" type="java.lang.String"><![CDATA[L]]></Field>
</Object>
<Object class="com.sunopsis.dwg.dbobj.SnpScenTask">
		<Field name="BrpId" type="com.sunopsis.sql.DbInt"><![CDATA[null]]></Field>
	<Field name="ColConnectId" type="java.lang.String">null</Field>
	<Field name="ColContextCode" type="java.lang.String">null</Field>
	<Field name="ColEncKey" type="java.lang.String">null</Field>
	<Field name="ColEncKeyVect" type="java.lang.String">null</Field>
	<Field name="ColIndCommit" type="java.lang.String">null</Field>
	<Field name="ColIndEnc" type="java.lang.String"><![CDATA[0]]></Field>
	<Field name="ColIsolLevel" type="java.lang.String"><![CDATA[D]]></Field>
	<Field name="ColLschemaName" type="java.lang.String"><![CDATA[SI_HR]]></Field>
	<Field name="ColTechIntName" type="java.lang.String">null</Field>
	<Field name="ColTxt" type="java.lang.String">null</Field>
	<Field name="DefConnectId" type="java.lang.String">null</Field>
	<Field name="DefContextCode" type="java.lang.String">null</Field>
	<Field name="DefEncKey" type="java.lang.String">null</Field>
	<Field name="DefEncKeyVect" type="java.lang.String">null</Field>
	<Field name="DefIndCommit" type="java.lang.String">null</Field>
	<Field name="DefIndEnc" type="java.lang.String"><![CDATA[0]]></Field>
	<Field name="DefIsolLevel" type="java.lang.String"><![CDATA[D]]></Field>
	<Field name="DefLschemaName" type="java.lang.String"><![CDATA[SI_HR]]></Field>
	<Field name="DefTechIntName" type="java.lang.String"><![CDATA[GENERIC_SQL]]></Field>
	<Field name="DefTxt" type="java.lang.String"><![CDATA[
truncate table <?= odiRef.getObjectName("L", "LOCATIONS", "SI_HR", "A") ?>
               ]]></Field>
	<Field name="ExeChannel" type="java.lang.String"><![CDATA[J]]></Field>
	<Field name="GlobalId" type="java.lang.String"><![CDATA[2b292c0b-a53b-4c60-800c-2f5d56089fd3]]></Field>
	<Field name="IndErr" type="java.lang.String"><![CDATA[0]]></Field>
	<Field name="IndLogFinalCmd" type="java.lang.String"><![CDATA[0]]></Field>
	<Field name="IndLogMethod" type="java.lang.String">null</Field>
	<Field name="IndLogNb" type="java.lang.String">null</Field>
	<Field name="LogLevDet" type="java.lang.String"><![CDATA[5]]></Field>
	<Field name="MapTaskType" type="java.lang.String"><![CDATA[MB]]></Field>
	<Field name="Nno" type="com.sunopsis.sql.DbInt"><![CDATA[3]]></Field>
	<Field name="OrdTrt" type="com.sunopsis.sql.DbInt"><![CDATA[20]]></Field>
	<Field name="ParScenTaskNo" type="com.sunopsis.sql.DbInt"><![CDATA[20]]></Field>
	<Field name="ScenNo" type="com.sunopsis.sql.DbInt"><![CDATA[4]]></Field>
	<Field name="ScenTaskNo" type="com.sunopsis.sql.DbInt"><![CDATA[30]]></Field>
	<Field name="TaskName1" type="java.lang.String"><![CDATA[Truncate target table]]></Field>
	<Field name="TaskName2" type="java.lang.String"><![CDATA[IKM Oracle Insert]]></Field>
	<Field name="TaskName3" type="java.lang.String">null</Field>
	<Field name="TaskType" type="java.lang.String"><![CDATA[J]]></Field>
</Object>
<Object class="com.sunopsis.dwg.dbobj.SnpScenTask">
		<Field name="BrpId" type="com.sunopsis.sql.DbInt"><![CDATA[null]]></Field>
	<Field name="ColConnectId" type="java.lang.String">null</Field>
	<Field name="ColContextCode" type="java.lang.String">null</Field>
	<Field name="ColEncKey" type="java.lang.String">null</Field>
	<Field name="ColEncKeyVect" type="java.lang.String">null</Field>
	<Field name="ColIndCommit" type="java.lang.String">null</Field>
	<Field name="ColIndEnc" type="java.lang.String"><![CDATA[0]]></Field>
	<Field name="ColIsolLevel" type="java.lang.String">null</Field>
	<Field name="ColLschemaName" type="java.lang.String">null</Field>
	<Field name="ColTechIntName" type="java.lang.String">null</Field>
	<Field name="ColTxt" type="java.lang.String">null</Field>
	<Field name="DefConnectId" type="java.lang.String">null</Field>
	<Field name="DefContextCode" type="java.lang.String">null</Field>
	<Field name="DefEncKey" type="java.lang.String">null</Field>
	<Field name="DefEncKeyVect" type="java.lang.String">null</Field>
	<Field name="DefIndCommit" type="java.lang.String">null</Field>
	<Field name="DefIndEnc" type="java.lang.String"><![CDATA[0]]></Field>
	<Field name="DefIsolLevel" type="java.lang.String">null</Field>
	<Field name="DefLschemaName" type="java.lang.String">null</Field>
	<Field name="DefTechIntName" type="java.lang.String">null</Field>
	<Field name="DefTxt" type="java.lang.String">null</Field>
	<Field name="ExeChannel" type="java.lang.String">null</Field>
	<Field name="GlobalId" type="java.lang.String"><![CDATA[1dbadbe1-df51-472b-864f-31f4f29b835b]]></Field>
	<Field name="IndErr" type="java.lang.String"><![CDATA[0]]></Field>
	<Field name="IndLogFinalCmd" type="java.lang.String"><![CDATA[0]]></Field>
	<Field name="IndLogMethod" type="java.lang.String">null</Field>
	<Field name="IndLogNb" type="java.lang.String">null</Field>
	<Field name="LogLevDet" type="java.lang.String"><![CDATA[5]]></Field>
	<Field name="MapTaskType" type="java.lang.String"><![CDATA[EB]]></Field>
	<Field name="Nno" type="com.sunopsis.sql.DbInt"><![CDATA[3]]></Field>
	<Field name="OrdTrt" type="com.sunopsis.sql.DbInt"><![CDATA[0]]></Field>
	<Field name="ParScenTaskNo" type="com.sunopsis.sql.DbInt"><![CDATA[null]]></Field>
	<Field name="ScenNo" type="com.sunopsis.sql.DbInt"><![CDATA[4]]></Field>
	<Field name="ScenTaskNo" type="com.sunopsis.sql.DbInt"><![CDATA[40]]></Field>
	<Field name="TaskName1" type="java.lang.String"><![CDATA[SERIAL]]></Field>
	<Field name="TaskName2" type="java.lang.String"><![CDATA[MAP_MAIN]]></Field>
	<Field name="TaskName3" type="java.lang.String">null</Field>
	<Field name="TaskType" type="java.lang.String"><![CDATA[L]]></Field>
</Object>
<Object class="com.sunopsis.dwg.dbobj.SnpScenTask">
		<Field name="BrpId" type="com.sunopsis.sql.DbInt"><![CDATA[null]]></Field>
	<Field name="ColConnectId" type="java.lang.String">null</Field>
	<Field name="ColContextCode" type="java.lang.String">null</Field>
	<Field name="ColEncKey" type="java.lang.String">null</Field>
	<Field name="ColEncKeyVect" type="java.lang.String">null</Field>
	<Field name="ColIndCommit" type="java.lang.String">null</Field>
	<Field name="ColIndEnc" type="java.lang.String"><![CDATA[0]]></Field>
	<Field name="ColIsolLevel" type="java.lang.String">null</Field>
	<Field name="ColLschemaName" type="java.lang.String">null</Field>
	<Field name="ColTechIntName" type="java.lang.String">null</Field>
	<Field name="ColTxt" type="java.lang.String">null</Field>
	<Field name="DefConnectId" type="java.lang.String">null</Field>
	<Field name="DefContextCode" type="java.lang.String">null</Field>
	<Field name="DefEncKey" type="java.lang.String">null</Field>
	<Field name="DefEncKeyVect" type="java.lang.String">null</Field>
	<Field name="DefIndCommit" type="java.lang.String">null</Field>
	<Field name="DefIndEnc" type="java.lang.String"><![CDATA[0]]></Field>
	<Field name="DefIsolLevel" type="java.lang.String">null</Field>
	<Field name="DefLschemaName" type="java.lang.String">null</Field>
	<Field name="DefTechIntName" type="java.lang.String">null</Field>
	<Field name="DefTxt" type="java.lang.String">null</Field>
	<Field name="ExeChannel" type="java.lang.String">null</Field>
	<Field name="GlobalId" type="java.lang.String"><![CDATA[0c8c8226-3943-49d8-8073-873f84add114]]></Field>
	<Field name="IndErr" type="java.lang.String"><![CDATA[0]]></Field>
	<Field name="IndLogFinalCmd" type="java.lang.String"><![CDATA[0]]></Field>
	<Field name="IndLogMethod" type="java.lang.String">null</Field>
	<Field name="IndLogNb" type="java.lang.String">null</Field>
	<Field name="LogLevDet" type="java.lang.String"><![CDATA[5]]></Field>
	<Field name="MapTaskType" type="java.lang.String"><![CDATA[EB]]></Field>
	<Field name="Nno" type="com.sunopsis.sql.DbInt"><![CDATA[3]]></Field>
	<Field name="OrdTrt" type="com.sunopsis.sql.DbInt"><![CDATA[0]]></Field>
	<Field name="ParScenTaskNo" type="com.sunopsis.sql.DbInt"><![CDATA[40]]></Field>
	<Field name="ScenNo" type="com.sunopsis.sql.DbInt"><![CDATA[4]]></Field>
	<Field name="ScenTaskNo" type="com.sunopsis.sql.DbInt"><![CDATA[50]]></Field>
	<Field name="TaskName1" type="java.lang.String"><![CDATA[SERIAL]]></Field>
	<Field name="TaskName2" type="java.lang.String"><![CDATA[EU]]></Field>
	<Field name="TaskName3" type="java.lang.String"><![CDATA[SI_HR_UNIT]]></Field>
	<Field name="TaskType" type="java.lang.String"><![CDATA[L]]></Field>
</Object>
<Object class="com.sunopsis.dwg.dbobj.SnpScenTask">
		<Field name="BrpId" type="com.sunopsis.sql.DbInt"><![CDATA[null]]></Field>
	<Field name="ColConnectId" type="java.lang.String">null</Field>
	<Field name="ColContextCode" type="java.lang.String">null</Field>
	<Field name="ColEncKey" type="java.lang.String">null</Field>
	<Field name="ColEncKeyVect" type="java.lang.String">null</Field>
	<Field name="ColIndCommit" type="java.lang.String">null</Field>
	<Field name="ColIndEnc" type="java.lang.String"><![CDATA[0]]></Field>
	<Field name="ColIsolLevel" type="java.lang.String"><![CDATA[D]]></Field>
	<Field name="ColLschemaName" type="java.lang.String"><![CDATA[SI_HR]]></Field>
	<Field name="ColTechIntName" type="java.lang.String">null</Field>
	<Field name="ColTxt" type="java.lang.String">null</Field>
	<Field name="DefConnectId" type="java.lang.String">null</Field>
	<Field name="DefContextCode" type="java.lang.String">null</Field>
	<Field name="DefEncKey" type="java.lang.String">null</Field>
	<Field name="DefEncKeyVect" type="java.lang.String">null</Field>
	<Field name="DefIndCommit" type="java.lang.String">null</Field>
	<Field name="DefIndEnc" type="java.lang.String"><![CDATA[0]]></Field>
	<Field name="DefIsolLevel" type="java.lang.String"><![CDATA[D]]></Field>
	<Field name="DefLschemaName" type="java.lang.String"><![CDATA[SI_HR]]></Field>
	<Field name="DefTechIntName" type="java.lang.String"><![CDATA[ORACLE]]></Field>
	<Field name="DefTxt" type="java.lang.String"><![CDATA[
INSERT 
  /*+  APPEND PARALLEL  */ 
  INTO <?= odiRef.getObjectName("L", "LOCATIONS", "SI_HR", "D") ?>
  (
    LOCATION_ID ,
    STREET_ADDRESS ,
    POSTAL_CODE ,
    CITY ,
    STATE_PROVINCE ,
    COUNTRY_ID 
  ) 
SELECT 
  LOCATIONS.LOCATION_ID ,
  LOCATIONS.STREET_ADDRESS ,
  LOCATIONS.POSTAL_CODE ,
  LOCATIONS.CITY ,
  LOCATIONS.STATE_PROVINCE ,
  LOCATIONS.COUNTRY_ID  
FROM 
  <?= odiRef.getObjectName("L", "LOCATIONS", "HR", "D") ?> LOCATIONS  
WHERE
  (1=2
/*Simulated BugFix 2.0*/
)  ]]></Field>
	<Field name="ExeChannel" type="java.lang.String"><![CDATA[J]]></Field>
	<Field name="GlobalId" type="java.lang.String"><![CDATA[011ef8fa-245b-43a3-bf01-f5fb0ebb45d1]]></Field>
	<Field name="IndErr" type="java.lang.String"><![CDATA[0]]></Field>
	<Field name="IndLogFinalCmd" type="java.lang.String"><![CDATA[0]]></Field>
	<Field name="IndLogMethod" type="java.lang.String">null</Field>
	<Field name="IndLogNb" type="java.lang.String"><![CDATA[I]]></Field>
	<Field name="LogLevDet" type="java.lang.String"><![CDATA[5]]></Field>
	<Field name="MapTaskType" type="java.lang.String"><![CDATA[EM]]></Field>
	<Field name="Nno" type="com.sunopsis.sql.DbInt"><![CDATA[3]]></Field>
	<Field name="OrdTrt" type="com.sunopsis.sql.DbInt"><![CDATA[10]]></Field>
	<Field name="ParScenTaskNo" type="com.sunopsis.sql.DbInt"><![CDATA[50]]></Field>
	<Field name="ScenNo" type="com.sunopsis.sql.DbInt"><![CDATA[4]]></Field>
	<Field name="ScenTaskNo" type="com.sunopsis.sql.DbInt"><![CDATA[60]]></Field>
	<Field name="TaskName1" type="java.lang.String"><![CDATA[Insert new rows]]></Field>
	<Field name="TaskName2" type="java.lang.String"><![CDATA[IKM Oracle Insert]]></Field>
	<Field name="TaskName3" type="java.lang.String"><![CDATA[Load LOCATIONS1]]></Field>
	<Field name="TaskType" type="java.lang.String"><![CDATA[J]]></Field>
</Object>
<Object class="com.sunopsis.dwg.dbobj.SnpScenStep">
		<Field name="BrpId" type="com.sunopsis.sql.DbInt"><![CDATA[null]]></Field>
	<Field name="CleanupOnError" type="java.lang.String">null</Field>
	<Field name="ContextCode" type="java.lang.String">null</Field>
	<Field name="FContextCode" type="java.lang.String">null</Field>
	<Field name="GenInfo" type="java.lang.String"><![CDATA[<map-generation-info>
   <node name="DEPARTMENTS1" type="IKM" km="IKM Oracle Insert.GLOBAL">
      <option name="CREATE_TARGET_TABLE" value="false" default="true"/>
      <option name="INSERT_HINT" value="APPEND PARALLEL" default="true"/>
      <option name="SELECT_HINT" value=" " default="true"/>
      <option name="CONSTRAINTS" value="None" default="true"/>
      <option name="TRUNCATE_TARGET_TABLE" value="false" default="true"/>
      <option name="DELETE_ALL" value="false" default="true"/>
      <option name="INDEXES" value="None" default="true"/>
   </node>
   <node name="DEPARTMENTS" type="XKM" km="XKM Oracle Extract.GLOBAL">
      <option name="CUSTOM_TEMPLATE" value=" " default="true"/>
      <option name="SELECT_HINT" value=" " default="true"/>
   </node>
   <node name="FILTER" type="XKM" km="XKM SQL Filter.GLOBAL"/>
   <target name="DEPARTMENTS" resource="DEPARTMENTS" model="SI_HR" logicalSchema="SI_HR" forcedContext=""/>
</map-generation-info>]]></Field>
	<Field name="GlobalId" type="java.lang.String"><![CDATA[68e236d1-8918-4ed8-b627-ac478a2423e5]]></Field>
	<Field name="IndLogMethod" type="java.lang.String"><![CDATA[Y]]></Field>
	<Field name="ITxtVarValue" type="com.sunopsis.sql.DbInt"><![CDATA[null]]></Field>
	<Field name="JagentLschemaName" type="java.lang.String">null</Field>
	<Field name="KoExit" type="java.lang.String"><![CDATA[1]]></Field>
	<Field name="KoExitCode" type="java.lang.String">null</Field>
	<Field name="KoNextStep" type="com.sunopsis.sql.DbInt"><![CDATA[null]]></Field>
	<Field name="KoRetry" type="com.sunopsis.sql.DbInt"><![CDATA[null]]></Field>
	<Field name="KoRetryInterv" type="com.sunopsis.sql.DbInt"><![CDATA[null]]></Field>
	<Field name="LschemaName" type="java.lang.String"><![CDATA[SI_HR]]></Field>
	<Field name="MaxErr" type="com.sunopsis.sql.DbInt"><![CDATA[null]]></Field>
	<Field name="MaxErrPrct" type="java.lang.String">null</Field>
	<Field name="ModCode" type="java.lang.String"><![CDATA[SI_HR]]></Field>
	<Field name="Nno" type="com.sunopsis.sql.DbInt"><![CDATA[4]]></Field>
	<Field name="OkExit" type="java.lang.String"><![CDATA[0]]></Field>
	<Field name="OkExitCode" type="java.lang.String"><![CDATA[0]]></Field>
	<Field name="OkNextStep" type="com.sunopsis.sql.DbInt"><![CDATA[5]]></Field>
	<Field name="ResName" type="java.lang.String"><![CDATA[DEPARTMENTS]]></Field>
	<Field name="ScenNo" type="com.sunopsis.sql.DbInt"><![CDATA[4]]></Field>
	<Field name="StepName" type="java.lang.String"><![CDATA[LoadDepartments]]></Field>
	<Field name="StepType" type="java.lang.String"><![CDATA[M]]></Field>
	<Field name="TableName" type="java.lang.String"><![CDATA[DEPARTMENTS]]></Field>
	<Field name="VarIncr" type="com.sunopsis.sql.DbInt"><![CDATA[null]]></Field>
	<Field name="VarLongValue" type="java.lang.String">null</Field>
	<Field name="VarName" type="java.lang.String">null</Field>
	<Field name="VarOp" type="java.lang.String">null</Field>
</Object>
<Object class="com.sunopsis.dwg.dbobj.SnpScenTask">
		<Field name="BrpId" type="com.sunopsis.sql.DbInt"><![CDATA[null]]></Field>
	<Field name="ColConnectId" type="java.lang.String">null</Field>
	<Field name="ColContextCode" type="java.lang.String">null</Field>
	<Field name="ColEncKey" type="java.lang.String">null</Field>
	<Field name="ColEncKeyVect" type="java.lang.String">null</Field>
	<Field name="ColIndCommit" type="java.lang.String">null</Field>
	<Field name="ColIndEnc" type="java.lang.String"><![CDATA[0]]></Field>
	<Field name="ColIsolLevel" type="java.lang.String">null</Field>
	<Field name="ColLschemaName" type="java.lang.String">null</Field>
	<Field name="ColTechIntName" type="java.lang.String">null</Field>
	<Field name="ColTxt" type="java.lang.String">null</Field>
	<Field name="DefConnectId" type="java.lang.String">null</Field>
	<Field name="DefContextCode" type="java.lang.String">null</Field>
	<Field name="DefEncKey" type="java.lang.String">null</Field>
	<Field name="DefEncKeyVect" type="java.lang.String">null</Field>
	<Field name="DefIndCommit" type="java.lang.String">null</Field>
	<Field name="DefIndEnc" type="java.lang.String"><![CDATA[0]]></Field>
	<Field name="DefIsolLevel" type="java.lang.String">null</Field>
	<Field name="DefLschemaName" type="java.lang.String">null</Field>
	<Field name="DefTechIntName" type="java.lang.String">null</Field>
	<Field name="DefTxt" type="java.lang.String">null</Field>
	<Field name="ExeChannel" type="java.lang.String">null</Field>
	<Field name="GlobalId" type="java.lang.String"><![CDATA[145f6a2b-47a9-4e23-9b0b-2b2ec95f2521]]></Field>
	<Field name="IndErr" type="java.lang.String"><![CDATA[0]]></Field>
	<Field name="IndLogFinalCmd" type="java.lang.String"><![CDATA[0]]></Field>
	<Field name="IndLogMethod" type="java.lang.String">null</Field>
	<Field name="IndLogNb" type="java.lang.String">null</Field>
	<Field name="LogLevDet" type="java.lang.String"><![CDATA[5]]></Field>
	<Field name="MapTaskType" type="java.lang.String"><![CDATA[EB]]></Field>
	<Field name="Nno" type="com.sunopsis.sql.DbInt"><![CDATA[4]]></Field>
	<Field name="OrdTrt" type="com.sunopsis.sql.DbInt"><![CDATA[0]]></Field>
	<Field name="ParScenTaskNo" type="com.sunopsis.sql.DbInt"><![CDATA[null]]></Field>
	<Field name="ScenNo" type="com.sunopsis.sql.DbInt"><![CDATA[4]]></Field>
	<Field name="ScenTaskNo" type="com.sunopsis.sql.DbInt"><![CDATA[10]]></Field>
	<Field name="TaskName1" type="java.lang.String"><![CDATA[SERIAL]]></Field>
	<Field name="TaskName2" type="java.lang.String"><![CDATA[MAP_MAIN]]></Field>
	<Field name="TaskName3" type="java.lang.String">null</Field>
	<Field name="TaskType" type="java.lang.String"><![CDATA[L]]></Field>
</Object>
<Object class="com.sunopsis.dwg.dbobj.SnpScenTask">
		<Field name="BrpId" type="com.sunopsis.sql.DbInt"><![CDATA[null]]></Field>
	<Field name="ColConnectId" type="java.lang.String">null</Field>
	<Field name="ColContextCode" type="java.lang.String">null</Field>
	<Field name="ColEncKey" type="java.lang.String">null</Field>
	<Field name="ColEncKeyVect" type="java.lang.String">null</Field>
	<Field name="ColIndCommit" type="java.lang.String">null</Field>
	<Field name="ColIndEnc" type="java.lang.String"><![CDATA[0]]></Field>
	<Field name="ColIsolLevel" type="java.lang.String">null</Field>
	<Field name="ColLschemaName" type="java.lang.String">null</Field>
	<Field name="ColTechIntName" type="java.lang.String">null</Field>
	<Field name="ColTxt" type="java.lang.String">null</Field>
	<Field name="DefConnectId" type="java.lang.String">null</Field>
	<Field name="DefContextCode" type="java.lang.String">null</Field>
	<Field name="DefEncKey" type="java.lang.String">null</Field>
	<Field name="DefEncKeyVect" type="java.lang.String">null</Field>
	<Field name="DefIndCommit" type="java.lang.String">null</Field>
	<Field name="DefIndEnc" type="java.lang.String"><![CDATA[0]]></Field>
	<Field name="DefIsolLevel" type="java.lang.String">null</Field>
	<Field name="DefLschemaName" type="java.lang.String">null</Field>
	<Field name="DefTechIntName" type="java.lang.String">null</Field>
	<Field name="DefTxt" type="java.lang.String">null</Field>
	<Field name="ExeChannel" type="java.lang.String">null</Field>
	<Field name="GlobalId" type="java.lang.String"><![CDATA[c027ba9c-e9fd-43f6-91ba-f01f111a0147]]></Field>
	<Field name="IndErr" type="java.lang.String"><![CDATA[0]]></Field>
	<Field name="IndLogFinalCmd" type="java.lang.String"><![CDATA[0]]></Field>
	<Field name="IndLogMethod" type="java.lang.String">null</Field>
	<Field name="IndLogNb" type="java.lang.String">null</Field>
	<Field name="LogLevDet" type="java.lang.String"><![CDATA[5]]></Field>
	<Field name="MapTaskType" type="java.lang.String"><![CDATA[EB]]></Field>
	<Field name="Nno" type="com.sunopsis.sql.DbInt"><![CDATA[4]]></Field>
	<Field name="OrdTrt" type="com.sunopsis.sql.DbInt"><![CDATA[0]]></Field>
	<Field name="ParScenTaskNo" type="com.sunopsis.sql.DbInt"><![CDATA[10]]></Field>
	<Field name="ScenNo" type="com.sunopsis.sql.DbInt"><![CDATA[4]]></Field>
	<Field name="ScenTaskNo" type="com.sunopsis.sql.DbInt"><![CDATA[20]]></Field>
	<Field name="TaskName1" type="java.lang.String"><![CDATA[SERIAL]]></Field>
	<Field name="TaskName2" type="java.lang.String"><![CDATA[EU]]></Field>
	<Field name="TaskName3" type="java.lang.String"><![CDATA[SI_HR_UNIT]]></Field>
	<Field name="TaskType" type="java.lang.String"><![CDATA[L]]></Field>
</Object>
<Object class="com.sunopsis.dwg.dbobj.SnpScenTask">
		<Field name="BrpId" type="com.sunopsis.sql.DbInt"><![CDATA[null]]></Field>
	<Field name="ColConnectId" type="java.lang.String">null</Field>
	<Field name="ColContextCode" type="java.lang.String">null</Field>
	<Field name="ColEncKey" type="java.lang.String">null</Field>
	<Field name="ColEncKeyVect" type="java.lang.String">null</Field>
	<Field name="ColIndCommit" type="java.lang.String">null</Field>
	<Field name="ColIndEnc" type="java.lang.String"><![CDATA[0]]></Field>
	<Field name="ColIsolLevel" type="java.lang.String"><![CDATA[D]]></Field>
	<Field name="ColLschemaName" type="java.lang.String"><![CDATA[SI_HR]]></Field>
	<Field name="ColTechIntName" type="java.lang.String">null</Field>
	<Field name="ColTxt" type="java.lang.String">null</Field>
	<Field name="DefConnectId" type="java.lang.String">null</Field>
	<Field name="DefContextCode" type="java.lang.String">null</Field>
	<Field name="DefEncKey" type="java.lang.String">null</Field>
	<Field name="DefEncKeyVect" type="java.lang.String">null</Field>
	<Field name="DefIndCommit" type="java.lang.String">null</Field>
	<Field name="DefIndEnc" type="java.lang.String"><![CDATA[0]]></Field>
	<Field name="DefIsolLevel" type="java.lang.String"><![CDATA[D]]></Field>
	<Field name="DefLschemaName" type="java.lang.String"><![CDATA[SI_HR]]></Field>
	<Field name="DefTechIntName" type="java.lang.String"><![CDATA[ORACLE]]></Field>
	<Field name="DefTxt" type="java.lang.String"><![CDATA[
INSERT 
  /*+  APPEND PARALLEL  */ 
  INTO <?= odiRef.getObjectName("L", "DEPARTMENTS", "SI_HR", "D") ?>
  (
    DEPARTMENT_ID ,
    DEPARTMENT_NAME ,
    MANAGER_ID ,
    LOCATION_ID 
  ) 
SELECT 
  DEPARTMENTS.DEPARTMENT_ID ,
  DEPARTMENTS.DEPARTMENT_NAME ,
  DEPARTMENTS.MANAGER_ID ,
  DEPARTMENTS.LOCATION_ID  
FROM 
  <?= odiRef.getObjectName("L", "DEPARTMENTS", "HR", "D") ?> DEPARTMENTS  
WHERE
  (1=2
/* New Filter for POCRelease1.0 */
)  ]]></Field>
	<Field name="ExeChannel" type="java.lang.String"><![CDATA[J]]></Field>
	<Field name="GlobalId" type="java.lang.String"><![CDATA[4de64617-53ea-4237-86b6-b4bc47bcb777]]></Field>
	<Field name="IndErr" type="java.lang.String"><![CDATA[0]]></Field>
	<Field name="IndLogFinalCmd" type="java.lang.String"><![CDATA[0]]></Field>
	<Field name="IndLogMethod" type="java.lang.String">null</Field>
	<Field name="IndLogNb" type="java.lang.String"><![CDATA[I]]></Field>
	<Field name="LogLevDet" type="java.lang.String"><![CDATA[5]]></Field>
	<Field name="MapTaskType" type="java.lang.String"><![CDATA[EM]]></Field>
	<Field name="Nno" type="com.sunopsis.sql.DbInt"><![CDATA[4]]></Field>
	<Field name="OrdTrt" type="com.sunopsis.sql.DbInt"><![CDATA[10]]></Field>
	<Field name="ParScenTaskNo" type="com.sunopsis.sql.DbInt"><![CDATA[20]]></Field>
	<Field name="ScenNo" type="com.sunopsis.sql.DbInt"><![CDATA[4]]></Field>
	<Field name="ScenTaskNo" type="com.sunopsis.sql.DbInt"><![CDATA[30]]></Field>
	<Field name="TaskName1" type="java.lang.String"><![CDATA[Insert new rows]]></Field>
	<Field name="TaskName2" type="java.lang.String"><![CDATA[IKM Oracle Insert]]></Field>
	<Field name="TaskName3" type="java.lang.String"><![CDATA[Load DEPARTMENTS1]]></Field>
	<Field name="TaskType" type="java.lang.String"><![CDATA[J]]></Field>
</Object>
<Object class="com.sunopsis.dwg.dbobj.SnpScenStep">
		<Field name="BrpId" type="com.sunopsis.sql.DbInt"><![CDATA[null]]></Field>
	<Field name="CleanupOnError" type="java.lang.String">null</Field>
	<Field name="ContextCode" type="java.lang.String">null</Field>
	<Field name="FContextCode" type="java.lang.String">null</Field>
	<Field name="GenInfo" type="java.lang.String"><![CDATA[<map-generation-info>
   <node name="EMPLOYEES1" type="IKM" km="IKM Oracle Insert.GLOBAL">
      <option name="CREATE_TARGET_TABLE" value="false" default="true"/>
      <option name="INSERT_HINT" value="APPEND PARALLEL" default="true"/>
      <option name="SELECT_HINT" value=" " default="true"/>
      <option name="CONSTRAINTS" value="None" default="true"/>
      <option name="TRUNCATE_TARGET_TABLE" value="false" default="true"/>
      <option name="DELETE_ALL" value="false" default="true"/>
      <option name="INDEXES" value="None" default="true"/>
   </node>
   <node name="FILTER" type="XKM" km="XKM SQL Filter.GLOBAL"/>
   <node name="EMPLOYEES" type="XKM" km="XKM Oracle External Table.GLOBAL">
      <option name="CREATE_EXT_TAB" value="false" default="true"/>
      <option name="CUSTOM_TEMPLATE" value=" " default="true"/>
      <option name="SELECT_HINT" value=" " default="true"/>
      <option name="CREATE_DIRECTORY" value="false" default="true"/>
      <option name="ACCESS_PARAMETERS" value="" default="true"/>
      <option name="SQL_DEFAULT_DIR" value="" default="true"/>
      <option name="SQL_DIRECTORIES" value="" default="true"/>
      <option name="DIR_DATA_FILES" value="" default="true"/>
   </node>
   <target name="EMPLOYEES" resource="EMPLOYEES" model="SI_HR" logicalSchema="SI_HR" forcedContext=""/>
</map-generation-info>]]></Field>
	<Field name="GlobalId" type="java.lang.String"><![CDATA[4857b969-eadd-464b-afc6-b2639d0ab40e]]></Field>
	<Field name="IndLogMethod" type="java.lang.String"><![CDATA[Y]]></Field>
	<Field name="ITxtVarValue" type="com.sunopsis.sql.DbInt"><![CDATA[null]]></Field>
	<Field name="JagentLschemaName" type="java.lang.String">null</Field>
	<Field name="KoExit" type="java.lang.String"><![CDATA[1]]></Field>
	<Field name="KoExitCode" type="java.lang.String">null</Field>
	<Field name="KoNextStep" type="com.sunopsis.sql.DbInt"><![CDATA[null]]></Field>
	<Field name="KoRetry" type="com.sunopsis.sql.DbInt"><![CDATA[null]]></Field>
	<Field name="KoRetryInterv" type="com.sunopsis.sql.DbInt"><![CDATA[null]]></Field>
	<Field name="LschemaName" type="java.lang.String"><![CDATA[SI_HR]]></Field>
	<Field name="MaxErr" type="com.sunopsis.sql.DbInt"><![CDATA[null]]></Field>
	<Field name="MaxErrPrct" type="java.lang.String">null</Field>
	<Field name="ModCode" type="java.lang.String"><![CDATA[SI_HR]]></Field>
	<Field name="Nno" type="com.sunopsis.sql.DbInt"><![CDATA[5]]></Field>
	<Field name="OkExit" type="java.lang.String"><![CDATA[1]]></Field>
	<Field name="OkExitCode" type="java.lang.String"><![CDATA[0]]></Field>
	<Field name="OkNextStep" type="com.sunopsis.sql.DbInt"><![CDATA[null]]></Field>
	<Field name="ResName" type="java.lang.String"><![CDATA[EMPLOYEES]]></Field>
	<Field name="ScenNo" type="com.sunopsis.sql.DbInt"><![CDATA[4]]></Field>
	<Field name="StepName" type="java.lang.String"><![CDATA[LoadEmployees]]></Field>
	<Field name="StepType" type="java.lang.String"><![CDATA[M]]></Field>
	<Field name="TableName" type="java.lang.String"><![CDATA[EMPLOYEES]]></Field>
	<Field name="VarIncr" type="com.sunopsis.sql.DbInt"><![CDATA[null]]></Field>
	<Field name="VarLongValue" type="java.lang.String">null</Field>
	<Field name="VarName" type="java.lang.String">null</Field>
	<Field name="VarOp" type="java.lang.String">null</Field>
</Object>
<Object class="com.sunopsis.dwg.dbobj.SnpScenTask">
		<Field name="BrpId" type="com.sunopsis.sql.DbInt"><![CDATA[null]]></Field>
	<Field name="ColConnectId" type="java.lang.String">null</Field>
	<Field name="ColContextCode" type="java.lang.String">null</Field>
	<Field name="ColEncKey" type="java.lang.String">null</Field>
	<Field name="ColEncKeyVect" type="java.lang.String">null</Field>
	<Field name="ColIndCommit" type="java.lang.String">null</Field>
	<Field name="ColIndEnc" type="java.lang.String"><![CDATA[0]]></Field>
	<Field name="ColIsolLevel" type="java.lang.String">null</Field>
	<Field name="ColLschemaName" type="java.lang.String">null</Field>
	<Field name="ColTechIntName" type="java.lang.String">null</Field>
	<Field name="ColTxt" type="java.lang.String">null</Field>
	<Field name="DefConnectId" type="java.lang.String">null</Field>
	<Field name="DefContextCode" type="java.lang.String">null</Field>
	<Field name="DefEncKey" type="java.lang.String">null</Field>
	<Field name="DefEncKeyVect" type="java.lang.String">null</Field>
	<Field name="DefIndCommit" type="java.lang.String">null</Field>
	<Field name="DefIndEnc" type="java.lang.String"><![CDATA[0]]></Field>
	<Field name="DefIsolLevel" type="java.lang.String">null</Field>
	<Field name="DefLschemaName" type="java.lang.String">null</Field>
	<Field name="DefTechIntName" type="java.lang.String">null</Field>
	<Field name="DefTxt" type="java.lang.String">null</Field>
	<Field name="ExeChannel" type="java.lang.String">null</Field>
	<Field name="GlobalId" type="java.lang.String"><![CDATA[8fbae2c8-dc56-4925-867a-bb4d2e3d1f67]]></Field>
	<Field name="IndErr" type="java.lang.String"><![CDATA[0]]></Field>
	<Field name="IndLogFinalCmd" type="java.lang.String"><![CDATA[0]]></Field>
	<Field name="IndLogMethod" type="java.lang.String">null</Field>
	<Field name="IndLogNb" type="java.lang.String">null</Field>
	<Field name="LogLevDet" type="java.lang.String"><![CDATA[5]]></Field>
	<Field name="MapTaskType" type="java.lang.String"><![CDATA[EB]]></Field>
	<Field name="Nno" type="com.sunopsis.sql.DbInt"><![CDATA[5]]></Field>
	<Field name="OrdTrt" type="com.sunopsis.sql.DbInt"><![CDATA[0]]></Field>
	<Field name="ParScenTaskNo" type="com.sunopsis.sql.DbInt"><![CDATA[null]]></Field>
	<Field name="ScenNo" type="com.sunopsis.sql.DbInt"><![CDATA[4]]></Field>
	<Field name="ScenTaskNo" type="com.sunopsis.sql.DbInt"><![CDATA[10]]></Field>
	<Field name="TaskName1" type="java.lang.String"><![CDATA[SERIAL]]></Field>
	<Field name="TaskName2" type="java.lang.String"><![CDATA[MAP_MAIN]]></Field>
	<Field name="TaskName3" type="java.lang.String">null</Field>
	<Field name="TaskType" type="java.lang.String"><![CDATA[L]]></Field>
</Object>
<Object class="com.sunopsis.dwg.dbobj.SnpScenTask">
		<Field name="BrpId" type="com.sunopsis.sql.DbInt"><![CDATA[null]]></Field>
	<Field name="ColConnectId" type="java.lang.String">null</Field>
	<Field name="ColContextCode" type="java.lang.String">null</Field>
	<Field name="ColEncKey" type="java.lang.String">null</Field>
	<Field name="ColEncKeyVect" type="java.lang.String">null</Field>
	<Field name="ColIndCommit" type="java.lang.String">null</Field>
	<Field name="ColIndEnc" type="java.lang.String"><![CDATA[0]]></Field>
	<Field name="ColIsolLevel" type="java.lang.String">null</Field>
	<Field name="ColLschemaName" type="java.lang.String">null</Field>
	<Field name="ColTechIntName" type="java.lang.String">null</Field>
	<Field name="ColTxt" type="java.lang.String">null</Field>
	<Field name="DefConnectId" type="java.lang.String">null</Field>
	<Field name="DefContextCode" type="java.lang.String">null</Field>
	<Field name="DefEncKey" type="java.lang.String">null</Field>
	<Field name="DefEncKeyVect" type="java.lang.String">null</Field>
	<Field name="DefIndCommit" type="java.lang.String">null</Field>
	<Field name="DefIndEnc" type="java.lang.String"><![CDATA[0]]></Field>
	<Field name="DefIsolLevel" type="java.lang.String">null</Field>
	<Field name="DefLschemaName" type="java.lang.String">null</Field>
	<Field name="DefTechIntName" type="java.lang.String">null</Field>
	<Field name="DefTxt" type="java.lang.String">null</Field>
	<Field name="ExeChannel" type="java.lang.String">null</Field>
	<Field name="GlobalId" type="java.lang.String"><![CDATA[aaee38f2-0427-4751-ad99-8f76d36a4f1c]]></Field>
	<Field name="IndErr" type="java.lang.String"><![CDATA[0]]></Field>
	<Field name="IndLogFinalCmd" type="java.lang.String"><![CDATA[0]]></Field>
	<Field name="IndLogMethod" type="java.lang.String">null</Field>
	<Field name="IndLogNb" type="java.lang.String">null</Field>
	<Field name="LogLevDet" type="java.lang.String"><![CDATA[5]]></Field>
	<Field name="MapTaskType" type="java.lang.String"><![CDATA[EB]]></Field>
	<Field name="Nno" type="com.sunopsis.sql.DbInt"><![CDATA[5]]></Field>
	<Field name="OrdTrt" type="com.sunopsis.sql.DbInt"><![CDATA[0]]></Field>
	<Field name="ParScenTaskNo" type="com.sunopsis.sql.DbInt"><![CDATA[10]]></Field>
	<Field name="ScenNo" type="com.sunopsis.sql.DbInt"><![CDATA[4]]></Field>
	<Field name="ScenTaskNo" type="com.sunopsis.sql.DbInt"><![CDATA[20]]></Field>
	<Field name="TaskName1" type="java.lang.String"><![CDATA[SERIAL]]></Field>
	<Field name="TaskName2" type="java.lang.String"><![CDATA[EU]]></Field>
	<Field name="TaskName3" type="java.lang.String"><![CDATA[SI_HR_UNIT]]></Field>
	<Field name="TaskType" type="java.lang.String"><![CDATA[L]]></Field>
</Object>
<Object class="com.sunopsis.dwg.dbobj.SnpScenTask">
		<Field name="BrpId" type="com.sunopsis.sql.DbInt"><![CDATA[null]]></Field>
	<Field name="ColConnectId" type="java.lang.String">null</Field>
	<Field name="ColContextCode" type="java.lang.String">null</Field>
	<Field name="ColEncKey" type="java.lang.String">null</Field>
	<Field name="ColEncKeyVect" type="java.lang.String">null</Field>
	<Field name="ColIndCommit" type="java.lang.String">null</Field>
	<Field name="ColIndEnc" type="java.lang.String"><![CDATA[0]]></Field>
	<Field name="ColIsolLevel" type="java.lang.String"><![CDATA[D]]></Field>
	<Field name="ColLschemaName" type="java.lang.String"><![CDATA[SI_HR]]></Field>
	<Field name="ColTechIntName" type="java.lang.String">null</Field>
	<Field name="ColTxt" type="java.lang.String">null</Field>
	<Field name="DefConnectId" type="java.lang.String">null</Field>
	<Field name="DefContextCode" type="java.lang.String">null</Field>
	<Field name="DefEncKey" type="java.lang.String">null</Field>
	<Field name="DefEncKeyVect" type="java.lang.String">null</Field>
	<Field name="DefIndCommit" type="java.lang.String">null</Field>
	<Field name="DefIndEnc" type="java.lang.String"><![CDATA[0]]></Field>
	<Field name="DefIsolLevel" type="java.lang.String"><![CDATA[D]]></Field>
	<Field name="DefLschemaName" type="java.lang.String"><![CDATA[SI_HR]]></Field>
	<Field name="DefTechIntName" type="java.lang.String"><![CDATA[ORACLE]]></Field>
	<Field name="DefTxt" type="java.lang.String"><![CDATA[
INSERT 
  /*+  APPEND PARALLEL  */ 
  INTO <?= odiRef.getObjectName("L", "EMPLOYEES", "SI_HR", "D") ?>
  (
    EMPLOYEE_ID ,
    FIRST_NAME ,
    LAST_NAME ,
    EMAIL ,
    PHONE_NUMBER ,
    HIRE_DATE ,
    JOB_ID ,
    SALARY ,
    COMMISSION_PCT ,
    MANAGER_ID ,
    DEPARTMENT_ID 
  ) 
SELECT 
  EMPLOYEES.EMPLOYEE_ID ,
  EMPLOYEES.FIRST_NAME ,
  EMPLOYEES.LAST_NAME ,
  EMPLOYEES.EMAIL ,
  EMPLOYEES.PHONE_NUMBER ,
  EMPLOYEES.HIRE_DATE ,
  EMPLOYEES.JOB_ID ,
  EMPLOYEES.SALARY ,
  EMPLOYEES.COMMISSION_PCT ,
  EMPLOYEES.MANAGER_ID ,
  EMPLOYEES.DEPARTMENT_ID  
FROM 
  <?= odiRef.getObjectName("L", "EMPLOYEES", "HR", "D") ?> EMPLOYEES  
WHERE
  (1=2
/* Newly added filter */
)  ]]></Field>
	<Field name="ExeChannel" type="java.lang.String"><![CDATA[J]]></Field>
	<Field name="GlobalId" type="java.lang.String"><![CDATA[d04bf552-0249-4079-9728-63e82a372999]]></Field>
	<Field name="IndErr" type="java.lang.String"><![CDATA[0]]></Field>
	<Field name="IndLogFinalCmd" type="java.lang.String"><![CDATA[0]]></Field>
	<Field name="IndLogMethod" type="java.lang.String">null</Field>
	<Field name="IndLogNb" type="java.lang.String"><![CDATA[I]]></Field>
	<Field name="LogLevDet" type="java.lang.String"><![CDATA[5]]></Field>
	<Field name="MapTaskType" type="java.lang.String"><![CDATA[EM]]></Field>
	<Field name="Nno" type="com.sunopsis.sql.DbInt"><![CDATA[5]]></Field>
	<Field name="OrdTrt" type="com.sunopsis.sql.DbInt"><![CDATA[10]]></Field>
	<Field name="ParScenTaskNo" type="com.sunopsis.sql.DbInt"><![CDATA[20]]></Field>
	<Field name="ScenNo" type="com.sunopsis.sql.DbInt"><![CDATA[4]]></Field>
	<Field name="ScenTaskNo" type="com.sunopsis.sql.DbInt"><![CDATA[30]]></Field>
	<Field name="TaskName1" type="java.lang.String"><![CDATA[Insert new rows]]></Field>
	<Field name="TaskName2" type="java.lang.String"><![CDATA[IKM Oracle Insert]]></Field>
	<Field name="TaskName3" type="java.lang.String"><![CDATA[Load EMPLOYEES1]]></Field>
	<Field name="TaskType" type="java.lang.String"><![CDATA[J]]></Field>
</Object>
<Object class="com.sunopsis.dwg.dbobj.SnpFKXRef">
		<Field name="RefKey" type="java.lang.String"><![CDATA[SNP_PACKAGE.2]]></Field>
	<Field name="RefObjGlobalId" type="java.lang.String"><![CDATA[45a2dbf3-0f7b-48a8-9eba-d9b806bd38d9]]></Field>
 <Field name="RefObjFQName" type="java.lang.String"><![CDATA[POCProject.First Folder.SIPackage]]></Field>
 <Field name="RefObjFQType" type="java.lang.String"><![CDATA[SNP_PROJECT.SNP_FOLDER.SNP_PACKAGE]]></Field>
 <Field name="RefObjFQNameLengths" type="java.lang.String"><![CDATA[10.12.9]]></Field>
</Object>
<Object class="com.sunopsis.dwg.dbobj.SnpFKXRef">
		<Field name="RefKey" type="java.lang.String"><![CDATA[SNP_SCEN.4]]></Field>
	<Field name="RefObjGlobalId" type="java.lang.String"><![CDATA[b4d73061-527f-49dc-b038-739c68ccf9fc]]></Field>
 <Field name="RefObjFQName" type="java.lang.String"><![CDATA[POCProject.First Folder.SIPackage.SIPACKAGE Version 001]]></Field>
 <Field name="RefObjFQType" type="java.lang.String"><![CDATA[SNP_PROJECT.SNP_FOLDER.SNP_PACKAGE.SNP_SCEN]]></Field>
 <Field name="RefObjFQNameLengths" type="java.lang.String"><![CDATA[10.12.9.21]]></Field>
</Object>
<Object class="com.sunopsis.dwg.dbobj.SnpFKXRef">
		<Field name="RefKey" type="java.lang.String"><![CDATA[SNP_SCENSTEP.4.0]]></Field>
	<Field name="RefObjGlobalId" type="java.lang.String"><![CDATA[0e102141-24a0-4e54-aa3c-7305c0aeb0ef]]></Field>
 <Field name="RefObjFQName" type="java.lang.String">null</Field>
 <Field name="RefObjFQType" type="java.lang.String">null</Field>
 <Field name="RefObjFQNameLengths" type="java.lang.String">null</Field>
</Object>
<Object class="com.sunopsis.dwg.dbobj.SnpFKXRef">
		<Field name="RefKey" type="java.lang.String"><![CDATA[SNP_SCENSTEP.4.1]]></Field>
	<Field name="RefObjGlobalId" type="java.lang.String"><![CDATA[ff5759ff-4e38-4614-8006-81b160387e24]]></Field>
 <Field name="RefObjFQName" type="java.lang.String">null</Field>
 <Field name="RefObjFQType" type="java.lang.String">null</Field>
 <Field name="RefObjFQNameLengths" type="java.lang.String">null</Field>
</Object>
<Object class="com.sunopsis.dwg.dbobj.SnpFKXRef">
		<Field name="RefKey" type="java.lang.String"><![CDATA[SNP_SCENSTEP.4.2]]></Field>
	<Field name="RefObjGlobalId" type="java.lang.String"><![CDATA[0c47a947-24f2-4b2c-b173-4a04f7c69ac9]]></Field>
 <Field name="RefObjFQName" type="java.lang.String">null</Field>
 <Field name="RefObjFQType" type="java.lang.String">null</Field>
 <Field name="RefObjFQNameLengths" type="java.lang.String">null</Field>
</Object>
<Object class="com.sunopsis.dwg.dbobj.SnpFKXRef">
		<Field name="RefKey" type="java.lang.String"><![CDATA[SNP_SCENSTEP.4.3]]></Field>
	<Field name="RefObjGlobalId" type="java.lang.String"><![CDATA[45ba4754-468e-46ac-961b-05f21837493c]]></Field>
 <Field name="RefObjFQName" type="java.lang.String">null</Field>
 <Field name="RefObjFQType" type="java.lang.String">null</Field>
 <Field name="RefObjFQNameLengths" type="java.lang.String">null</Field>
</Object>
<Object class="com.sunopsis.dwg.dbobj.SnpFKXRef">
		<Field name="RefKey" type="java.lang.String"><![CDATA[SNP_SCENSTEP.4.4]]></Field>
	<Field name="RefObjGlobalId" type="java.lang.String"><![CDATA[68e236d1-8918-4ed8-b627-ac478a2423e5]]></Field>
 <Field name="RefObjFQName" type="java.lang.String">null</Field>
 <Field name="RefObjFQType" type="java.lang.String">null</Field>
 <Field name="RefObjFQNameLengths" type="java.lang.String">null</Field>
</Object>
<Object class="com.sunopsis.dwg.dbobj.SnpFKXRef">
		<Field name="RefKey" type="java.lang.String"><![CDATA[SNP_SCENSTEP.4.5]]></Field>
	<Field name="RefObjGlobalId" type="java.lang.String"><![CDATA[4857b969-eadd-464b-afc6-b2639d0ab40e]]></Field>
 <Field name="RefObjFQName" type="java.lang.String">null</Field>
 <Field name="RefObjFQType" type="java.lang.String">null</Field>
 <Field name="RefObjFQNameLengths" type="java.lang.String">null</Field>
</Object>
<Object class="com.sunopsis.dwg.DwgExportSummary">
		<Field name="ExpTxtNb" type="com.sunopsis.sql.DbInt"><![CDATA[0]]></Field>
	<Field name="InstObjNb" type="com.sunopsis.sql.DbInt"><![CDATA[0]]></Field>
	<Field name="JoinColNb" type="com.sunopsis.sql.DbInt"><![CDATA[0]]></Field>
	<Field name="JoinNb" type="com.sunopsis.sql.DbInt"><![CDATA[0]]></Field>
	<Field name="KeyColNb" type="com.sunopsis.sql.DbInt"><![CDATA[0]]></Field>
	<Field name="KeyNb" type="com.sunopsis.sql.DbInt"><![CDATA[0]]></Field>
	<Field name="LinkDiagNb" type="com.sunopsis.sql.DbInt"><![CDATA[0]]></Field>
	<Field name="MorigTxtNb" type="com.sunopsis.sql.DbInt"><![CDATA[0]]></Field>
	<Field name="MtxtNb" type="com.sunopsis.sql.DbInt"><![CDATA[0]]></Field>
	<Field name="OrigTxtNb" type="com.sunopsis.sql.DbInt"><![CDATA[0]]></Field>
	<Field name="OtherObjectsNb" type="com.sunopsis.sql.DbInt"><![CDATA[47]]></Field>
	<Field name="PlanAgentNb" type="com.sunopsis.sql.DbInt"><![CDATA[0]]></Field>
	<Field name="StepNb" type="com.sunopsis.sql.DbInt"><![CDATA[0]]></Field>
	<Field name="TxtNb" type="com.sunopsis.sql.DbInt"><![CDATA[0]]></Field>
	<Field name="UeOrigNb" type="com.sunopsis.sql.DbInt"><![CDATA[0]]></Field>
	<Field name="UeUsedNb" type="com.sunopsis.sql.DbInt"><![CDATA[0]]></Field>
	<Field name="VarPlanAgentNb" type="com.sunopsis.sql.DbInt"><![CDATA[0]]></Field>
	<Field name="ScenTxtNb" type="com.sunopsis.sql.DbInt"><![CDATA[0]]></Field>
	<Field name="OdiVersion" type="java.lang.String"><![CDATA[12.2.1]]></Field>
	<Field name="OriginRepositoryID" type="com.sunopsis.sql.DbInt"><![CDATA[1]]></Field>
	<Field name="RepositoryVersion" type="java.lang.String"><![CDATA[05.02.02.09]]></Field>
</Object>
</SunopsisExport>
