<?xml version="1.0" encoding="UTF-8"?>
<SunopsisExport>
<Admin RepositoryVersion="05.02.02.09" IsLegacyIdCompatible="false" />
<Encryption algorithm="AES" keyLength="128" exportKeyHash="G6cNREXDDzVizRxdXAZM6Rz/3tylN9cCwbwy/66VlrA=" keyVect="Pryf2Q5ZOj6RDvic6v9Ytw==" exportKeySalt="c06126df-9277-486b-8587-5d6602f8f79c" containsCipherText="false"/>
<Object class="com.sunopsis.dwg.dbobj.SnpTable">
		<Field name="ExtVersion" type="java.lang.String">null</Field>
	<Field name="FileDecSep" type="java.lang.String">null</Field>
	<Field name="FileEncField" type="java.lang.String">null</Field>
	<Field name="FileEscChar" type="java.lang.String">null</Field>
	<Field name="FileFirstRow" type="com.sunopsis.sql.DbInt"><![CDATA[null]]></Field>
	<Field name="FileFormat" type="java.lang.String">null</Field>
	<Field name="FileNullValue" type="java.lang.String">null</Field>
	<Field name="FileSepColl" type="java.lang.String">null</Field>
	<Field name="FileSepField" type="java.lang.String">null</Field>
	<Field name="FileSepMap" type="java.lang.String">null</Field>
	<Field name="FileSepRow" type="java.lang.String">null</Field>
	<Field name="FirstDate" type="java.sql.Timestamp"><![CDATA[2020-10-14 17:01:01.0]]></Field>
	<Field name="FirstUser" type="java.lang.String"><![CDATA[SUPERVISOR]]></Field>
	<Field name="GlobalId" type="java.lang.String"><![CDATA[5e72ce6e-6e63-4818-9da4-7e9e2033e0ad]]></Field>
	<Field name="HiveBuckets" type="com.sunopsis.sql.DbInt"><![CDATA[null]]></Field>
	<Field name="HiveLocation" type="java.lang.String">null</Field>
	<Field name="HiveRowFormat" type="java.lang.String">null</Field>
	<Field name="IndChange" type="java.lang.String"><![CDATA[U]]></Field>
	<Field name="IndErrDel" type="java.lang.String">null</Field>
	<Field name="IndFilePosAuto" type="java.lang.String">null</Field>
	<Field name="IndHiveManaged" type="java.lang.String">null</Field>
	<Field name="IndHiveNative" type="java.lang.String">null</Field>
	<Field name="IndJrn" type="java.lang.String"><![CDATA[0]]></Field>
	<Field name="IndShow" type="java.lang.String"><![CDATA[1]]></Field>
	<Field name="IndWs" type="java.lang.String">null</Field>
	<Field name="InputFormat" type="java.lang.String">null</Field>
	<Field name="IntVersion" type="com.sunopsis.sql.DbInt"><![CDATA[1]]></Field>
	<Field name="IMod" type="com.sunopsis.sql.DbInt"><![CDATA[1]]></Field>
	<Field name="IScBaseTable" type="com.sunopsis.sql.DbInt"><![CDATA[null]]></Field>
	<Field name="IScOrigTable" type="com.sunopsis.sql.DbInt"><![CDATA[null]]></Field>
	<Field name="IScTable" type="com.sunopsis.sql.DbInt"><![CDATA[null]]></Field>
	<Field name="ISubModel" type="com.sunopsis.sql.DbInt"><![CDATA[2]]></Field>
	<Field name="ITable" type="com.sunopsis.sql.DbInt"><![CDATA[1]]></Field>
	<Field name="ITableFormatType" type="com.sunopsis.sql.DbInt"><![CDATA[null]]></Field>
	<Field name="ITxtDesc" type="com.sunopsis.sql.DbInt"><![CDATA[null]]></Field>
	<Field name="ITxtWsdl" type="com.sunopsis.sql.DbInt"><![CDATA[null]]></Field>
	<Field name="JrnOrder" type="com.sunopsis.sql.DbInt"><![CDATA[null]]></Field>
	<Field name="LastDate" type="java.sql.Timestamp"><![CDATA[2020-10-14 17:01:02.0]]></Field>
	<Field name="LastUser" type="java.lang.String"><![CDATA[SUPERVISOR]]></Field>
	<Field name="OlapType" type="java.lang.String">null</Field>
	<Field name="OutputFormat" type="java.lang.String">null</Field>
	<Field name="PartitionMeth" type="java.lang.String">null</Field>
	<Field name="ResName" type="java.lang.String"><![CDATA[COUNTRIES]]></Field>
	<Field name="RCount" type="com.sunopsis.sql.DbInt"><![CDATA[null]]></Field>
	<Field name="SchemaFile" type="java.lang.String">null</Field>
	<Field name="ScOrigTableTag" type="java.lang.String">null</Field>
	<Field name="Serde" type="java.lang.String">null</Field>
	<Field name="SerdeProp" type="java.lang.String">null</Field>
	<Field name="StorageHandler" type="java.lang.String">null</Field>
	<Field name="StorageProp" type="java.lang.String">null</Field>
	<Field name="SubPartitionMeth" type="java.lang.String">null</Field>
	<Field name="TableAlias" type="java.lang.String"><![CDATA[COUNTRIES]]></Field>
	<Field name="TableName" type="java.lang.String"><![CDATA[COUNTRIES]]></Field>
	<Field name="TableProp" type="java.lang.String">null</Field>
	<Field name="TableType" type="java.lang.String"><![CDATA[T]]></Field>
	<Field name="WsEntityName" type="java.lang.String">null</Field>
	<Field name="WsName" type="java.lang.String">null</Field>
</Object>
<Object class="com.sunopsis.dwg.dbobj.SnpCol">
		<Field name="Bytes" type="com.sunopsis.sql.DbInt"><![CDATA[0]]></Field>
	<Field name="CheckFlow" type="java.lang.String"><![CDATA[1]]></Field>
	<Field name="CheckStat" type="java.lang.String"><![CDATA[0]]></Field>
	<Field name="ColDecSep" type="java.lang.String">null</Field>
	<Field name="ColFormat" type="java.lang.String">null</Field>
	<Field name="ColHeading" type="java.lang.String"><![CDATA[COUNTRY_ID]]></Field>
	<Field name="ColMandatory" type="java.lang.String"><![CDATA[1]]></Field>
	<Field name="ColName" type="java.lang.String"><![CDATA[COUNTRY_ID]]></Field>
	<Field name="ColNullIfErr" type="java.lang.String">null</Field>
	<Field name="DataFormat" type="java.lang.String">null</Field>
	<Field name="DefValue" type="java.lang.String">null</Field>
	<Field name="ExtVersion" type="java.lang.String">null</Field>
	<Field name="FilePos" type="com.sunopsis.sql.DbInt"><![CDATA[null]]></Field>
	<Field name="FirstDate" type="java.sql.Timestamp"><![CDATA[2020-10-14 17:01:01.0]]></Field>
	<Field name="FirstUser" type="java.lang.String"><![CDATA[SUPERVISOR]]></Field>
	<Field name="GlobalId" type="java.lang.String"><![CDATA[43736600-57d2-4862-98f5-b84d3a975e40]]></Field>
	<Field name="HbaseEncoding" type="java.lang.String">null</Field>
	<Field name="HiveSortbyPos" type="com.sunopsis.sql.DbInt"><![CDATA[null]]></Field>
	<Field name="IndChange" type="java.lang.String"><![CDATA[I]]></Field>
	<Field name="IndHiveCluster" type="java.lang.String">null</Field>
	<Field name="IndHivePartition" type="java.lang.String">null</Field>
	<Field name="IndHiveSort" type="java.lang.String">null</Field>
	<Field name="IndHiveSortbyAsc" type="java.lang.String">null</Field>
	<Field name="IndIn" type="java.lang.String">null</Field>
	<Field name="IndOut" type="java.lang.String">null</Field>
	<Field name="IndWrite" type="java.lang.String"><![CDATA[1]]></Field>
	<Field name="IndWsInsert" type="java.lang.String"><![CDATA[1]]></Field>
	<Field name="IndWsSelect" type="java.lang.String"><![CDATA[1]]></Field>
	<Field name="IndWsUpdate" type="java.lang.String"><![CDATA[1]]></Field>
	<Field name="IntVersion" type="com.sunopsis.sql.DbInt"><![CDATA[1]]></Field>
	<Field name="ICol" type="com.sunopsis.sql.DbInt"><![CDATA[1]]></Field>
	<Field name="ISrcCol" type="com.sunopsis.sql.DbInt"><![CDATA[null]]></Field>
	<Field name="ITable" type="com.sunopsis.sql.DbInt"><![CDATA[1]]></Field>
	<Field name="ITxtColDesc" type="com.sunopsis.sql.DbInt"><![CDATA[null]]></Field>
	<Field name="LastDate" type="java.sql.Timestamp"><![CDATA[2020-10-14 17:01:01.0]]></Field>
	<Field name="LastUser" type="java.lang.String"><![CDATA[SUPERVISOR]]></Field>
	<Field name="Longc" type="com.sunopsis.sql.DbInt"><![CDATA[2]]></Field>
	<Field name="Pos" type="com.sunopsis.sql.DbInt"><![CDATA[1]]></Field>
	<Field name="RecCodeList" type="java.lang.String">null</Field>
	<Field name="Scalec" type="com.sunopsis.sql.DbInt"><![CDATA[null]]></Field>
	<Field name="ScdColType" type="java.lang.String">null</Field>
	<Field name="SourceDt" type="java.lang.String"><![CDATA[CHAR]]></Field>
</Object>
<Object class="com.sunopsis.dwg.dbobj.SnpCol">
		<Field name="Bytes" type="com.sunopsis.sql.DbInt"><![CDATA[0]]></Field>
	<Field name="CheckFlow" type="java.lang.String"><![CDATA[1]]></Field>
	<Field name="CheckStat" type="java.lang.String"><![CDATA[0]]></Field>
	<Field name="ColDecSep" type="java.lang.String">null</Field>
	<Field name="ColFormat" type="java.lang.String">null</Field>
	<Field name="ColHeading" type="java.lang.String"><![CDATA[COUNTRY_NAME]]></Field>
	<Field name="ColMandatory" type="java.lang.String"><![CDATA[0]]></Field>
	<Field name="ColName" type="java.lang.String"><![CDATA[COUNTRY_NAME]]></Field>
	<Field name="ColNullIfErr" type="java.lang.String">null</Field>
	<Field name="DataFormat" type="java.lang.String">null</Field>
	<Field name="DefValue" type="java.lang.String">null</Field>
	<Field name="ExtVersion" type="java.lang.String">null</Field>
	<Field name="FilePos" type="com.sunopsis.sql.DbInt"><![CDATA[null]]></Field>
	<Field name="FirstDate" type="java.sql.Timestamp"><![CDATA[2020-10-14 17:01:01.0]]></Field>
	<Field name="FirstUser" type="java.lang.String"><![CDATA[SUPERVISOR]]></Field>
	<Field name="GlobalId" type="java.lang.String"><![CDATA[b59a0ad3-8917-4ecb-ad3b-e72a837c8157]]></Field>
	<Field name="HbaseEncoding" type="java.lang.String">null</Field>
	<Field name="HiveSortbyPos" type="com.sunopsis.sql.DbInt"><![CDATA[null]]></Field>
	<Field name="IndChange" type="java.lang.String"><![CDATA[I]]></Field>
	<Field name="IndHiveCluster" type="java.lang.String">null</Field>
	<Field name="IndHivePartition" type="java.lang.String">null</Field>
	<Field name="IndHiveSort" type="java.lang.String">null</Field>
	<Field name="IndHiveSortbyAsc" type="java.lang.String">null</Field>
	<Field name="IndIn" type="java.lang.String">null</Field>
	<Field name="IndOut" type="java.lang.String">null</Field>
	<Field name="IndWrite" type="java.lang.String"><![CDATA[1]]></Field>
	<Field name="IndWsInsert" type="java.lang.String"><![CDATA[1]]></Field>
	<Field name="IndWsSelect" type="java.lang.String"><![CDATA[1]]></Field>
	<Field name="IndWsUpdate" type="java.lang.String"><![CDATA[1]]></Field>
	<Field name="IntVersion" type="com.sunopsis.sql.DbInt"><![CDATA[1]]></Field>
	<Field name="ICol" type="com.sunopsis.sql.DbInt"><![CDATA[2]]></Field>
	<Field name="ISrcCol" type="com.sunopsis.sql.DbInt"><![CDATA[null]]></Field>
	<Field name="ITable" type="com.sunopsis.sql.DbInt"><![CDATA[1]]></Field>
	<Field name="ITxtColDesc" type="com.sunopsis.sql.DbInt"><![CDATA[null]]></Field>
	<Field name="LastDate" type="java.sql.Timestamp"><![CDATA[2020-10-14 17:01:01.0]]></Field>
	<Field name="LastUser" type="java.lang.String"><![CDATA[SUPERVISOR]]></Field>
	<Field name="Longc" type="com.sunopsis.sql.DbInt"><![CDATA[40]]></Field>
	<Field name="Pos" type="com.sunopsis.sql.DbInt"><![CDATA[2]]></Field>
	<Field name="RecCodeList" type="java.lang.String">null</Field>
	<Field name="Scalec" type="com.sunopsis.sql.DbInt"><![CDATA[null]]></Field>
	<Field name="ScdColType" type="java.lang.String">null</Field>
	<Field name="SourceDt" type="java.lang.String"><![CDATA[VARCHAR2]]></Field>
</Object>
<Object class="com.sunopsis.dwg.dbobj.SnpCol">
		<Field name="Bytes" type="com.sunopsis.sql.DbInt"><![CDATA[0]]></Field>
	<Field name="CheckFlow" type="java.lang.String"><![CDATA[1]]></Field>
	<Field name="CheckStat" type="java.lang.String"><![CDATA[0]]></Field>
	<Field name="ColDecSep" type="java.lang.String">null</Field>
	<Field name="ColFormat" type="java.lang.String">null</Field>
	<Field name="ColHeading" type="java.lang.String"><![CDATA[REGION_ID]]></Field>
	<Field name="ColMandatory" type="java.lang.String"><![CDATA[0]]></Field>
	<Field name="ColName" type="java.lang.String"><![CDATA[REGION_ID]]></Field>
	<Field name="ColNullIfErr" type="java.lang.String">null</Field>
	<Field name="DataFormat" type="java.lang.String">null</Field>
	<Field name="DefValue" type="java.lang.String">null</Field>
	<Field name="ExtVersion" type="java.lang.String">null</Field>
	<Field name="FilePos" type="com.sunopsis.sql.DbInt"><![CDATA[null]]></Field>
	<Field name="FirstDate" type="java.sql.Timestamp"><![CDATA[2020-10-14 17:01:01.0]]></Field>
	<Field name="FirstUser" type="java.lang.String"><![CDATA[SUPERVISOR]]></Field>
	<Field name="GlobalId" type="java.lang.String"><![CDATA[8d43eb17-7ea9-41db-b19c-8c4ecdd19b59]]></Field>
	<Field name="HbaseEncoding" type="java.lang.String">null</Field>
	<Field name="HiveSortbyPos" type="com.sunopsis.sql.DbInt"><![CDATA[null]]></Field>
	<Field name="IndChange" type="java.lang.String"><![CDATA[I]]></Field>
	<Field name="IndHiveCluster" type="java.lang.String">null</Field>
	<Field name="IndHivePartition" type="java.lang.String">null</Field>
	<Field name="IndHiveSort" type="java.lang.String">null</Field>
	<Field name="IndHiveSortbyAsc" type="java.lang.String">null</Field>
	<Field name="IndIn" type="java.lang.String">null</Field>
	<Field name="IndOut" type="java.lang.String">null</Field>
	<Field name="IndWrite" type="java.lang.String"><![CDATA[1]]></Field>
	<Field name="IndWsInsert" type="java.lang.String"><![CDATA[1]]></Field>
	<Field name="IndWsSelect" type="java.lang.String"><![CDATA[1]]></Field>
	<Field name="IndWsUpdate" type="java.lang.String"><![CDATA[1]]></Field>
	<Field name="IntVersion" type="com.sunopsis.sql.DbInt"><![CDATA[1]]></Field>
	<Field name="ICol" type="com.sunopsis.sql.DbInt"><![CDATA[3]]></Field>
	<Field name="ISrcCol" type="com.sunopsis.sql.DbInt"><![CDATA[null]]></Field>
	<Field name="ITable" type="com.sunopsis.sql.DbInt"><![CDATA[1]]></Field>
	<Field name="ITxtColDesc" type="com.sunopsis.sql.DbInt"><![CDATA[null]]></Field>
	<Field name="LastDate" type="java.sql.Timestamp"><![CDATA[2020-10-14 17:01:01.0]]></Field>
	<Field name="LastUser" type="java.lang.String"><![CDATA[SUPERVISOR]]></Field>
	<Field name="Longc" type="com.sunopsis.sql.DbInt"><![CDATA[null]]></Field>
	<Field name="Pos" type="com.sunopsis.sql.DbInt"><![CDATA[3]]></Field>
	<Field name="RecCodeList" type="java.lang.String">null</Field>
	<Field name="Scalec" type="com.sunopsis.sql.DbInt"><![CDATA[null]]></Field>
	<Field name="ScdColType" type="java.lang.String">null</Field>
	<Field name="SourceDt" type="java.lang.String"><![CDATA[NUMBER]]></Field>
</Object>
<Object class="com.sunopsis.dwg.dbobj.SnpKey">
		<Field name="CheckFlow" type="java.lang.String"><![CDATA[1]]></Field>
	<Field name="CheckStat" type="java.lang.String"><![CDATA[1]]></Field>
	<Field name="ConsType" type="java.lang.String"><![CDATA[PK]]></Field>
	<Field name="ExtVersion" type="java.lang.String">null</Field>
	<Field name="FirstDate" type="java.sql.Timestamp"><![CDATA[2020-10-14 17:01:01.0]]></Field>
	<Field name="FirstUser" type="java.lang.String"><![CDATA[SUPERVISOR]]></Field>
	<Field name="GlobalId" type="java.lang.String"><![CDATA[caec37c7-b91d-4d5f-b7a4-a395834164ac]]></Field>
	<Field name="IndActive" type="java.lang.String"><![CDATA[1]]></Field>
	<Field name="IndChange" type="java.lang.String"><![CDATA[U]]></Field>
	<Field name="IndDb" type="java.lang.String"><![CDATA[1]]></Field>
	<Field name="IntVersion" type="com.sunopsis.sql.DbInt"><![CDATA[1]]></Field>
	<Field name="IKey" type="com.sunopsis.sql.DbInt"><![CDATA[1]]></Field>
	<Field name="ITable" type="com.sunopsis.sql.DbInt"><![CDATA[1]]></Field>
	<Field name="KeyName" type="java.lang.String"><![CDATA[COUNTRY_C_ID_PK]]></Field>
	<Field name="LastDate" type="java.sql.Timestamp"><![CDATA[2020-10-14 17:01:01.0]]></Field>
	<Field name="LastUser" type="java.lang.String"><![CDATA[SUPERVISOR]]></Field>
</Object>
<Object class="com.sunopsis.dwg.dbobj.SnpKeyCol">
		<Field name="FirstDate" type="java.sql.Timestamp"><![CDATA[2020-10-14 17:01:01.0]]></Field>
	<Field name="FirstUser" type="java.lang.String"><![CDATA[SUPERVISOR]]></Field>
	<Field name="GlobalId" type="java.lang.String"><![CDATA[88e081ef-5428-4b50-acb7-91d305de6530]]></Field>
	<Field name="IndChange" type="java.lang.String"><![CDATA[I]]></Field>
	<Field name="IntVersion" type="com.sunopsis.sql.DbInt"><![CDATA[1]]></Field>
	<Field name="ICol" type="com.sunopsis.sql.DbInt"><![CDATA[1]]></Field>
	<Field name="IKey" type="com.sunopsis.sql.DbInt"><![CDATA[1]]></Field>
	<Field name="LastDate" type="java.sql.Timestamp"><![CDATA[2020-10-14 17:01:01.0]]></Field>
	<Field name="LastUser" type="java.lang.String"><![CDATA[SUPERVISOR]]></Field>
	<Field name="Pos" type="com.sunopsis.sql.DbInt"><![CDATA[1]]></Field>
</Object>
<Object class="com.sunopsis.dwg.dbobj.SnpReferencedObject">
		<Field name="IObject" type="com.sunopsis.sql.DbInt"><![CDATA[2600]]></Field>
	<Field name="ObjectPKasString" type="java.lang.String"><![CDATA[1]]></Field>
	<Field name="ObjectAKasString" type="java.lang.String"><![CDATA[1#COUNTRY_ID]]></Field>
	<Field name="Description" type="java.lang.String"><![CDATA[SNP_MODEL : HR #SNP_SUBMODEL : Global #SNP_TABLE : COUNTRIES #SNP_COL : COUNTRY_ID]]></Field>
 <Field name="GlobalId" type="java.lang.String"><![CDATA[43736600-57d2-4862-98f5-b84d3a975e40]]></Field>
</Object>
<Object class="com.sunopsis.dwg.dbobj.SnpJoin">
		<Field name="CheckFlow" type="java.lang.String"><![CDATA[1]]></Field>
	<Field name="CheckStat" type="java.lang.String"><![CDATA[1]]></Field>
	<Field name="Defer" type="java.lang.String">null</Field>
	<Field name="DelRule" type="java.lang.String"><![CDATA[R]]></Field>
	<Field name="ExtVersion" type="java.lang.String">null</Field>
	<Field name="FirstDate" type="java.sql.Timestamp"><![CDATA[2020-10-14 17:01:02.0]]></Field>
	<Field name="FirstUser" type="java.lang.String"><![CDATA[SUPERVISOR]]></Field>
	<Field name="FkName" type="java.lang.String"><![CDATA[COUNTR_REG_FK]]></Field>
	<Field name="FkType" type="java.lang.String"><![CDATA[D]]></Field>
	<Field name="GlobalId" type="java.lang.String"><![CDATA[10adea44-994a-4d1e-bfb7-c5f5bb63e20c]]></Field>
	<Field name="IndActive" type="java.lang.String"><![CDATA[1]]></Field>
	<Field name="IndChange" type="java.lang.String"><![CDATA[U]]></Field>
	<Field name="IntVersion" type="com.sunopsis.sql.DbInt"><![CDATA[1]]></Field>
	<Field name="IJoin" type="com.sunopsis.sql.DbInt"><![CDATA[1]]></Field>
	<Field name="IScTablePk" type="com.sunopsis.sql.DbInt"><![CDATA[null]]></Field>
	<Field name="ITableFk" type="com.sunopsis.sql.DbInt"><![CDATA[1]]></Field>
	<Field name="ITablePk" type="com.sunopsis.sql.DbInt"><![CDATA[7]]></Field>
	<Field name="ITxtComplex" type="com.sunopsis.sql.DbInt"><![CDATA[null]]></Field>
	<Field name="LastDate" type="java.sql.Timestamp"><![CDATA[2020-10-14 17:01:02.0]]></Field>
	<Field name="LastUser" type="java.lang.String"><![CDATA[SUPERVISOR]]></Field>
	<Field name="PkCatalog" type="java.lang.String">null</Field>
	<Field name="PkIMod" type="com.sunopsis.sql.DbInt"><![CDATA[1]]></Field>
	<Field name="PkSchema" type="java.lang.String"><![CDATA[POCDEV_HR]]></Field>
	<Field name="PkTableAlias" type="java.lang.String"><![CDATA[REGIONS]]></Field>
	<Field name="PkTableName" type="java.lang.String"><![CDATA[REGIONS]]></Field>
	<Field name="UpdRule" type="java.lang.String"><![CDATA[C]]></Field>
</Object>
<Object class="com.sunopsis.dwg.dbobj.SnpReferencedObject">
		<Field name="IObject" type="com.sunopsis.sql.DbInt"><![CDATA[2400]]></Field>
	<Field name="ObjectPKasString" type="java.lang.String"><![CDATA[7]]></Field>
	<Field name="ObjectAKasString" type="java.lang.String"><![CDATA[1#REGIONS]]></Field>
	<Field name="Description" type="java.lang.String"><![CDATA[SNP_MODEL : HR #SNP_SUBMODEL : Global #SNP_TABLE : REGIONS]]></Field>
 <Field name="GlobalId" type="java.lang.String"><![CDATA[009d3356-451d-4328-bace-948f87208e32]]></Field>
</Object>
<Object class="com.sunopsis.dwg.dbobj.SnpJoinCol">
		<Field name="FirstDate" type="java.sql.Timestamp"><![CDATA[2020-10-14 17:01:02.0]]></Field>
	<Field name="FirstUser" type="java.lang.String"><![CDATA[SUPERVISOR]]></Field>
	<Field name="GlobalId" type="java.lang.String"><![CDATA[ac78221c-1c91-437a-8e87-70680f44d8e7]]></Field>
	<Field name="IndChange" type="java.lang.String"><![CDATA[I]]></Field>
	<Field name="IntVersion" type="com.sunopsis.sql.DbInt"><![CDATA[1]]></Field>
	<Field name="IColFk" type="com.sunopsis.sql.DbInt"><![CDATA[3]]></Field>
	<Field name="IColPk" type="com.sunopsis.sql.DbInt"><![CDATA[34]]></Field>
	<Field name="IJoin" type="com.sunopsis.sql.DbInt"><![CDATA[1]]></Field>
	<Field name="LastDate" type="java.sql.Timestamp"><![CDATA[2020-10-14 17:01:02.0]]></Field>
	<Field name="LastUser" type="java.lang.String"><![CDATA[SUPERVISOR]]></Field>
	<Field name="PkColName" type="java.lang.String"><![CDATA[REGION_ID]]></Field>
	<Field name="Pos" type="com.sunopsis.sql.DbInt"><![CDATA[1]]></Field>
</Object>
<Object class="com.sunopsis.dwg.dbobj.SnpReferencedObject">
		<Field name="IObject" type="com.sunopsis.sql.DbInt"><![CDATA[2600]]></Field>
	<Field name="ObjectPKasString" type="java.lang.String"><![CDATA[34]]></Field>
	<Field name="ObjectAKasString" type="java.lang.String"><![CDATA[7#REGION_ID]]></Field>
	<Field name="Description" type="java.lang.String"><![CDATA[SNP_MODEL : HR #SNP_SUBMODEL : Global #SNP_TABLE : REGIONS #SNP_COL : REGION_ID]]></Field>
 <Field name="GlobalId" type="java.lang.String"><![CDATA[b08b399e-8de8-42d4-af24-e387192e1505]]></Field>
</Object>
<Object class="com.sunopsis.dwg.dbobj.SnpReferencedObject">
		<Field name="IObject" type="com.sunopsis.sql.DbInt"><![CDATA[2600]]></Field>
	<Field name="ObjectPKasString" type="java.lang.String"><![CDATA[3]]></Field>
	<Field name="ObjectAKasString" type="java.lang.String"><![CDATA[1#REGION_ID]]></Field>
	<Field name="Description" type="java.lang.String"><![CDATA[SNP_MODEL : HR #SNP_SUBMODEL : Global #SNP_TABLE : COUNTRIES #SNP_COL : REGION_ID]]></Field>
 <Field name="GlobalId" type="java.lang.String"><![CDATA[8d43eb17-7ea9-41db-b19c-8c4ecdd19b59]]></Field>
</Object>
<Object class="com.sunopsis.dwg.dbobj.SnpFKXRef">
		<Field name="RefKey" type="java.lang.String"><![CDATA[SNP_SUBMODEL.1.2]]></Field>
	<Field name="RefObjGlobalId" type="java.lang.String"><![CDATA[4504f5ac-341c-412e-b8e4-cec0a727e0a1]]></Field>
 <Field name="RefObjFQName" type="java.lang.String"><![CDATA[HR.Global]]></Field>
 <Field name="RefObjFQType" type="java.lang.String"><![CDATA[SNP_MODEL.SNP_SUBMODEL]]></Field>
 <Field name="RefObjFQNameLengths" type="java.lang.String"><![CDATA[2.6]]></Field>
</Object>
<Object class="com.sunopsis.dwg.dbobj.SnpFKXRef">
		<Field name="RefKey" type="java.lang.String"><![CDATA[SNP_TABLE.1]]></Field>
	<Field name="RefObjGlobalId" type="java.lang.String"><![CDATA[5e72ce6e-6e63-4818-9da4-7e9e2033e0ad]]></Field>
 <Field name="RefObjFQName" type="java.lang.String"><![CDATA[HR.Global.COUNTRIES]]></Field>
 <Field name="RefObjFQType" type="java.lang.String"><![CDATA[SNP_MODEL.SNP_SUBMODEL.SNP_TABLE]]></Field>
 <Field name="RefObjFQNameLengths" type="java.lang.String"><![CDATA[2.6.9]]></Field>
</Object>
<Object class="com.sunopsis.dwg.dbobj.SnpFKXRef">
		<Field name="RefKey" type="java.lang.String"><![CDATA[SNP_KEY.1]]></Field>
	<Field name="RefObjGlobalId" type="java.lang.String"><![CDATA[caec37c7-b91d-4d5f-b7a4-a395834164ac]]></Field>
 <Field name="RefObjFQName" type="java.lang.String"><![CDATA[HR.Global.COUNTRIES.COUNTRY_C_ID_PK]]></Field>
 <Field name="RefObjFQType" type="java.lang.String"><![CDATA[SNP_MODEL.SNP_SUBMODEL.SNP_TABLE.SNP_KEY]]></Field>
 <Field name="RefObjFQNameLengths" type="java.lang.String"><![CDATA[2.6.9.15]]></Field>
</Object>
<Object class="com.sunopsis.dwg.dbobj.SnpFKXRef">
		<Field name="RefKey" type="java.lang.String"><![CDATA[SNP_COL.1]]></Field>
	<Field name="RefObjGlobalId" type="java.lang.String"><![CDATA[43736600-57d2-4862-98f5-b84d3a975e40]]></Field>
 <Field name="RefObjFQName" type="java.lang.String"><![CDATA[HR.Global.COUNTRIES.COUNTRY_ID]]></Field>
 <Field name="RefObjFQType" type="java.lang.String"><![CDATA[SNP_MODEL.SNP_SUBMODEL.SNP_TABLE.SNP_COL]]></Field>
 <Field name="RefObjFQNameLengths" type="java.lang.String"><![CDATA[2.6.9.10]]></Field>
</Object>
<Object class="com.sunopsis.dwg.dbobj.SnpFKXRef">
		<Field name="RefKey" type="java.lang.String"><![CDATA[SNP_TABLE.7]]></Field>
	<Field name="RefObjGlobalId" type="java.lang.String"><![CDATA[009d3356-451d-4328-bace-948f87208e32]]></Field>
 <Field name="RefObjFQName" type="java.lang.String"><![CDATA[HR.Global.REGIONS]]></Field>
 <Field name="RefObjFQType" type="java.lang.String"><![CDATA[SNP_MODEL.SNP_SUBMODEL.SNP_TABLE]]></Field>
 <Field name="RefObjFQNameLengths" type="java.lang.String"><![CDATA[2.6.7]]></Field>
</Object>
<Object class="com.sunopsis.dwg.dbobj.SnpFKXRef">
		<Field name="RefKey" type="java.lang.String"><![CDATA[SNP_TABLE.7]]></Field>
	<Field name="RefObjGlobalId" type="java.lang.String"><![CDATA[009d3356-451d-4328-bace-948f87208e32]]></Field>
 <Field name="RefObjFQName" type="java.lang.String"><![CDATA[HR.Global.REGIONS]]></Field>
 <Field name="RefObjFQType" type="java.lang.String"><![CDATA[SNP_MODEL.SNP_SUBMODEL.SNP_TABLE]]></Field>
 <Field name="RefObjFQNameLengths" type="java.lang.String"><![CDATA[2.6.7]]></Field>
</Object>
<Object class="com.sunopsis.dwg.dbobj.SnpFKXRef">
		<Field name="RefKey" type="java.lang.String"><![CDATA[SNP_MODEL.1]]></Field>
	<Field name="RefObjGlobalId" type="java.lang.String"><![CDATA[9dbebef2-7b25-4954-9f94-901167f06a58]]></Field>
 <Field name="RefObjFQName" type="java.lang.String"><![CDATA[HR]]></Field>
 <Field name="RefObjFQType" type="java.lang.String"><![CDATA[SNP_MODEL]]></Field>
 <Field name="RefObjFQNameLengths" type="java.lang.String"><![CDATA[2]]></Field>
</Object>
<Object class="com.sunopsis.dwg.dbobj.SnpFKXRef">
		<Field name="RefKey" type="java.lang.String"><![CDATA[SNP_JOIN.1]]></Field>
	<Field name="RefObjGlobalId" type="java.lang.String"><![CDATA[10adea44-994a-4d1e-bfb7-c5f5bb63e20c]]></Field>
 <Field name="RefObjFQName" type="java.lang.String"><![CDATA[HR.Global.COUNTRIES.COUNTR_REG_FK]]></Field>
 <Field name="RefObjFQType" type="java.lang.String"><![CDATA[SNP_MODEL.SNP_SUBMODEL.SNP_TABLE.SNP_JOIN]]></Field>
 <Field name="RefObjFQNameLengths" type="java.lang.String"><![CDATA[2.6.9.13]]></Field>
</Object>
<Object class="com.sunopsis.dwg.dbobj.SnpFKXRef">
		<Field name="RefKey" type="java.lang.String"><![CDATA[SNP_COL.3]]></Field>
	<Field name="RefObjGlobalId" type="java.lang.String"><![CDATA[8d43eb17-7ea9-41db-b19c-8c4ecdd19b59]]></Field>
 <Field name="RefObjFQName" type="java.lang.String"><![CDATA[HR.Global.COUNTRIES.REGION_ID]]></Field>
 <Field name="RefObjFQType" type="java.lang.String"><![CDATA[SNP_MODEL.SNP_SUBMODEL.SNP_TABLE.SNP_COL]]></Field>
 <Field name="RefObjFQNameLengths" type="java.lang.String"><![CDATA[2.6.9.9]]></Field>
</Object>
<Object class="com.sunopsis.dwg.dbobj.SnpFKXRef">
		<Field name="RefKey" type="java.lang.String"><![CDATA[SNP_COL.34]]></Field>
	<Field name="RefObjGlobalId" type="java.lang.String"><![CDATA[b08b399e-8de8-42d4-af24-e387192e1505]]></Field>
 <Field name="RefObjFQName" type="java.lang.String"><![CDATA[HR.Global.REGIONS.REGION_ID]]></Field>
 <Field name="RefObjFQType" type="java.lang.String"><![CDATA[SNP_MODEL.SNP_SUBMODEL.SNP_TABLE.SNP_COL]]></Field>
 <Field name="RefObjFQNameLengths" type="java.lang.String"><![CDATA[2.6.7.9]]></Field>
</Object>
<Object class="com.sunopsis.dwg.DwgExportSummary">
		<Field name="ExpTxtNb" type="com.sunopsis.sql.DbInt"><![CDATA[0]]></Field>
	<Field name="InstObjNb" type="com.sunopsis.sql.DbInt"><![CDATA[0]]></Field>
	<Field name="JoinColNb" type="com.sunopsis.sql.DbInt"><![CDATA[1]]></Field>
	<Field name="JoinNb" type="com.sunopsis.sql.DbInt"><![CDATA[1]]></Field>
	<Field name="KeyColNb" type="com.sunopsis.sql.DbInt"><![CDATA[1]]></Field>
	<Field name="KeyNb" type="com.sunopsis.sql.DbInt"><![CDATA[1]]></Field>
	<Field name="LinkDiagNb" type="com.sunopsis.sql.DbInt"><![CDATA[0]]></Field>
	<Field name="MorigTxtNb" type="com.sunopsis.sql.DbInt"><![CDATA[0]]></Field>
	<Field name="MtxtNb" type="com.sunopsis.sql.DbInt"><![CDATA[0]]></Field>
	<Field name="OrigTxtNb" type="com.sunopsis.sql.DbInt"><![CDATA[0]]></Field>
	<Field name="OtherObjectsNb" type="com.sunopsis.sql.DbInt"><![CDATA[4]]></Field>
	<Field name="PlanAgentNb" type="com.sunopsis.sql.DbInt"><![CDATA[0]]></Field>
	<Field name="StepNb" type="com.sunopsis.sql.DbInt"><![CDATA[0]]></Field>
	<Field name="TxtNb" type="com.sunopsis.sql.DbInt"><![CDATA[0]]></Field>
	<Field name="UeOrigNb" type="com.sunopsis.sql.DbInt"><![CDATA[0]]></Field>
	<Field name="UeUsedNb" type="com.sunopsis.sql.DbInt"><![CDATA[0]]></Field>
	<Field name="VarPlanAgentNb" type="com.sunopsis.sql.DbInt"><![CDATA[0]]></Field>
	<Field name="ScenTxtNb" type="com.sunopsis.sql.DbInt"><![CDATA[0]]></Field>
	<Field name="OdiVersion" type="java.lang.String"><![CDATA[12.2.1]]></Field>
	<Field name="OriginRepositoryID" type="com.sunopsis.sql.DbInt"><![CDATA[1]]></Field>
	<Field name="RepositoryVersion" type="java.lang.String"><![CDATA[05.02.02.09]]></Field>
</Object>
</SunopsisExport>
