<?xml version="1.0" encoding="UTF-8"?>
<SunopsisExport>
<Admin RepositoryVersion="05.02.02.09" IsLegacyIdCompatible="false" />
<Encryption algorithm="AES" keyLength="128" exportKeyHash="9NaSgzYdtY6+AZGnGA9w8jU+1GbEYITTSI3/qyph7EE=" keyVect="N/c61hgH1NsJRaNp9We4ow==" exportKeySalt="b1b39e2a-0151-40d3-99ac-48d8da59fbd8" containsCipherText="false"/>
<Object class="com.sunopsis.dwg.dbobj.SnpTable">
		<Field name="ExtVersion" type="java.lang.String">null</Field>
	<Field name="FileDecSep" type="java.lang.String">null</Field>
	<Field name="FileEncField" type="java.lang.String">null</Field>
	<Field name="FileEscChar" type="java.lang.String">null</Field>
	<Field name="FileFirstRow" type="com.sunopsis.sql.DbInt"><![CDATA[null]]></Field>
	<Field name="FileFormat" type="java.lang.String">null</Field>
	<Field name="FileNullValue" type="java.lang.String">null</Field>
	<Field name="FileSepColl" type="java.lang.String">null</Field>
	<Field name="FileSepField" type="java.lang.String">null</Field>
	<Field name="FileSepMap" type="java.lang.String">null</Field>
	<Field name="FileSepRow" type="java.lang.String">null</Field>
	<Field name="FirstDate" type="java.sql.Timestamp"><![CDATA[2020-10-14 17:01:01.0]]></Field>
	<Field name="FirstUser" type="java.lang.String"><![CDATA[SUPERVISOR]]></Field>
	<Field name="GlobalId" type="java.lang.String"><![CDATA[009d3356-451d-4328-bace-948f87208e32]]></Field>
	<Field name="HiveBuckets" type="com.sunopsis.sql.DbInt"><![CDATA[null]]></Field>
	<Field name="HiveLocation" type="java.lang.String">null</Field>
	<Field name="HiveRowFormat" type="java.lang.String">null</Field>
	<Field name="IndChange" type="java.lang.String"><![CDATA[U]]></Field>
	<Field name="IndErrDel" type="java.lang.String">null</Field>
	<Field name="IndFilePosAuto" type="java.lang.String">null</Field>
	<Field name="IndHiveManaged" type="java.lang.String">null</Field>
	<Field name="IndHiveNative" type="java.lang.String">null</Field>
	<Field name="IndJrn" type="java.lang.String"><![CDATA[0]]></Field>
	<Field name="IndShow" type="java.lang.String"><![CDATA[1]]></Field>
	<Field name="IndWs" type="java.lang.String">null</Field>
	<Field name="InputFormat" type="java.lang.String">null</Field>
	<Field name="IntVersion" type="com.sunopsis.sql.DbInt"><![CDATA[1]]></Field>
	<Field name="IMod" type="com.sunopsis.sql.DbInt"><![CDATA[1]]></Field>
	<Field name="IScBaseTable" type="com.sunopsis.sql.DbInt"><![CDATA[null]]></Field>
	<Field name="IScOrigTable" type="com.sunopsis.sql.DbInt"><![CDATA[null]]></Field>
	<Field name="IScTable" type="com.sunopsis.sql.DbInt"><![CDATA[null]]></Field>
	<Field name="ISubModel" type="com.sunopsis.sql.DbInt"><![CDATA[2]]></Field>
	<Field name="ITable" type="com.sunopsis.sql.DbInt"><![CDATA[7]]></Field>
	<Field name="ITableFormatType" type="com.sunopsis.sql.DbInt"><![CDATA[null]]></Field>
	<Field name="ITxtDesc" type="com.sunopsis.sql.DbInt"><![CDATA[null]]></Field>
	<Field name="ITxtWsdl" type="com.sunopsis.sql.DbInt"><![CDATA[null]]></Field>
	<Field name="JrnOrder" type="com.sunopsis.sql.DbInt"><![CDATA[null]]></Field>
	<Field name="LastDate" type="java.sql.Timestamp"><![CDATA[2020-10-14 17:01:01.0]]></Field>
	<Field name="LastUser" type="java.lang.String"><![CDATA[SUPERVISOR]]></Field>
	<Field name="OlapType" type="java.lang.String">null</Field>
	<Field name="OutputFormat" type="java.lang.String">null</Field>
	<Field name="PartitionMeth" type="java.lang.String">null</Field>
	<Field name="ResName" type="java.lang.String"><![CDATA[REGIONS]]></Field>
	<Field name="RCount" type="com.sunopsis.sql.DbInt"><![CDATA[null]]></Field>
	<Field name="SchemaFile" type="java.lang.String">null</Field>
	<Field name="ScOrigTableTag" type="java.lang.String">null</Field>
	<Field name="Serde" type="java.lang.String">null</Field>
	<Field name="SerdeProp" type="java.lang.String">null</Field>
	<Field name="StorageHandler" type="java.lang.String">null</Field>
	<Field name="StorageProp" type="java.lang.String">null</Field>
	<Field name="SubPartitionMeth" type="java.lang.String">null</Field>
	<Field name="TableAlias" type="java.lang.String"><![CDATA[REGIONS]]></Field>
	<Field name="TableName" type="java.lang.String"><![CDATA[REGIONS]]></Field>
	<Field name="TableProp" type="java.lang.String">null</Field>
	<Field name="TableType" type="java.lang.String"><![CDATA[T]]></Field>
	<Field name="WsEntityName" type="java.lang.String">null</Field>
	<Field name="WsName" type="java.lang.String">null</Field>
</Object>
<Object class="com.sunopsis.dwg.dbobj.SnpCol">
		<Field name="Bytes" type="com.sunopsis.sql.DbInt"><![CDATA[0]]></Field>
	<Field name="CheckFlow" type="java.lang.String"><![CDATA[1]]></Field>
	<Field name="CheckStat" type="java.lang.String"><![CDATA[0]]></Field>
	<Field name="ColDecSep" type="java.lang.String">null</Field>
	<Field name="ColFormat" type="java.lang.String">null</Field>
	<Field name="ColHeading" type="java.lang.String"><![CDATA[REGION_ID]]></Field>
	<Field name="ColMandatory" type="java.lang.String"><![CDATA[1]]></Field>
	<Field name="ColName" type="java.lang.String"><![CDATA[REGION_ID]]></Field>
	<Field name="ColNullIfErr" type="java.lang.String">null</Field>
	<Field name="DataFormat" type="java.lang.String">null</Field>
	<Field name="DefValue" type="java.lang.String">null</Field>
	<Field name="ExtVersion" type="java.lang.String">null</Field>
	<Field name="FilePos" type="com.sunopsis.sql.DbInt"><![CDATA[null]]></Field>
	<Field name="FirstDate" type="java.sql.Timestamp"><![CDATA[2020-10-14 17:01:01.0]]></Field>
	<Field name="FirstUser" type="java.lang.String"><![CDATA[SUPERVISOR]]></Field>
	<Field name="GlobalId" type="java.lang.String"><![CDATA[b08b399e-8de8-42d4-af24-e387192e1505]]></Field>
	<Field name="HbaseEncoding" type="java.lang.String">null</Field>
	<Field name="HiveSortbyPos" type="com.sunopsis.sql.DbInt"><![CDATA[null]]></Field>
	<Field name="IndChange" type="java.lang.String"><![CDATA[I]]></Field>
	<Field name="IndHiveCluster" type="java.lang.String">null</Field>
	<Field name="IndHivePartition" type="java.lang.String">null</Field>
	<Field name="IndHiveSort" type="java.lang.String">null</Field>
	<Field name="IndHiveSortbyAsc" type="java.lang.String">null</Field>
	<Field name="IndIn" type="java.lang.String">null</Field>
	<Field name="IndOut" type="java.lang.String">null</Field>
	<Field name="IndWrite" type="java.lang.String"><![CDATA[1]]></Field>
	<Field name="IndWsInsert" type="java.lang.String"><![CDATA[1]]></Field>
	<Field name="IndWsSelect" type="java.lang.String"><![CDATA[1]]></Field>
	<Field name="IndWsUpdate" type="java.lang.String"><![CDATA[1]]></Field>
	<Field name="IntVersion" type="com.sunopsis.sql.DbInt"><![CDATA[1]]></Field>
	<Field name="ICol" type="com.sunopsis.sql.DbInt"><![CDATA[34]]></Field>
	<Field name="ISrcCol" type="com.sunopsis.sql.DbInt"><![CDATA[null]]></Field>
	<Field name="ITable" type="com.sunopsis.sql.DbInt"><![CDATA[7]]></Field>
	<Field name="ITxtColDesc" type="com.sunopsis.sql.DbInt"><![CDATA[null]]></Field>
	<Field name="LastDate" type="java.sql.Timestamp"><![CDATA[2020-10-14 17:01:01.0]]></Field>
	<Field name="LastUser" type="java.lang.String"><![CDATA[SUPERVISOR]]></Field>
	<Field name="Longc" type="com.sunopsis.sql.DbInt"><![CDATA[null]]></Field>
	<Field name="Pos" type="com.sunopsis.sql.DbInt"><![CDATA[1]]></Field>
	<Field name="RecCodeList" type="java.lang.String">null</Field>
	<Field name="Scalec" type="com.sunopsis.sql.DbInt"><![CDATA[null]]></Field>
	<Field name="ScdColType" type="java.lang.String">null</Field>
	<Field name="SourceDt" type="java.lang.String"><![CDATA[NUMBER]]></Field>
</Object>
<Object class="com.sunopsis.dwg.dbobj.SnpCol">
		<Field name="Bytes" type="com.sunopsis.sql.DbInt"><![CDATA[0]]></Field>
	<Field name="CheckFlow" type="java.lang.String"><![CDATA[1]]></Field>
	<Field name="CheckStat" type="java.lang.String"><![CDATA[0]]></Field>
	<Field name="ColDecSep" type="java.lang.String">null</Field>
	<Field name="ColFormat" type="java.lang.String">null</Field>
	<Field name="ColHeading" type="java.lang.String"><![CDATA[REGION_NAME]]></Field>
	<Field name="ColMandatory" type="java.lang.String"><![CDATA[0]]></Field>
	<Field name="ColName" type="java.lang.String"><![CDATA[REGION_NAME]]></Field>
	<Field name="ColNullIfErr" type="java.lang.String">null</Field>
	<Field name="DataFormat" type="java.lang.String">null</Field>
	<Field name="DefValue" type="java.lang.String">null</Field>
	<Field name="ExtVersion" type="java.lang.String">null</Field>
	<Field name="FilePos" type="com.sunopsis.sql.DbInt"><![CDATA[null]]></Field>
	<Field name="FirstDate" type="java.sql.Timestamp"><![CDATA[2020-10-14 17:01:01.0]]></Field>
	<Field name="FirstUser" type="java.lang.String"><![CDATA[SUPERVISOR]]></Field>
	<Field name="GlobalId" type="java.lang.String"><![CDATA[32e8b313-8418-4fb1-b5f0-e21e6d113c96]]></Field>
	<Field name="HbaseEncoding" type="java.lang.String">null</Field>
	<Field name="HiveSortbyPos" type="com.sunopsis.sql.DbInt"><![CDATA[null]]></Field>
	<Field name="IndChange" type="java.lang.String"><![CDATA[I]]></Field>
	<Field name="IndHiveCluster" type="java.lang.String">null</Field>
	<Field name="IndHivePartition" type="java.lang.String">null</Field>
	<Field name="IndHiveSort" type="java.lang.String">null</Field>
	<Field name="IndHiveSortbyAsc" type="java.lang.String">null</Field>
	<Field name="IndIn" type="java.lang.String">null</Field>
	<Field name="IndOut" type="java.lang.String">null</Field>
	<Field name="IndWrite" type="java.lang.String"><![CDATA[1]]></Field>
	<Field name="IndWsInsert" type="java.lang.String"><![CDATA[1]]></Field>
	<Field name="IndWsSelect" type="java.lang.String"><![CDATA[1]]></Field>
	<Field name="IndWsUpdate" type="java.lang.String"><![CDATA[1]]></Field>
	<Field name="IntVersion" type="com.sunopsis.sql.DbInt"><![CDATA[1]]></Field>
	<Field name="ICol" type="com.sunopsis.sql.DbInt"><![CDATA[35]]></Field>
	<Field name="ISrcCol" type="com.sunopsis.sql.DbInt"><![CDATA[null]]></Field>
	<Field name="ITable" type="com.sunopsis.sql.DbInt"><![CDATA[7]]></Field>
	<Field name="ITxtColDesc" type="com.sunopsis.sql.DbInt"><![CDATA[null]]></Field>
	<Field name="LastDate" type="java.sql.Timestamp"><![CDATA[2020-10-14 17:01:01.0]]></Field>
	<Field name="LastUser" type="java.lang.String"><![CDATA[SUPERVISOR]]></Field>
	<Field name="Longc" type="com.sunopsis.sql.DbInt"><![CDATA[25]]></Field>
	<Field name="Pos" type="com.sunopsis.sql.DbInt"><![CDATA[2]]></Field>
	<Field name="RecCodeList" type="java.lang.String">null</Field>
	<Field name="Scalec" type="com.sunopsis.sql.DbInt"><![CDATA[null]]></Field>
	<Field name="ScdColType" type="java.lang.String">null</Field>
	<Field name="SourceDt" type="java.lang.String"><![CDATA[VARCHAR2]]></Field>
</Object>
<Object class="com.sunopsis.dwg.dbobj.SnpKey">
		<Field name="CheckFlow" type="java.lang.String"><![CDATA[1]]></Field>
	<Field name="CheckStat" type="java.lang.String"><![CDATA[1]]></Field>
	<Field name="ConsType" type="java.lang.String"><![CDATA[PK]]></Field>
	<Field name="ExtVersion" type="java.lang.String">null</Field>
	<Field name="FirstDate" type="java.sql.Timestamp"><![CDATA[2020-10-14 17:01:01.0]]></Field>
	<Field name="FirstUser" type="java.lang.String"><![CDATA[SUPERVISOR]]></Field>
	<Field name="GlobalId" type="java.lang.String"><![CDATA[fb5688fe-f1dd-4d0c-9c62-53977824c2fc]]></Field>
	<Field name="IndActive" type="java.lang.String"><![CDATA[1]]></Field>
	<Field name="IndChange" type="java.lang.String"><![CDATA[U]]></Field>
	<Field name="IndDb" type="java.lang.String"><![CDATA[1]]></Field>
	<Field name="IntVersion" type="com.sunopsis.sql.DbInt"><![CDATA[1]]></Field>
	<Field name="IKey" type="com.sunopsis.sql.DbInt"><![CDATA[7]]></Field>
	<Field name="ITable" type="com.sunopsis.sql.DbInt"><![CDATA[7]]></Field>
	<Field name="KeyName" type="java.lang.String"><![CDATA[REG_ID_PK]]></Field>
	<Field name="LastDate" type="java.sql.Timestamp"><![CDATA[2020-10-14 17:01:01.0]]></Field>
	<Field name="LastUser" type="java.lang.String"><![CDATA[SUPERVISOR]]></Field>
</Object>
<Object class="com.sunopsis.dwg.dbobj.SnpKeyCol">
		<Field name="FirstDate" type="java.sql.Timestamp"><![CDATA[2020-10-14 17:01:01.0]]></Field>
	<Field name="FirstUser" type="java.lang.String"><![CDATA[SUPERVISOR]]></Field>
	<Field name="GlobalId" type="java.lang.String"><![CDATA[de8ab6d0-9392-4f05-8aed-7cc374595944]]></Field>
	<Field name="IndChange" type="java.lang.String"><![CDATA[I]]></Field>
	<Field name="IntVersion" type="com.sunopsis.sql.DbInt"><![CDATA[1]]></Field>
	<Field name="ICol" type="com.sunopsis.sql.DbInt"><![CDATA[34]]></Field>
	<Field name="IKey" type="com.sunopsis.sql.DbInt"><![CDATA[7]]></Field>
	<Field name="LastDate" type="java.sql.Timestamp"><![CDATA[2020-10-14 17:01:01.0]]></Field>
	<Field name="LastUser" type="java.lang.String"><![CDATA[SUPERVISOR]]></Field>
	<Field name="Pos" type="com.sunopsis.sql.DbInt"><![CDATA[1]]></Field>
</Object>
<Object class="com.sunopsis.dwg.dbobj.SnpReferencedObject">
		<Field name="IObject" type="com.sunopsis.sql.DbInt"><![CDATA[2600]]></Field>
	<Field name="ObjectPKasString" type="java.lang.String"><![CDATA[34]]></Field>
	<Field name="ObjectAKasString" type="java.lang.String"><![CDATA[7#REGION_ID]]></Field>
	<Field name="Description" type="java.lang.String"><![CDATA[SNP_MODEL : HR #SNP_SUBMODEL : Global #SNP_TABLE : REGIONS #SNP_COL : REGION_ID]]></Field>
 <Field name="GlobalId" type="java.lang.String"><![CDATA[b08b399e-8de8-42d4-af24-e387192e1505]]></Field>
</Object>
<Object class="com.sunopsis.dwg.dbobj.SnpFKXRef">
		<Field name="RefKey" type="java.lang.String"><![CDATA[SNP_SUBMODEL.1.2]]></Field>
	<Field name="RefObjGlobalId" type="java.lang.String"><![CDATA[4504f5ac-341c-412e-b8e4-cec0a727e0a1]]></Field>
 <Field name="RefObjFQName" type="java.lang.String"><![CDATA[HR.Global]]></Field>
 <Field name="RefObjFQType" type="java.lang.String"><![CDATA[SNP_MODEL.SNP_SUBMODEL]]></Field>
 <Field name="RefObjFQNameLengths" type="java.lang.String"><![CDATA[2.6]]></Field>
</Object>
<Object class="com.sunopsis.dwg.dbobj.SnpFKXRef">
		<Field name="RefKey" type="java.lang.String"><![CDATA[SNP_TABLE.7]]></Field>
	<Field name="RefObjGlobalId" type="java.lang.String"><![CDATA[009d3356-451d-4328-bace-948f87208e32]]></Field>
 <Field name="RefObjFQName" type="java.lang.String"><![CDATA[HR.Global.REGIONS]]></Field>
 <Field name="RefObjFQType" type="java.lang.String"><![CDATA[SNP_MODEL.SNP_SUBMODEL.SNP_TABLE]]></Field>
 <Field name="RefObjFQNameLengths" type="java.lang.String"><![CDATA[2.6.7]]></Field>
</Object>
<Object class="com.sunopsis.dwg.dbobj.SnpFKXRef">
		<Field name="RefKey" type="java.lang.String"><![CDATA[SNP_KEY.7]]></Field>
	<Field name="RefObjGlobalId" type="java.lang.String"><![CDATA[fb5688fe-f1dd-4d0c-9c62-53977824c2fc]]></Field>
 <Field name="RefObjFQName" type="java.lang.String"><![CDATA[HR.Global.REGIONS.REG_ID_PK]]></Field>
 <Field name="RefObjFQType" type="java.lang.String"><![CDATA[SNP_MODEL.SNP_SUBMODEL.SNP_TABLE.SNP_KEY]]></Field>
 <Field name="RefObjFQNameLengths" type="java.lang.String"><![CDATA[2.6.7.9]]></Field>
</Object>
<Object class="com.sunopsis.dwg.dbobj.SnpFKXRef">
		<Field name="RefKey" type="java.lang.String"><![CDATA[SNP_COL.34]]></Field>
	<Field name="RefObjGlobalId" type="java.lang.String"><![CDATA[b08b399e-8de8-42d4-af24-e387192e1505]]></Field>
 <Field name="RefObjFQName" type="java.lang.String"><![CDATA[HR.Global.REGIONS.REGION_ID]]></Field>
 <Field name="RefObjFQType" type="java.lang.String"><![CDATA[SNP_MODEL.SNP_SUBMODEL.SNP_TABLE.SNP_COL]]></Field>
 <Field name="RefObjFQNameLengths" type="java.lang.String"><![CDATA[2.6.7.9]]></Field>
</Object>
<Object class="com.sunopsis.dwg.DwgExportSummary">
		<Field name="ExpTxtNb" type="com.sunopsis.sql.DbInt"><![CDATA[0]]></Field>
	<Field name="InstObjNb" type="com.sunopsis.sql.DbInt"><![CDATA[0]]></Field>
	<Field name="JoinColNb" type="com.sunopsis.sql.DbInt"><![CDATA[0]]></Field>
	<Field name="JoinNb" type="com.sunopsis.sql.DbInt"><![CDATA[0]]></Field>
	<Field name="KeyColNb" type="com.sunopsis.sql.DbInt"><![CDATA[1]]></Field>
	<Field name="KeyNb" type="com.sunopsis.sql.DbInt"><![CDATA[1]]></Field>
	<Field name="LinkDiagNb" type="com.sunopsis.sql.DbInt"><![CDATA[0]]></Field>
	<Field name="MorigTxtNb" type="com.sunopsis.sql.DbInt"><![CDATA[0]]></Field>
	<Field name="MtxtNb" type="com.sunopsis.sql.DbInt"><![CDATA[0]]></Field>
	<Field name="OrigTxtNb" type="com.sunopsis.sql.DbInt"><![CDATA[0]]></Field>
	<Field name="OtherObjectsNb" type="com.sunopsis.sql.DbInt"><![CDATA[3]]></Field>
	<Field name="PlanAgentNb" type="com.sunopsis.sql.DbInt"><![CDATA[0]]></Field>
	<Field name="StepNb" type="com.sunopsis.sql.DbInt"><![CDATA[0]]></Field>
	<Field name="TxtNb" type="com.sunopsis.sql.DbInt"><![CDATA[0]]></Field>
	<Field name="UeOrigNb" type="com.sunopsis.sql.DbInt"><![CDATA[0]]></Field>
	<Field name="UeUsedNb" type="com.sunopsis.sql.DbInt"><![CDATA[0]]></Field>
	<Field name="VarPlanAgentNb" type="com.sunopsis.sql.DbInt"><![CDATA[0]]></Field>
	<Field name="ScenTxtNb" type="com.sunopsis.sql.DbInt"><![CDATA[0]]></Field>
	<Field name="OdiVersion" type="java.lang.String"><![CDATA[12.2.1]]></Field>
	<Field name="OriginRepositoryID" type="com.sunopsis.sql.DbInt"><![CDATA[1]]></Field>
	<Field name="RepositoryVersion" type="java.lang.String"><![CDATA[05.02.02.09]]></Field>
</Object>
</SunopsisExport>
