<?xml version="1.0" encoding="UTF-8"?>
<SunopsisExport>
<Admin RepositoryVersion="05.02.02.09" IsLegacyIdCompatible="false" />
<Encryption algorithm="AES" keyLength="128" exportKeyHash="E9+TRnB4O1RCfdnsGhhx1lYYh/jUkzBLTF9ALof45FE=" keyVect="jt2ZGsNwKwCgdBtxMPq2XA==" exportKeySalt="cba5a40c-eb93-4af6-88f1-e40ba23f47ca" containsCipherText="false"/>
<Object class="com.sunopsis.dwg.dbobj.SnpKmTemplate">
		<Field name="FirstDate" type="java.sql.Timestamp"><![CDATA[2020-11-02 00:03:01.0]]></Field>
	<Field name="FirstUser" type="java.lang.String"><![CDATA[SUNOPSIS_INSTALL]]></Field>
	<Field name="GlobalId" type="java.lang.String"><![CDATA[fa46f37e-2d00-11e6-9456-00163e1ffd72]]></Field>
	<Field name="IndChange" type="java.lang.String">null</Field>
	<Field name="IndIsSeeded" type="java.lang.String"><![CDATA[1]]></Field>
	<Field name="IndLangTrans" type="java.lang.String"><![CDATA[1]]></Field>
	<Field name="IndReplNl" type="java.lang.String"><![CDATA[1]]></Field>
	<Field name="IntVersion" type="com.sunopsis.sql.DbInt"><![CDATA[2]]></Field>
	<Field name="IKmTemplate" type="com.sunopsis.sql.DbInt"><![CDATA[215]]></Field>
	<Field name="LangName" type="java.lang.String"><![CDATA[GROOVY]]></Field>
	<Field name="LastDate" type="java.sql.Timestamp"><![CDATA[2020-11-02 00:16:05.0]]></Field>
	<Field name="LastUser" type="java.lang.String"><![CDATA[SUPERVISOR]]></Field>
	<Field name="Name" type="java.lang.String"><![CDATA[LkmToOracleOlh_Prepare]]></Field>
	<Field name="TechnoName" type="java.lang.String"><![CDATA[GROOVY]]></Field>
	<Field name="TemplateText" type="java.lang.String"><![CDATA[
  /* Prepare some variables */
<?  /* Calculate path names and file names */
	import java.io.File;
	import java.lang.System;
    tempPath = $[tempPath];
    tempPath = (tempPath.length()==0) ? System.getProperty("java.io.tmpdir") : tempPath;
    tempSessionDir = tempPath + "/" + "odi_"+odiRef.getSession("SESS_GUID")+"_"+odiRef.getStep( "NNO" )+"_"+ odiRef.getSession("CONTEXT_CODE");
    tempPath = tempSessionDir;

    loaderStdOutFileName = tempPath + "/" + "odi.out";
    loaderErrFileName    = tempPath + "/" + "odi.err";
    confFileNameLocal    = tempPath + "/" + "odi.olh";

	extTabDir = $[extTabDirLocation];
	mapredOutputDir = $[mapredOutputDir] + "/odi_"+odiRef.getSession("SESS_GUID")+"_"+odiRef.getStep( "NNO" )+"_"+ odiRef.getSession("CONTEXT_CODE");
        
  odiOlhFiles = odiRef.getDataServerProperty("OLH_FILES", "SRC");
	if (odiOlhFiles == null || odiOlhFiles.length() == 0 ) { odiOlhFiles = ""; } else {
        odiOlhFiles = "-files " + odiOlhFiles; };
	
	odiOlhJars = odiRef.getDataServerProperty("OLH_JARS", "SRC");
	if (odiOlhJars == null || odiOlhJars.length() == 0 ) { odiOlhJars = ""; /* throw new RuntimeException( ""+(char)10+(char)10+(char)10+"Required unix environment variable ODI_OLH_JARS is undefined!"+(char)10+(char)10+(char)10); */ } else {
	odiOlhJars = "-libjars " + odiOlhJars; };
        
        // Deprecated OLH option, only kept for backwards compatibility for now
	odiOlhSharedLibs = odiRef.getDataServerProperty("OLH_SHAREDLIBS", "SRC");
	if (odiOlhSharedLibs == null || odiOlhSharedLibs.length() == 0 ) { odiOlhSharedLibs=""; /* throw new RuntimeException( ""+(char)10+(char)10+(char)10+"Required unix environment variable ODI_OLH_SHAREDLIBS is undefined!"+(char)10+(char)10+(char)10); */ } else {
	odiOlhSharedLibs = "-D oracle.hadoop.loader.sharedLibs=" + odiOlhSharedLibs; };
?>
]]></Field>
	<Field name="TemplateVersion" type="java.lang.String">null</Field>
</Object>
<Object class="com.sunopsis.dwg.dbobj.SnpKmTemplateJoin">
		<Field name="GlobalId" type="java.lang.String"><![CDATA[f9ada7a4-91e8-4e30-a0e5-8f9fd47f80f5]]></Field>
	<Field name="ISnpKmTemplate" type="com.sunopsis.sql.DbInt"><![CDATA[215]]></Field>
	<Field name="ISnpTrt" type="com.sunopsis.sql.DbInt"><![CDATA[78]]></Field>
</Object>
<Object class="com.sunopsis.dwg.dbobj.SnpKmTemplateJoin">
		<Field name="GlobalId" type="java.lang.String"><![CDATA[fdca6f0a-33ac-4e64-9293-eb13ef06a5fa]]></Field>
	<Field name="ISnpKmTemplate" type="com.sunopsis.sql.DbInt"><![CDATA[215]]></Field>
	<Field name="ISnpTrt" type="com.sunopsis.sql.DbInt"><![CDATA[80]]></Field>
</Object>
<Object class="com.sunopsis.dwg.dbobj.SnpKmTemplateJoin">
		<Field name="GlobalId" type="java.lang.String"><![CDATA[3ea84f5c-427e-45e8-9779-a4bc4300850b]]></Field>
	<Field name="ISnpKmTemplate" type="com.sunopsis.sql.DbInt"><![CDATA[215]]></Field>
	<Field name="ISnpTrt" type="com.sunopsis.sql.DbInt"><![CDATA[79]]></Field>
</Object>
<Object class="com.sunopsis.dwg.dbobj.SnpKmTemplateJoin">
		<Field name="GlobalId" type="java.lang.String"><![CDATA[43f6d914-7b60-410b-a4f9-84c7ae88c82f]]></Field>
	<Field name="ISnpKmTemplate" type="com.sunopsis.sql.DbInt"><![CDATA[215]]></Field>
	<Field name="ISnpTrt" type="com.sunopsis.sql.DbInt"><![CDATA[77]]></Field>
</Object>
<Object class="com.sunopsis.dwg.dbobj.SnpKmTemplateJoin">
		<Field name="GlobalId" type="java.lang.String"><![CDATA[6bb2f8c8-f4d6-4789-8062-969f69980f6c]]></Field>
	<Field name="ISnpKmTemplate" type="com.sunopsis.sql.DbInt"><![CDATA[215]]></Field>
	<Field name="ISnpTrt" type="com.sunopsis.sql.DbInt"><![CDATA[76]]></Field>
</Object>
<Object class="com.sunopsis.dwg.dbobj.SnpFKXRef">
		<Field name="RefKey" type="java.lang.String"><![CDATA[SNP_TRT.78]]></Field>
	<Field name="RefObjGlobalId" type="java.lang.String"><![CDATA[00E79371AF8745CBE05311C1E40A3FBF]]></Field>
 <Field name="RefObjFQName" type="java.lang.String"><![CDATA[LKM File to Oracle OLH-OSCH Direct]]></Field>
 <Field name="RefObjFQType" type="java.lang.String"><![CDATA[SNP_TRT]]></Field>
 <Field name="RefObjFQNameLengths" type="java.lang.String"><![CDATA[34]]></Field>
</Object>
<Object class="com.sunopsis.dwg.dbobj.SnpFKXRef">
		<Field name="RefKey" type="java.lang.String"><![CDATA[SNP_KMTEMPLATE.215]]></Field>
	<Field name="RefObjGlobalId" type="java.lang.String"><![CDATA[fa46f37e-2d00-11e6-9456-00163e1ffd72]]></Field>
 <Field name="RefObjFQName" type="java.lang.String"><![CDATA[LkmToOracleOlh_Prepare]]></Field>
 <Field name="RefObjFQType" type="java.lang.String"><![CDATA[SNP_KMTEMPLATE]]></Field>
 <Field name="RefObjFQNameLengths" type="java.lang.String"><![CDATA[22]]></Field>
</Object>
<Object class="com.sunopsis.dwg.dbobj.SnpFKXRef">
		<Field name="RefKey" type="java.lang.String"><![CDATA[SNP_TRT.80]]></Field>
	<Field name="RefObjGlobalId" type="java.lang.String"><![CDATA[01726A6DA1E95467E05311C1E40A20FC]]></Field>
 <Field name="RefObjFQName" type="java.lang.String"><![CDATA[LKM Hive to Oracle OLH-OSCH Direct]]></Field>
 <Field name="RefObjFQType" type="java.lang.String"><![CDATA[SNP_TRT]]></Field>
 <Field name="RefObjFQNameLengths" type="java.lang.String"><![CDATA[34]]></Field>
</Object>
<Object class="com.sunopsis.dwg.dbobj.SnpFKXRef">
		<Field name="RefKey" type="java.lang.String"><![CDATA[SNP_TRT.79]]></Field>
	<Field name="RefObjGlobalId" type="java.lang.String"><![CDATA[01726A6DA1E65467E05311C1E40A20FC]]></Field>
 <Field name="RefObjFQName" type="java.lang.String"><![CDATA[LKM Hive to Oracle OLH-OSCH]]></Field>
 <Field name="RefObjFQType" type="java.lang.String"><![CDATA[SNP_TRT]]></Field>
 <Field name="RefObjFQNameLengths" type="java.lang.String"><![CDATA[27]]></Field>
</Object>
<Object class="com.sunopsis.dwg.dbobj.SnpFKXRef">
		<Field name="RefKey" type="java.lang.String"><![CDATA[SNP_TRT.77]]></Field>
	<Field name="RefObjGlobalId" type="java.lang.String"><![CDATA[00E79371AF8545CBE05311C1E40A3FBF]]></Field>
 <Field name="RefObjFQName" type="java.lang.String"><![CDATA[LKM File to Oracle OLH-OSCH]]></Field>
 <Field name="RefObjFQType" type="java.lang.String"><![CDATA[SNP_TRT]]></Field>
 <Field name="RefObjFQNameLengths" type="java.lang.String"><![CDATA[27]]></Field>
</Object>
<Object class="com.sunopsis.dwg.dbobj.SnpFKXRef">
		<Field name="RefKey" type="java.lang.String"><![CDATA[SNP_TRT.76]]></Field>
	<Field name="RefObjGlobalId" type="java.lang.String"><![CDATA[00E79371AF8345CBE05311C1E40A3FBF]]></Field>
 <Field name="RefObjFQName" type="java.lang.String"><![CDATA[HiveOlhBaseLKM]]></Field>
 <Field name="RefObjFQType" type="java.lang.String"><![CDATA[SNP_TRT]]></Field>
 <Field name="RefObjFQNameLengths" type="java.lang.String"><![CDATA[14]]></Field>
</Object>
<Object class="com.sunopsis.dwg.DwgExportSummary">
		<Field name="ExpTxtNb" type="com.sunopsis.sql.DbInt"><![CDATA[0]]></Field>
	<Field name="InstObjNb" type="com.sunopsis.sql.DbInt"><![CDATA[0]]></Field>
	<Field name="JoinColNb" type="com.sunopsis.sql.DbInt"><![CDATA[0]]></Field>
	<Field name="JoinNb" type="com.sunopsis.sql.DbInt"><![CDATA[0]]></Field>
	<Field name="KeyColNb" type="com.sunopsis.sql.DbInt"><![CDATA[0]]></Field>
	<Field name="KeyNb" type="com.sunopsis.sql.DbInt"><![CDATA[0]]></Field>
	<Field name="LinkDiagNb" type="com.sunopsis.sql.DbInt"><![CDATA[0]]></Field>
	<Field name="MorigTxtNb" type="com.sunopsis.sql.DbInt"><![CDATA[0]]></Field>
	<Field name="MtxtNb" type="com.sunopsis.sql.DbInt"><![CDATA[0]]></Field>
	<Field name="OrigTxtNb" type="com.sunopsis.sql.DbInt"><![CDATA[0]]></Field>
	<Field name="OtherObjectsNb" type="com.sunopsis.sql.DbInt"><![CDATA[6]]></Field>
	<Field name="PlanAgentNb" type="com.sunopsis.sql.DbInt"><![CDATA[0]]></Field>
	<Field name="StepNb" type="com.sunopsis.sql.DbInt"><![CDATA[0]]></Field>
	<Field name="TxtNb" type="com.sunopsis.sql.DbInt"><![CDATA[0]]></Field>
	<Field name="UeOrigNb" type="com.sunopsis.sql.DbInt"><![CDATA[0]]></Field>
	<Field name="UeUsedNb" type="com.sunopsis.sql.DbInt"><![CDATA[0]]></Field>
	<Field name="VarPlanAgentNb" type="com.sunopsis.sql.DbInt"><![CDATA[0]]></Field>
	<Field name="ScenTxtNb" type="com.sunopsis.sql.DbInt"><![CDATA[0]]></Field>
	<Field name="OdiVersion" type="java.lang.String"><![CDATA[12.2.1]]></Field>
	<Field name="OriginRepositoryID" type="com.sunopsis.sql.DbInt"><![CDATA[1]]></Field>
	<Field name="RepositoryVersion" type="java.lang.String"><![CDATA[05.02.02.09]]></Field>
</Object>
</SunopsisExport>
