<?xml version="1.0" encoding="UTF-8"?>
<SunopsisExport>
<Admin RepositoryVersion="05.02.02.09" IsLegacyIdCompatible="false" />
<Encryption algorithm="AES" keyLength="128" exportKeyHash="6R3ktLhpa66943EoEZowsYsaxdCY4wNYPwRAp/w0mg0=" keyVect="DV9gDOn+PFW8XtLEYbv3Jg==" exportKeySalt="1b54355a-ceb2-4b57-a536-813a10034e4e" containsCipherText="false"/>
<Object class="com.sunopsis.dwg.dbobj.SnpTrt">
		<Field name="CleanupOnError" type="java.lang.String">null</Field>
	<Field name="CompType" type="java.lang.String"><![CDATA[FILTER]]></Field>
	<Field name="DelegateClass" type="java.lang.String"><![CDATA[XKM_Spark_Filter]]></Field>
	<Field name="DelegateScript" type="java.lang.String"><![CDATA[
  		import oracle.odi.mapping.generation.AbstractSyntaxTree.ASTProducerMethod;
		import oracle.odi.domain.mapping.generator.KMGeneratorDelegateRegistry.GeneratorDelegateClass;
        
        @GeneratorDelegateClass(componentType=AggregateComponent.COMPONENT_TYPE_NAME, descriptionKey="GeneratorDelegateClass.SparkFilterCompKM")
        public class XKM_Spark_Filter extends SparkKM {
				
                @ASTProducerMethod(processingType=ProcessingType.SOURCE,producedASTType=SparkScript.class, styleKey="ProcessingStyleKey.SparkFilter.SELECT")
                SparkScript SELECT(SparkScript inputScript) {
                  SparkFilterCmd filterCmd = new SparkFilterCmd(physicalNode.getTemplateUtils(), physicalNode);
                  filterCmd.setFilterCond(((FilterComponent)component).getFilterCondition());
                  filterCmd.setUseSQLExpressions(getOptionValue("SQL_EXPRESSIONS").equalsIgnoreCase("true") ? true : false)

                  List<SparkScript> scripts = new ArrayList<SparkScript>(1);
                  scripts.add(inputScript); 

                  SparkScript filterScript = new SparkScript(inputScript.getTemplateUtils(), scripts);
                  filterScript.addChild(filterCmd);
                  return filterScript;
                }
        }
]]></Field>
	<Field name="ExpectedAstClass" type="java.lang.String">null</Field>
	<Field name="ExtVersion" type="java.lang.String">null</Field>
	<Field name="FirstDate" type="java.sql.Timestamp"><![CDATA[2020-11-02 00:03:14.0]]></Field>
	<Field name="FirstUser" type="java.lang.String"><![CDATA[SUNOPSIS_INSTALL]]></Field>
	<Field name="GlobalId" type="java.lang.String"><![CDATA[317602a9-c815-44a4-8390-a4ae9546e38e]]></Field>
	<Field name="IndChange" type="java.lang.String">null</Field>
	<Field name="IndExcludeExUnitBegin" type="java.lang.String"><![CDATA[0]]></Field>
	<Field name="IndExcludeExUnitEnd" type="java.lang.String"><![CDATA[0]]></Field>
	<Field name="IndExcludeExUnitMain" type="java.lang.String"><![CDATA[0]]></Field>
	<Field name="IndExcludeMapBegin" type="java.lang.String"><![CDATA[0]]></Field>
	<Field name="IndExcludeMapCleanup" type="java.lang.String"><![CDATA[0]]></Field>
	<Field name="IndExcludeMapEnd" type="java.lang.String"><![CDATA[0]]></Field>
	<Field name="IndGenerateLoad" type="java.lang.String"><![CDATA[1]]></Field>
	<Field name="IndIsHidden" type="java.lang.String"><![CDATA[0]]></Field>
	<Field name="IndJrnMethod" type="java.lang.String">null</Field>
	<Field name="IndSuppSetBased" type="java.lang.String"><![CDATA[0]]></Field>
	<Field name="IntgType" type="java.lang.String"><![CDATA[SELECT]]></Field>
	<Field name="IntVersion" type="com.sunopsis.sql.DbInt"><![CDATA[3]]></Field>
	<Field name="IsConcurrent" type="java.lang.String">null</Field>
	<Field name="IsSeeded" type="java.lang.String"><![CDATA[1]]></Field>
	<Field name="IBaseCompKm" type="com.sunopsis.sql.DbInt"><![CDATA[133]]></Field>
	<Field name="IFolder" type="com.sunopsis.sql.DbInt"><![CDATA[null]]></Field>
	<Field name="IProject" type="com.sunopsis.sql.DbInt"><![CDATA[null]]></Field>
	<Field name="IScBaseTrt" type="com.sunopsis.sql.DbInt"><![CDATA[null]]></Field>
	<Field name="IScOrigTrt" type="com.sunopsis.sql.DbInt"><![CDATA[null]]></Field>
	<Field name="IScTrt" type="com.sunopsis.sql.DbInt"><![CDATA[null]]></Field>
	<Field name="ITrt" type="com.sunopsis.sql.DbInt"><![CDATA[155]]></Field>
	<Field name="ITxtDelTxt" type="com.sunopsis.sql.DbInt"><![CDATA[null]]></Field>
	<Field name="ITxtTrtTxt" type="com.sunopsis.sql.DbInt"><![CDATA[1680]]></Field>
	<Field name="KimMultiDserver" type="java.lang.String"><![CDATA[0]]></Field>
	<Field name="KmDefault" type="java.lang.String"><![CDATA[0]]></Field>
	<Field name="KmLang" type="java.lang.String"><![CDATA[PYTHON]]></Field>
	<Field name="KmSrcLang" type="java.lang.String">null</Field>
	<Field name="KmSrcTechno" type="java.lang.String">null</Field>
	<Field name="KmTechno" type="java.lang.String"><![CDATA[SPARK_PYTHON]]></Field>
	<Field name="KmVersion" type="java.lang.String">null</Field>
	<Field name="LastDate" type="java.sql.Timestamp"><![CDATA[2020-11-02 00:14:14.0]]></Field>
	<Field name="LastUser" type="java.lang.String"><![CDATA[SUPERVISOR]]></Field>
	<Field name="LkmType" type="java.lang.String"><![CDATA[N]]></Field>
	<Field name="LChecksum" type="com.sunopsis.sql.DbInt"><![CDATA[0]]></Field>
	<Field name="LCode" type="java.lang.String">null</Field>
	<Field name="OggJkm" type="java.lang.String">null</Field>
	<Field name="OrdFolder" type="com.sunopsis.sql.DbInt"><![CDATA[null]]></Field>
	<Field name="ProcType" type="java.lang.String"><![CDATA[S]]></Field>
	<Field name="ProdAstType" type="java.lang.String"><![CDATA[oracle.odi.mapping.generation.spark.SparkScript]]></Field>
	<Field name="RepGuid" type="java.lang.String">null</Field>
	<Field name="RepVersion" type="java.lang.String">null</Field>
	<Field name="ScriptPath" type="java.lang.String">null</Field>
	<Field name="ScOrigTrtTag" type="java.lang.String">null</Field>
	<Field name="Subtype" type="java.lang.String"><![CDATA[*]]></Field>
	<Field name="TrtName" type="java.lang.String"><![CDATA[XKM Spark Filter]]></Field>
	<Field name="TrtType" type="java.lang.String"><![CDATA[CK]]></Field>
	<Field name="VariableDefs" type="java.lang.String">null</Field>
	<Field name="VLastDate" type="java.sql.Timestamp">null</Field>
</Object>
<Object class="com.sunopsis.dwg.dbobj.SnpUserExitGroup">
		<Field name="GlobalId" type="java.lang.String"><![CDATA[c189074d-de37-4006-8bb0-66a99dc28017]]></Field>
	<Field name="GroupName" type="java.lang.String"><![CDATA[DataFrames]]></Field>
	<Field name="ITrt" type="com.sunopsis.sql.DbInt"><![CDATA[155]]></Field>
	<Field name="IUserExitGroup" type="com.sunopsis.sql.DbInt"><![CDATA[44]]></Field>
	<Field name="Position" type="com.sunopsis.sql.DbInt"><![CDATA[1]]></Field>
</Object>
<Object class="com.sunopsis.dwg.dbobj.SnpUserExit">
		<Field name="ExprITxt" type="com.sunopsis.sql.DbInt"><![CDATA[1678]]></Field>
	<Field name="ExtVersion" type="java.lang.String">null</Field>
	<Field name="GlobalId" type="java.lang.String"><![CDATA[2fe5b855-4f55-4390-aaa5-73ab854b4ca1]]></Field>
	<Field name="IndChange" type="java.lang.String"><![CDATA[U]]></Field>
	<Field name="ITrt" type="com.sunopsis.sql.DbInt"><![CDATA[155]]></Field>
	<Field name="ITxtUeHelp" type="com.sunopsis.sql.DbInt"><![CDATA[1679]]></Field>
	<Field name="ITxtValue" type="com.sunopsis.sql.DbInt"><![CDATA[null]]></Field>
	<Field name="IUserExit" type="com.sunopsis.sql.DbInt"><![CDATA[391]]></Field>
	<Field name="IUserExitGroup" type="com.sunopsis.sql.DbInt"><![CDATA[44]]></Field>
	<Field name="Position" type="com.sunopsis.sql.DbInt"><![CDATA[1]]></Field>
	<Field name="ShortValue" type="java.lang.String"><![CDATA[1]]></Field>
	<Field name="Subtypes" type="java.lang.String">null</Field>
	<Field name="UeName" type="java.lang.String"><![CDATA[SQL_EXPRESSIONS]]></Field>
	<Field name="UeSdesc" type="java.lang.String"><![CDATA[Use SQL Expressions]]></Field>
	<Field name="UeType" type="java.lang.String"><![CDATA[C]]></Field>
</Object>
<Object class="com.sunopsis.dwg.dbobj.SnpTxtHeader">
		<Field name="Enc" type="java.lang.String">null</Field>
	<Field name="EncKey" type="java.lang.String">null</Field>
 <Field name="EncKeyVect" type="java.lang.String">null</Field>
	<Field name="GlobalId" type="java.lang.String"><![CDATA[4375007c-d039-4b83-bb1f-872dc21e8128]]></Field>
	<Field name="ITxt" type="com.sunopsis.sql.DbInt"><![CDATA[1678]]></Field>
	<Field name="ITxtOrig" type="com.sunopsis.sql.DbInt"><![CDATA[105]]></Field>
	<Field name="SqlIndGrp" type="java.lang.String"><![CDATA[0]]></Field>
 <Field name="Txt" type="java.lang.String"><![CDATA[return (isStreaming)?"show=false,enable=false":"show=true,enable=true";]]></Field>
</Object>
<Object class="com.sunopsis.dwg.dbobj.SnpOrigTxt">
		<Field name="GlobalId" type="java.lang.String">null</Field>
	<Field name="ITxtOrig" type="com.sunopsis.sql.DbInt"><![CDATA[105]]></Field>
	<Field name="OrigineName" type="java.lang.String"><![CDATA[Column description]]></Field>
	<Field name="SnpsCol" type="java.lang.String"><![CDATA[I_TXT_COL_DESC]]></Field>
	<Field name="SnpsTable" type="java.lang.String"><![CDATA[SNP_COL]]></Field>
</Object>
<Object class="com.sunopsis.dwg.dbobj.SnpTxtHeader">
		<Field name="Enc" type="java.lang.String">null</Field>
	<Field name="EncKey" type="java.lang.String">null</Field>
 <Field name="EncKeyVect" type="java.lang.String">null</Field>
	<Field name="GlobalId" type="java.lang.String"><![CDATA[59798a24-3a8d-4dce-9fb8-a01821a7f5e5]]></Field>
	<Field name="ITxt" type="com.sunopsis.sql.DbInt"><![CDATA[1679]]></Field>
	<Field name="ITxtOrig" type="com.sunopsis.sql.DbInt"><![CDATA[111]]></Field>
	<Field name="SqlIndGrp" type="java.lang.String"><![CDATA[0]]></Field>
 <Field name="Txt" type="java.lang.String"><![CDATA[
Set this option to True if you are using generic SQL syntax for filter conditions.
Set this option to False if you are using Spark Python syntax for filter conditions.
NOTE:
If this option is set to False (non-default), and expression is a constant - specify expression as lit(<my constant value>) 
Check pyspark.sql.functions module reference for more info about lit function:
pyspark.sql.functions.lit(col) - Creates a Column of literal value.  
  ]]></Field>
</Object>
<Object class="com.sunopsis.dwg.dbobj.SnpOrigTxt">
		<Field name="GlobalId" type="java.lang.String">null</Field>
	<Field name="ITxtOrig" type="com.sunopsis.sql.DbInt"><![CDATA[111]]></Field>
	<Field name="OrigineName" type="java.lang.String"><![CDATA[User Exit help]]></Field>
	<Field name="SnpsCol" type="java.lang.String"><![CDATA[I_TXT_UE_HELP]]></Field>
	<Field name="SnpsTable" type="java.lang.String"><![CDATA[SNP_USER_EXIT]]></Field>
</Object>
<Object class="com.sunopsis.dwg.dbobj.SnpReferencedObject">
		<Field name="IObject" type="com.sunopsis.sql.DbInt"><![CDATA[3600]]></Field>
	<Field name="ObjectPKasString" type="java.lang.String"><![CDATA[133]]></Field>
	<Field name="ObjectAKasString" type="java.lang.String"><![CDATA[]]></Field>
	<Field name="Description" type="java.lang.String"><![CDATA[SNP_TRT : SparkKM]]></Field>
 <Field name="GlobalId" type="java.lang.String"><![CDATA[739e7da4-f732-4455-8936-782fafe91869]]></Field>
</Object>
<Object class="com.sunopsis.dwg.dbobj.SnpTxtHeader">
		<Field name="Enc" type="java.lang.String">null</Field>
	<Field name="EncKey" type="java.lang.String">null</Field>
 <Field name="EncKeyVect" type="java.lang.String">null</Field>
	<Field name="GlobalId" type="java.lang.String"><![CDATA[72c430f6-9f02-4922-b8ec-8eae8258bf13]]></Field>
	<Field name="ITxt" type="com.sunopsis.sql.DbInt"><![CDATA[1680]]></Field>
	<Field name="ITxtOrig" type="com.sunopsis.sql.DbInt"><![CDATA[107]]></Field>
	<Field name="SqlIndGrp" type="java.lang.String"><![CDATA[0]]></Field>
 <Field name="Txt" type="java.lang.String"><![CDATA[COMPONENT NAME: XKM Spark Filter
COMPONENT VERSION: 1
AUTHOR: Oracle
COMPATIBILITY: ODI 12.1.3.0.1 or above

DESCRIPTION:

Produce a subset of data by a filter condition.]]></Field>
</Object>
<Object class="com.sunopsis.dwg.dbobj.SnpOrigTxt">
		<Field name="GlobalId" type="java.lang.String">null</Field>
	<Field name="ITxtOrig" type="com.sunopsis.sql.DbInt"><![CDATA[107]]></Field>
	<Field name="OrigineName" type="java.lang.String"><![CDATA[Edit Command]]></Field>
	<Field name="SnpsCol" type="java.lang.String"><![CDATA[I_TXT_TRT_TXT]]></Field>
	<Field name="SnpsTable" type="java.lang.String"><![CDATA[SNP_TRT]]></Field>
</Object>
<Object class="com.sunopsis.dwg.dbobj.SnpFKXRef">
		<Field name="RefKey" type="java.lang.String"><![CDATA[SNP_TXTHEADER.1680]]></Field>
	<Field name="RefObjGlobalId" type="java.lang.String"><![CDATA[72c430f6-9f02-4922-b8ec-8eae8258bf13]]></Field>
 <Field name="RefObjFQName" type="java.lang.String">null</Field>
 <Field name="RefObjFQType" type="java.lang.String">null</Field>
 <Field name="RefObjFQNameLengths" type="java.lang.String">null</Field>
</Object>
<Object class="com.sunopsis.dwg.dbobj.SnpFKXRef">
		<Field name="RefKey" type="java.lang.String"><![CDATA[SNP_TRT.133]]></Field>
	<Field name="RefObjGlobalId" type="java.lang.String"><![CDATA[739e7da4-f732-4455-8936-782fafe91869]]></Field>
 <Field name="RefObjFQName" type="java.lang.String"><![CDATA[SparkKM]]></Field>
 <Field name="RefObjFQType" type="java.lang.String"><![CDATA[SNP_TRT]]></Field>
 <Field name="RefObjFQNameLengths" type="java.lang.String"><![CDATA[7]]></Field>
</Object>
<Object class="com.sunopsis.dwg.dbobj.SnpFKXRef">
		<Field name="RefKey" type="java.lang.String"><![CDATA[SNP_TRT.155]]></Field>
	<Field name="RefObjGlobalId" type="java.lang.String"><![CDATA[317602a9-c815-44a4-8390-a4ae9546e38e]]></Field>
 <Field name="RefObjFQName" type="java.lang.String"><![CDATA[XKM Spark Filter]]></Field>
 <Field name="RefObjFQType" type="java.lang.String"><![CDATA[SNP_TRT]]></Field>
 <Field name="RefObjFQNameLengths" type="java.lang.String"><![CDATA[16]]></Field>
</Object>
<Object class="com.sunopsis.dwg.dbobj.SnpFKXRef">
		<Field name="RefKey" type="java.lang.String"><![CDATA[SNP_TXTHEADER.1679]]></Field>
	<Field name="RefObjGlobalId" type="java.lang.String"><![CDATA[59798a24-3a8d-4dce-9fb8-a01821a7f5e5]]></Field>
 <Field name="RefObjFQName" type="java.lang.String">null</Field>
 <Field name="RefObjFQType" type="java.lang.String">null</Field>
 <Field name="RefObjFQNameLengths" type="java.lang.String">null</Field>
</Object>
<Object class="com.sunopsis.dwg.dbobj.SnpFKXRef">
		<Field name="RefKey" type="java.lang.String"><![CDATA[SNP_USEREXITGROUP.44]]></Field>
	<Field name="RefObjGlobalId" type="java.lang.String"><![CDATA[c189074d-de37-4006-8bb0-66a99dc28017]]></Field>
 <Field name="RefObjFQName" type="java.lang.String"><![CDATA[XKM Spark Filter.DataFrames]]></Field>
 <Field name="RefObjFQType" type="java.lang.String"><![CDATA[SNP_TRT.SNP_USEREXITGROUP]]></Field>
 <Field name="RefObjFQNameLengths" type="java.lang.String"><![CDATA[16.10]]></Field>
</Object>
<Object class="com.sunopsis.dwg.dbobj.SnpFKXRef">
		<Field name="RefKey" type="java.lang.String"><![CDATA[SNP_TXTHEADER.1678]]></Field>
	<Field name="RefObjGlobalId" type="java.lang.String"><![CDATA[4375007c-d039-4b83-bb1f-872dc21e8128]]></Field>
 <Field name="RefObjFQName" type="java.lang.String">null</Field>
 <Field name="RefObjFQType" type="java.lang.String">null</Field>
 <Field name="RefObjFQNameLengths" type="java.lang.String">null</Field>
</Object>
<Object class="com.sunopsis.dwg.DwgExportSummary">
		<Field name="ExpTxtNb" type="com.sunopsis.sql.DbInt"><![CDATA[0]]></Field>
	<Field name="InstObjNb" type="com.sunopsis.sql.DbInt"><![CDATA[0]]></Field>
	<Field name="JoinColNb" type="com.sunopsis.sql.DbInt"><![CDATA[0]]></Field>
	<Field name="JoinNb" type="com.sunopsis.sql.DbInt"><![CDATA[0]]></Field>
	<Field name="KeyColNb" type="com.sunopsis.sql.DbInt"><![CDATA[0]]></Field>
	<Field name="KeyNb" type="com.sunopsis.sql.DbInt"><![CDATA[0]]></Field>
	<Field name="LinkDiagNb" type="com.sunopsis.sql.DbInt"><![CDATA[0]]></Field>
	<Field name="MorigTxtNb" type="com.sunopsis.sql.DbInt"><![CDATA[0]]></Field>
	<Field name="MtxtNb" type="com.sunopsis.sql.DbInt"><![CDATA[0]]></Field>
	<Field name="OrigTxtNb" type="com.sunopsis.sql.DbInt"><![CDATA[3]]></Field>
	<Field name="OtherObjectsNb" type="com.sunopsis.sql.DbInt"><![CDATA[4]]></Field>
	<Field name="PlanAgentNb" type="com.sunopsis.sql.DbInt"><![CDATA[0]]></Field>
	<Field name="StepNb" type="com.sunopsis.sql.DbInt"><![CDATA[0]]></Field>
	<Field name="TxtNb" type="com.sunopsis.sql.DbInt"><![CDATA[3]]></Field>
	<Field name="UeOrigNb" type="com.sunopsis.sql.DbInt"><![CDATA[0]]></Field>
	<Field name="UeUsedNb" type="com.sunopsis.sql.DbInt"><![CDATA[0]]></Field>
	<Field name="VarPlanAgentNb" type="com.sunopsis.sql.DbInt"><![CDATA[0]]></Field>
	<Field name="ScenTxtNb" type="com.sunopsis.sql.DbInt"><![CDATA[0]]></Field>
	<Field name="OdiVersion" type="java.lang.String"><![CDATA[12.2.1]]></Field>
	<Field name="OriginRepositoryID" type="com.sunopsis.sql.DbInt"><![CDATA[1]]></Field>
	<Field name="RepositoryVersion" type="java.lang.String"><![CDATA[05.02.02.09]]></Field>
</Object>
</SunopsisExport>
