<?xml version="1.0" encoding="UTF-8"?>
<SunopsisExport>
<Admin RepositoryVersion="05.02.02.09" IsLegacyIdCompatible="false" />
<Encryption algorithm="AES" keyLength="128" exportKeyHash="xE2+U6gNh4fvmz6fTF0k2yRahI3aUI6bCiFxhSfWsdE=" keyVect="XpnwM8sTM9GH2MKfiHSdGQ==" exportKeySalt="fb01ce33-82ab-409e-8cff-83fd704c625b" containsCipherText="false"/>
<Object class="com.sunopsis.dwg.dbobj.SnpTrt">
		<Field name="CleanupOnError" type="java.lang.String">null</Field>
	<Field name="CompType" type="java.lang.String"><![CDATA[FILE]]></Field>
	<Field name="DelegateClass" type="java.lang.String"><![CDATA[oracle.odi.domain.mapping.component.km.SQLFileCompKM]]></Field>
	<Field name="DelegateScript" type="java.lang.String">null</Field>
	<Field name="ExpectedAstClass" type="java.lang.String">null</Field>
	<Field name="ExtVersion" type="java.lang.String">null</Field>
	<Field name="FirstDate" type="java.sql.Timestamp"><![CDATA[2020-10-27 09:05:39.0]]></Field>
	<Field name="FirstUser" type="java.lang.String"><![CDATA[SUNOPSIS_INSTALL]]></Field>
	<Field name="GlobalId" type="java.lang.String"><![CDATA[ed510141-7f15-4133-a091-a1b78f3631e5]]></Field>
	<Field name="IndChange" type="java.lang.String">null</Field>
	<Field name="IndExcludeExUnitBegin" type="java.lang.String"><![CDATA[0]]></Field>
	<Field name="IndExcludeExUnitEnd" type="java.lang.String"><![CDATA[0]]></Field>
	<Field name="IndExcludeExUnitMain" type="java.lang.String"><![CDATA[0]]></Field>
	<Field name="IndExcludeMapBegin" type="java.lang.String"><![CDATA[0]]></Field>
	<Field name="IndExcludeMapCleanup" type="java.lang.String"><![CDATA[0]]></Field>
	<Field name="IndExcludeMapEnd" type="java.lang.String"><![CDATA[0]]></Field>
	<Field name="IndGenerateLoad" type="java.lang.String"><![CDATA[1]]></Field>
	<Field name="IndIsHidden" type="java.lang.String"><![CDATA[0]]></Field>
	<Field name="IndJrnMethod" type="java.lang.String">null</Field>
	<Field name="IndSuppSetBased" type="java.lang.String"><![CDATA[0]]></Field>
	<Field name="IntgType" type="java.lang.String"><![CDATA[SELECT]]></Field>
	<Field name="IntVersion" type="com.sunopsis.sql.DbInt"><![CDATA[5]]></Field>
	<Field name="IsConcurrent" type="java.lang.String">null</Field>
	<Field name="IsSeeded" type="java.lang.String"><![CDATA[1]]></Field>
	<Field name="IBaseCompKm" type="com.sunopsis.sql.DbInt"><![CDATA[null]]></Field>
	<Field name="IFolder" type="com.sunopsis.sql.DbInt"><![CDATA[null]]></Field>
	<Field name="IProject" type="com.sunopsis.sql.DbInt"><![CDATA[null]]></Field>
	<Field name="IScBaseTrt" type="com.sunopsis.sql.DbInt"><![CDATA[null]]></Field>
	<Field name="IScOrigTrt" type="com.sunopsis.sql.DbInt"><![CDATA[null]]></Field>
	<Field name="IScTrt" type="com.sunopsis.sql.DbInt"><![CDATA[null]]></Field>
	<Field name="ITrt" type="com.sunopsis.sql.DbInt"><![CDATA[30]]></Field>
	<Field name="ITxtDelTxt" type="com.sunopsis.sql.DbInt"><![CDATA[null]]></Field>
	<Field name="ITxtTrtTxt" type="com.sunopsis.sql.DbInt"><![CDATA[1655]]></Field>
	<Field name="KimMultiDserver" type="java.lang.String"><![CDATA[0]]></Field>
	<Field name="KmDefault" type="java.lang.String"><![CDATA[0]]></Field>
	<Field name="KmLang" type="java.lang.String"><![CDATA[SQL_FILE]]></Field>
	<Field name="KmSrcLang" type="java.lang.String">null</Field>
	<Field name="KmSrcTechno" type="java.lang.String">null</Field>
	<Field name="KmTechno" type="java.lang.String"><![CDATA[FILE]]></Field>
	<Field name="KmVersion" type="java.lang.String">null</Field>
	<Field name="LastDate" type="java.sql.Timestamp"><![CDATA[2020-10-27 18:39:58.0]]></Field>
	<Field name="LastUser" type="java.lang.String"><![CDATA[SUPERVISOR]]></Field>
	<Field name="LkmType" type="java.lang.String"><![CDATA[N]]></Field>
	<Field name="LChecksum" type="com.sunopsis.sql.DbInt"><![CDATA[0]]></Field>
	<Field name="LCode" type="java.lang.String">null</Field>
	<Field name="OggJkm" type="java.lang.String">null</Field>
	<Field name="OrdFolder" type="com.sunopsis.sql.DbInt"><![CDATA[null]]></Field>
	<Field name="ProcType" type="java.lang.String"><![CDATA[S]]></Field>
	<Field name="ProdAstType" type="java.lang.String"><![CDATA[oracle.odi.mapping.generation.SqlQuery]]></Field>
	<Field name="RepGuid" type="java.lang.String">null</Field>
	<Field name="RepVersion" type="java.lang.String">null</Field>
	<Field name="ScriptPath" type="java.lang.String">null</Field>
	<Field name="ScOrigTrtTag" type="java.lang.String">null</Field>
	<Field name="Subtype" type="java.lang.String"><![CDATA[SELECT*]]></Field>
	<Field name="TrtName" type="java.lang.String"><![CDATA[XKM SQL File Extract]]></Field>
	<Field name="TrtType" type="java.lang.String"><![CDATA[CK]]></Field>
	<Field name="VariableDefs" type="java.lang.String">null</Field>
	<Field name="VLastDate" type="java.sql.Timestamp">null</Field>
</Object>
<Object class="com.sunopsis.dwg.dbobj.SnpTxtHeader">
		<Field name="Enc" type="java.lang.String">null</Field>
	<Field name="EncKey" type="java.lang.String">null</Field>
 <Field name="EncKeyVect" type="java.lang.String">null</Field>
	<Field name="GlobalId" type="java.lang.String"><![CDATA[f3323900-7ef2-4ea7-9421-83e8388df76e]]></Field>
	<Field name="ITxt" type="com.sunopsis.sql.DbInt"><![CDATA[1655]]></Field>
	<Field name="ITxtOrig" type="com.sunopsis.sql.DbInt"><![CDATA[107]]></Field>
	<Field name="SqlIndGrp" type="java.lang.String"><![CDATA[0]]></Field>
 <Field name="Txt" type="java.lang.String"><![CDATA[COMPONENT NAME: XKM SQL File Extract
COMPONENT VERSION: 12.1.2.0.0
AUTHOR: Oracle
COMPATIBILITY: ODI 12.1.2.0.0 or above

DESCRIPTION:

SQL File datastore access through ODI File JDBC driver.]]></Field>
</Object>
<Object class="com.sunopsis.dwg.dbobj.SnpOrigTxt">
		<Field name="GlobalId" type="java.lang.String">null</Field>
	<Field name="ITxtOrig" type="com.sunopsis.sql.DbInt"><![CDATA[107]]></Field>
	<Field name="OrigineName" type="java.lang.String"><![CDATA[Edit Command]]></Field>
	<Field name="SnpsCol" type="java.lang.String"><![CDATA[I_TXT_TRT_TXT]]></Field>
	<Field name="SnpsTable" type="java.lang.String"><![CDATA[SNP_TRT]]></Field>
</Object>
<Object class="com.sunopsis.dwg.dbobj.SnpFKXRef">
		<Field name="RefKey" type="java.lang.String"><![CDATA[SNP_TXTHEADER.1655]]></Field>
	<Field name="RefObjGlobalId" type="java.lang.String"><![CDATA[f3323900-7ef2-4ea7-9421-83e8388df76e]]></Field>
 <Field name="RefObjFQName" type="java.lang.String">null</Field>
 <Field name="RefObjFQType" type="java.lang.String">null</Field>
 <Field name="RefObjFQNameLengths" type="java.lang.String">null</Field>
</Object>
<Object class="com.sunopsis.dwg.DwgExportSummary">
		<Field name="ExpTxtNb" type="com.sunopsis.sql.DbInt"><![CDATA[0]]></Field>
	<Field name="InstObjNb" type="com.sunopsis.sql.DbInt"><![CDATA[0]]></Field>
	<Field name="JoinColNb" type="com.sunopsis.sql.DbInt"><![CDATA[0]]></Field>
	<Field name="JoinNb" type="com.sunopsis.sql.DbInt"><![CDATA[0]]></Field>
	<Field name="KeyColNb" type="com.sunopsis.sql.DbInt"><![CDATA[0]]></Field>
	<Field name="KeyNb" type="com.sunopsis.sql.DbInt"><![CDATA[0]]></Field>
	<Field name="LinkDiagNb" type="com.sunopsis.sql.DbInt"><![CDATA[0]]></Field>
	<Field name="MorigTxtNb" type="com.sunopsis.sql.DbInt"><![CDATA[0]]></Field>
	<Field name="MtxtNb" type="com.sunopsis.sql.DbInt"><![CDATA[0]]></Field>
	<Field name="OrigTxtNb" type="com.sunopsis.sql.DbInt"><![CDATA[1]]></Field>
	<Field name="OtherObjectsNb" type="com.sunopsis.sql.DbInt"><![CDATA[1]]></Field>
	<Field name="PlanAgentNb" type="com.sunopsis.sql.DbInt"><![CDATA[0]]></Field>
	<Field name="StepNb" type="com.sunopsis.sql.DbInt"><![CDATA[0]]></Field>
	<Field name="TxtNb" type="com.sunopsis.sql.DbInt"><![CDATA[1]]></Field>
	<Field name="UeOrigNb" type="com.sunopsis.sql.DbInt"><![CDATA[0]]></Field>
	<Field name="UeUsedNb" type="com.sunopsis.sql.DbInt"><![CDATA[0]]></Field>
	<Field name="VarPlanAgentNb" type="com.sunopsis.sql.DbInt"><![CDATA[0]]></Field>
	<Field name="ScenTxtNb" type="com.sunopsis.sql.DbInt"><![CDATA[0]]></Field>
	<Field name="OdiVersion" type="java.lang.String"><![CDATA[12.2.1]]></Field>
	<Field name="OriginRepositoryID" type="com.sunopsis.sql.DbInt"><![CDATA[1]]></Field>
	<Field name="RepositoryVersion" type="java.lang.String"><![CDATA[05.02.02.09]]></Field>
</Object>
</SunopsisExport>
