<?xml version="1.0" encoding="UTF-8"?>
<SunopsisExport>
<Admin RepositoryVersion="05.02.02.09" IsLegacyIdCompatible="false" />
<Encryption algorithm="AES" keyLength="128" exportKeyHash="r/nJfVrSacLoHkfv1sAM12r5J2TzD8aDVnDfv6o/PZw=" keyVect="ayjeHXLHI0cGD6buHaV6lw==" exportKeySalt="5455f475-aa71-48b6-b5c9-f90c0dc2adef" containsCipherText="false"/>
<Object class="com.sunopsis.dwg.dbobj.SnpTrt">
		<Field name="CleanupOnError" type="java.lang.String">null</Field>
	<Field name="CompType" type="java.lang.String"><![CDATA[DATASTORE]]></Field>
	<Field name="DelegateClass" type="java.lang.String"><![CDATA[XKM_Oracle_External_Table]]></Field>
	<Field name="DelegateScript" type="java.lang.String"><![CDATA[
import oracle.odi.domain.mapping.component.km.*
@GeneratorDelegateClass(componentType=DatastoreComponent.COMPONENT_TYPE_NAME, descriptionKey="GeneratorDelegateClass.OracleExternalTableCompKM")
public class XKM_Oracle_External_Table extends SQLDatastoreCompKM {

  protected escapeChars;
  protected rawExpr;

  private mBinding = null;
  public void setBinding(Binding binding) {
    super.setBinding(binding);
    mBinding = binding;
    Map variables = binding.getVariables();
    
    escapeChars  = { rawTxt -> 
        return rawTxt.replaceAll("\\:","\\\\:");
    }
        
    rawExpr = { optVal ->
        if (optVal != null) { 
            return optVal.replaceAll("\\/\\%\\%","").replaceAll("\\%\\%\\/",""); 
        }
        return null;
    }
    
    mBinding.setVariable("escapeChars", escapeChars);
    mBinding.setVariable("rawExpr", rawExpr);
  }
  
  public XKM_Oracle_External_Table(){
  }
	
}
]]></Field>
	<Field name="ExpectedAstClass" type="java.lang.String">null</Field>
	<Field name="ExtVersion" type="java.lang.String">null</Field>
	<Field name="FirstDate" type="java.sql.Timestamp"><![CDATA[2020-10-27 09:05:41.0]]></Field>
	<Field name="FirstUser" type="java.lang.String"><![CDATA[SUNOPSIS_INSTALL]]></Field>
	<Field name="GlobalId" type="java.lang.String"><![CDATA[b227f5b7-34b3-4c60-a997-41a4f24097d3]]></Field>
	<Field name="IndChange" type="java.lang.String">null</Field>
	<Field name="IndExcludeExUnitBegin" type="java.lang.String"><![CDATA[0]]></Field>
	<Field name="IndExcludeExUnitEnd" type="java.lang.String"><![CDATA[0]]></Field>
	<Field name="IndExcludeExUnitMain" type="java.lang.String"><![CDATA[0]]></Field>
	<Field name="IndExcludeMapBegin" type="java.lang.String"><![CDATA[0]]></Field>
	<Field name="IndExcludeMapCleanup" type="java.lang.String"><![CDATA[0]]></Field>
	<Field name="IndExcludeMapEnd" type="java.lang.String"><![CDATA[0]]></Field>
	<Field name="IndGenerateLoad" type="java.lang.String"><![CDATA[1]]></Field>
	<Field name="IndIsHidden" type="java.lang.String"><![CDATA[0]]></Field>
	<Field name="IndJrnMethod" type="java.lang.String">null</Field>
	<Field name="IndSuppSetBased" type="java.lang.String"><![CDATA[0]]></Field>
	<Field name="IntgType" type="java.lang.String"><![CDATA[SELECT]]></Field>
	<Field name="IntVersion" type="com.sunopsis.sql.DbInt"><![CDATA[5]]></Field>
	<Field name="IsConcurrent" type="java.lang.String">null</Field>
	<Field name="IsSeeded" type="java.lang.String"><![CDATA[1]]></Field>
	<Field name="IBaseCompKm" type="com.sunopsis.sql.DbInt"><![CDATA[24]]></Field>
	<Field name="IFolder" type="com.sunopsis.sql.DbInt"><![CDATA[null]]></Field>
	<Field name="IProject" type="com.sunopsis.sql.DbInt"><![CDATA[null]]></Field>
	<Field name="IScBaseTrt" type="com.sunopsis.sql.DbInt"><![CDATA[null]]></Field>
	<Field name="IScOrigTrt" type="com.sunopsis.sql.DbInt"><![CDATA[null]]></Field>
	<Field name="IScTrt" type="com.sunopsis.sql.DbInt"><![CDATA[null]]></Field>
	<Field name="ITrt" type="com.sunopsis.sql.DbInt"><![CDATA[51]]></Field>
	<Field name="ITxtDelTxt" type="com.sunopsis.sql.DbInt"><![CDATA[null]]></Field>
	<Field name="ITxtTrtTxt" type="com.sunopsis.sql.DbInt"><![CDATA[1934]]></Field>
	<Field name="KimMultiDserver" type="java.lang.String"><![CDATA[0]]></Field>
	<Field name="KmDefault" type="java.lang.String"><![CDATA[0]]></Field>
	<Field name="KmLang" type="java.lang.String"><![CDATA[SQL]]></Field>
	<Field name="KmSrcLang" type="java.lang.String">null</Field>
	<Field name="KmSrcTechno" type="java.lang.String">null</Field>
	<Field name="KmTechno" type="java.lang.String"><![CDATA[ORACLE]]></Field>
	<Field name="KmVersion" type="java.lang.String">null</Field>
	<Field name="LastDate" type="java.sql.Timestamp"><![CDATA[2020-10-27 18:40:24.0]]></Field>
	<Field name="LastUser" type="java.lang.String"><![CDATA[SUPERVISOR]]></Field>
	<Field name="LkmType" type="java.lang.String"><![CDATA[N]]></Field>
	<Field name="LChecksum" type="com.sunopsis.sql.DbInt"><![CDATA[0]]></Field>
	<Field name="LCode" type="java.lang.String">null</Field>
	<Field name="OggJkm" type="java.lang.String">null</Field>
	<Field name="OrdFolder" type="com.sunopsis.sql.DbInt"><![CDATA[null]]></Field>
	<Field name="ProcType" type="java.lang.String"><![CDATA[S]]></Field>
	<Field name="ProdAstType" type="java.lang.String"><![CDATA[oracle.odi.mapping.generation.SqlQuery]]></Field>
	<Field name="RepGuid" type="java.lang.String">null</Field>
	<Field name="RepVersion" type="java.lang.String">null</Field>
	<Field name="ScriptPath" type="java.lang.String">null</Field>
	<Field name="ScOrigTrtTag" type="java.lang.String">null</Field>
	<Field name="Subtype" type="java.lang.String"><![CDATA[SELECT*]]></Field>
	<Field name="TrtName" type="java.lang.String"><![CDATA[XKM Oracle External Table]]></Field>
	<Field name="TrtType" type="java.lang.String"><![CDATA[CK]]></Field>
	<Field name="VariableDefs" type="java.lang.String">null</Field>
	<Field name="VLastDate" type="java.sql.Timestamp">null</Field>
</Object>
<Object class="com.sunopsis.dwg.dbobj.SnpReferencedObject">
		<Field name="IObject" type="com.sunopsis.sql.DbInt"><![CDATA[3600]]></Field>
	<Field name="ObjectPKasString" type="java.lang.String"><![CDATA[24]]></Field>
	<Field name="ObjectAKasString" type="java.lang.String"><![CDATA[]]></Field>
	<Field name="Description" type="java.lang.String"><![CDATA[SNP_TRT : XKM Oracle Extract]]></Field>
 <Field name="GlobalId" type="java.lang.String"><![CDATA[f47b0ed2-fa83-4da8-8d89-04c9719fae4f]]></Field>
</Object>
<Object class="com.sunopsis.dwg.dbobj.SnpTxtHeader">
		<Field name="Enc" type="java.lang.String">null</Field>
	<Field name="EncKey" type="java.lang.String">null</Field>
 <Field name="EncKeyVect" type="java.lang.String">null</Field>
	<Field name="GlobalId" type="java.lang.String"><![CDATA[9134b241-c340-42e3-b2bd-1d33003a89be]]></Field>
	<Field name="ITxt" type="com.sunopsis.sql.DbInt"><![CDATA[1934]]></Field>
	<Field name="ITxtOrig" type="com.sunopsis.sql.DbInt"><![CDATA[107]]></Field>
	<Field name="SqlIndGrp" type="java.lang.String"><![CDATA[0]]></Field>
 <Field name="Txt" type="java.lang.String"><![CDATA[COMPONENT NAME: XKM Oracle External Table
COMPONENT VERSION: 12.1.2.0.0
AUTHOR: Oracle
COMPATIBILITY: ODI 12.1.2.0.0 or above

DESCRIPTION:
This KM used for create Oracle External Table and dependent Oracle Directories on-demand.

1. If CREATE_DIRECTORY is set to true then make sure that all necessary file access permissions have been granted.

2. In ODI 12.1.2 the ACCESS_PARAMETERS, SQL_DIRECTORIES and DIR_DATA_FILES options had to be wrapped with /%% and %%/
   but in ODI 12.1.3 and above there is no need to use it.

3. If SQL_DEFAULT_DIR has been configured and Access parameters BADFILE,LOGFILE are using the same directory then you can specify just the file names
    e.g.:
      BADFILE 'X_FMR2D_PAY.dat'
      LOGFILE 'X_FMR2D_PAY.log'

4. If SQL_DEFAULT_DIR has been configured and DIR_DATA_FILES will be using the same directory then for DIR_DATA_FILES only filenames can be used
    e.g.:
      'data1.dat','data2.dat',ANOTHER_DIR:'data3.dat'

5. To list multiple directories for SQL_DIRECTORIES they need to be separated by a comma
      e.g.:
     TMP_DIR: /data/tmp, DATA_DIR:/data/data,

6. For DIR_DATA_FILES you can specify multiple files but they have to be separated with a comma
    e.g.:
    TMP_DIR:'data1.dat',DATA_DIR:'data2.dat'

7. ACCESS_PARAMETERS :
When you create an external table of a particular type, you can specify access parameters to modify the default behavior of the access driver.    
Each access driver has its own syntax for access parameters. Please refer to database documentation for the details.]]></Field>
</Object>
<Object class="com.sunopsis.dwg.dbobj.SnpOrigTxt">
		<Field name="GlobalId" type="java.lang.String">null</Field>
	<Field name="ITxtOrig" type="com.sunopsis.sql.DbInt"><![CDATA[107]]></Field>
	<Field name="OrigineName" type="java.lang.String"><![CDATA[Edit Command]]></Field>
	<Field name="SnpsCol" type="java.lang.String"><![CDATA[I_TXT_TRT_TXT]]></Field>
	<Field name="SnpsTable" type="java.lang.String"><![CDATA[SNP_TRT]]></Field>
</Object>
<Object class="com.sunopsis.dwg.dbobj.SnpUserExit">
		<Field name="ExprITxt" type="com.sunopsis.sql.DbInt"><![CDATA[null]]></Field>
	<Field name="ExtVersion" type="java.lang.String">null</Field>
	<Field name="GlobalId" type="java.lang.String"><![CDATA[566296cc-61cc-4ea3-848c-9b94dc133680]]></Field>
	<Field name="IndChange" type="java.lang.String"><![CDATA[U]]></Field>
	<Field name="ITrt" type="com.sunopsis.sql.DbInt"><![CDATA[51]]></Field>
	<Field name="ITxtUeHelp" type="com.sunopsis.sql.DbInt"><![CDATA[null]]></Field>
	<Field name="ITxtValue" type="com.sunopsis.sql.DbInt"><![CDATA[null]]></Field>
	<Field name="IUserExit" type="com.sunopsis.sql.DbInt"><![CDATA[25]]></Field>
	<Field name="IUserExitGroup" type="com.sunopsis.sql.DbInt"><![CDATA[null]]></Field>
	<Field name="Position" type="com.sunopsis.sql.DbInt"><![CDATA[1]]></Field>
	<Field name="ShortValue" type="java.lang.String"><![CDATA[0]]></Field>
	<Field name="Subtypes" type="java.lang.String">null</Field>
	<Field name="UeName" type="java.lang.String"><![CDATA[CREATE_EXT_TAB]]></Field>
	<Field name="UeSdesc" type="java.lang.String"><![CDATA[Option to create the External Table (TRUE) or use an existing one (FALSE).]]></Field>
	<Field name="UeType" type="java.lang.String"><![CDATA[C]]></Field>
</Object>
<Object class="com.sunopsis.dwg.dbobj.SnpUserExit">
		<Field name="ExprITxt" type="com.sunopsis.sql.DbInt"><![CDATA[null]]></Field>
	<Field name="ExtVersion" type="java.lang.String">null</Field>
	<Field name="GlobalId" type="java.lang.String"><![CDATA[cf1ef28a-08c1-48f6-b378-1ac3eb6b7c66]]></Field>
	<Field name="IndChange" type="java.lang.String"><![CDATA[U]]></Field>
	<Field name="ITrt" type="com.sunopsis.sql.DbInt"><![CDATA[51]]></Field>
	<Field name="ITxtUeHelp" type="com.sunopsis.sql.DbInt"><![CDATA[null]]></Field>
	<Field name="ITxtValue" type="com.sunopsis.sql.DbInt"><![CDATA[null]]></Field>
	<Field name="IUserExit" type="com.sunopsis.sql.DbInt"><![CDATA[24]]></Field>
	<Field name="IUserExitGroup" type="com.sunopsis.sql.DbInt"><![CDATA[null]]></Field>
	<Field name="Position" type="com.sunopsis.sql.DbInt"><![CDATA[2]]></Field>
	<Field name="ShortValue" type="java.lang.String"><![CDATA[0]]></Field>
	<Field name="Subtypes" type="java.lang.String">null</Field>
	<Field name="UeName" type="java.lang.String"><![CDATA[CREATE_DIRECTORY]]></Field>
	<Field name="UeSdesc" type="java.lang.String"><![CDATA[Option to create directory object (TRUE) or use an existing one (FALSE).]]></Field>
	<Field name="UeType" type="java.lang.String"><![CDATA[C]]></Field>
</Object>
<Object class="com.sunopsis.dwg.dbobj.SnpUserExit">
		<Field name="ExprITxt" type="com.sunopsis.sql.DbInt"><![CDATA[null]]></Field>
	<Field name="ExtVersion" type="java.lang.String">null</Field>
	<Field name="GlobalId" type="java.lang.String"><![CDATA[7b14756a-6afa-4a65-a083-7761eedb0d39]]></Field>
	<Field name="IndChange" type="java.lang.String"><![CDATA[U]]></Field>
	<Field name="ITrt" type="com.sunopsis.sql.DbInt"><![CDATA[51]]></Field>
	<Field name="ITxtUeHelp" type="com.sunopsis.sql.DbInt"><![CDATA[null]]></Field>
	<Field name="ITxtValue" type="com.sunopsis.sql.DbInt"><![CDATA[null]]></Field>
	<Field name="IUserExit" type="com.sunopsis.sql.DbInt"><![CDATA[26]]></Field>
	<Field name="IUserExitGroup" type="com.sunopsis.sql.DbInt"><![CDATA[null]]></Field>
	<Field name="Position" type="com.sunopsis.sql.DbInt"><![CDATA[3]]></Field>
	<Field name="ShortValue" type="java.lang.String">null</Field>
	<Field name="Subtypes" type="java.lang.String">null</Field>
	<Field name="UeName" type="java.lang.String"><![CDATA[ACCESS_PARAMETERS]]></Field>
	<Field name="UeSdesc" type="java.lang.String"><![CDATA[Describes the external data source and implements the type of external table that was specified.]]></Field>
	<Field name="UeType" type="java.lang.String"><![CDATA[T]]></Field>
</Object>
<Object class="com.sunopsis.dwg.dbobj.SnpUserExit">
		<Field name="ExprITxt" type="com.sunopsis.sql.DbInt"><![CDATA[null]]></Field>
	<Field name="ExtVersion" type="java.lang.String">null</Field>
	<Field name="GlobalId" type="java.lang.String"><![CDATA[d147e399-a068-4280-82cf-cd34bacb16ae]]></Field>
	<Field name="IndChange" type="java.lang.String"><![CDATA[U]]></Field>
	<Field name="ITrt" type="com.sunopsis.sql.DbInt"><![CDATA[51]]></Field>
	<Field name="ITxtUeHelp" type="com.sunopsis.sql.DbInt"><![CDATA[null]]></Field>
	<Field name="ITxtValue" type="com.sunopsis.sql.DbInt"><![CDATA[null]]></Field>
	<Field name="IUserExit" type="com.sunopsis.sql.DbInt"><![CDATA[27]]></Field>
	<Field name="IUserExitGroup" type="com.sunopsis.sql.DbInt"><![CDATA[null]]></Field>
	<Field name="Position" type="com.sunopsis.sql.DbInt"><![CDATA[4]]></Field>
	<Field name="ShortValue" type="java.lang.String">null</Field>
	<Field name="Subtypes" type="java.lang.String">null</Field>
	<Field name="UeName" type="java.lang.String"><![CDATA[SQL_DEFAULT_DIR]]></Field>
	<Field name="UeSdesc" type="java.lang.String"><![CDATA[Specifies the default directory for files that are read or written by external tables.]]></Field>
	<Field name="UeType" type="java.lang.String"><![CDATA[T]]></Field>
</Object>
<Object class="com.sunopsis.dwg.dbobj.SnpUserExit">
		<Field name="ExprITxt" type="com.sunopsis.sql.DbInt"><![CDATA[null]]></Field>
	<Field name="ExtVersion" type="java.lang.String">null</Field>
	<Field name="GlobalId" type="java.lang.String"><![CDATA[01455b49-c35c-4a2e-8cdb-95603868b781]]></Field>
	<Field name="IndChange" type="java.lang.String"><![CDATA[U]]></Field>
	<Field name="ITrt" type="com.sunopsis.sql.DbInt"><![CDATA[51]]></Field>
	<Field name="ITxtUeHelp" type="com.sunopsis.sql.DbInt"><![CDATA[null]]></Field>
	<Field name="ITxtValue" type="com.sunopsis.sql.DbInt"><![CDATA[null]]></Field>
	<Field name="IUserExit" type="com.sunopsis.sql.DbInt"><![CDATA[28]]></Field>
	<Field name="IUserExitGroup" type="com.sunopsis.sql.DbInt"><![CDATA[null]]></Field>
	<Field name="Position" type="com.sunopsis.sql.DbInt"><![CDATA[5]]></Field>
	<Field name="ShortValue" type="java.lang.String">null</Field>
	<Field name="Subtypes" type="java.lang.String">null</Field>
	<Field name="UeName" type="java.lang.String"><![CDATA[SQL_DIRECTORIES]]></Field>
	<Field name="UeSdesc" type="java.lang.String"><![CDATA[Specifies the list of directories and their folder paths for storing input and output files.]]></Field>
	<Field name="UeType" type="java.lang.String"><![CDATA[T]]></Field>
</Object>
<Object class="com.sunopsis.dwg.dbobj.SnpUserExit">
		<Field name="ExprITxt" type="com.sunopsis.sql.DbInt"><![CDATA[null]]></Field>
	<Field name="ExtVersion" type="java.lang.String">null</Field>
	<Field name="GlobalId" type="java.lang.String"><![CDATA[d8f7ab1a-2be0-4d15-8827-af6861a6eae2]]></Field>
	<Field name="IndChange" type="java.lang.String"><![CDATA[U]]></Field>
	<Field name="ITrt" type="com.sunopsis.sql.DbInt"><![CDATA[51]]></Field>
	<Field name="ITxtUeHelp" type="com.sunopsis.sql.DbInt"><![CDATA[null]]></Field>
	<Field name="ITxtValue" type="com.sunopsis.sql.DbInt"><![CDATA[null]]></Field>
	<Field name="IUserExit" type="com.sunopsis.sql.DbInt"><![CDATA[29]]></Field>
	<Field name="IUserExitGroup" type="com.sunopsis.sql.DbInt"><![CDATA[null]]></Field>
	<Field name="Position" type="com.sunopsis.sql.DbInt"><![CDATA[6]]></Field>
	<Field name="ShortValue" type="java.lang.String">null</Field>
	<Field name="Subtypes" type="java.lang.String">null</Field>
	<Field name="UeName" type="java.lang.String"><![CDATA[DIR_DATA_FILES]]></Field>
	<Field name="UeSdesc" type="java.lang.String"><![CDATA[Name of the data files to be used.]]></Field>
	<Field name="UeType" type="java.lang.String"><![CDATA[T]]></Field>
</Object>
<Object class="com.sunopsis.dwg.dbobj.SnpLineTrt">
		<Field name="AlwaysExe" type="java.lang.String"><![CDATA[0]]></Field>
	<Field name="BrpId" type="com.sunopsis.sql.DbInt"><![CDATA[null]]></Field>
	<Field name="ColConnectId" type="java.lang.String">null</Field>
	<Field name="ColContextCode" type="java.lang.String">null</Field>
	<Field name="ColIndCommit" type="java.lang.String">null</Field>
	<Field name="ColIsolLevel" type="java.lang.String">null</Field>
	<Field name="ColITxt" type="com.sunopsis.sql.DbInt"><![CDATA[null]]></Field>
	<Field name="ColLanguage" type="java.lang.String">null</Field>
	<Field name="ColLschemaName" type="java.lang.String">null</Field>
	<Field name="ColTechno" type="java.lang.String">null</Field>
	<Field name="DefConnectId" type="java.lang.String">null</Field>
	<Field name="DefContextCode" type="java.lang.String"><![CDATA[GLOBAL]]></Field>
	<Field name="DefIndCommit" type="java.lang.String">null</Field>
	<Field name="DefIsolLevel" type="java.lang.String"><![CDATA[2]]></Field>
	<Field name="DefITxt" type="com.sunopsis.sql.DbInt"><![CDATA[1946]]></Field>
	<Field name="DefLanguage" type="java.lang.String"><![CDATA[SQL]]></Field>
	<Field name="DefLschemaName" type="java.lang.String">null</Field>
	<Field name="DefTechno" type="java.lang.String"><![CDATA[ORACLE]]></Field>
	<Field name="ExeChannel" type="java.lang.String"><![CDATA[J]]></Field>
	<Field name="FirstDate" type="java.sql.Timestamp">null</Field>
	<Field name="FirstUser" type="java.lang.String">null</Field>
	<Field name="GlobalId" type="java.lang.String"><![CDATA[4dba0537-eda5-4cb9-af7f-f7fb3abc8d2e]]></Field>
	<Field name="IndErr" type="java.lang.String"><![CDATA[0]]></Field>
	<Field name="IndLogFinalCmd" type="java.lang.String"><![CDATA[0]]></Field>
	<Field name="IndLogNb" type="java.lang.String">null</Field>
	<Field name="ILineTrt" type="com.sunopsis.sql.DbInt"><![CDATA[55]]></Field>
	<Field name="IRefLineTrt" type="com.sunopsis.sql.DbInt"><![CDATA[null]]></Field>
	<Field name="IRefTrt" type="com.sunopsis.sql.DbInt"><![CDATA[null]]></Field>
	<Field name="ITrt" type="com.sunopsis.sql.DbInt"><![CDATA[51]]></Field>
	<Field name="KcmAk" type="java.lang.String">null</Field>
	<Field name="KcmCond" type="java.lang.String">null</Field>
	<Field name="KcmErrDel" type="java.lang.String">null</Field>
	<Field name="KcmJoin" type="java.lang.String">null</Field>
	<Field name="KcmNull" type="java.lang.String">null</Field>
	<Field name="KcmPk" type="java.lang.String">null</Field>
	<Field name="KimDrvdSel" type="java.lang.String"><![CDATA[0]]></Field>
	<Field name="KimIdx" type="java.lang.String">null</Field>
	<Field name="KimJrn" type="java.lang.String"><![CDATA[0]]></Field>
	<Field name="KimJrnPop" type="java.lang.String"><![CDATA[0]]></Field>
	<Field name="KjmCreate" type="java.lang.String">null</Field>
	<Field name="KjmDrop" type="java.lang.String">null</Field>
	<Field name="KjmExtend" type="java.lang.String">null</Field>
	<Field name="KjmInstall" type="java.lang.String">null</Field>
	<Field name="KjmLock" type="java.lang.String">null</Field>
	<Field name="KjmPurge" type="java.lang.String">null</Field>
	<Field name="KjmSetInstall" type="java.lang.String">null</Field>
	<Field name="KjmSetUninstall" type="java.lang.String">null</Field>
	<Field name="KjmSubscribe" type="java.lang.String">null</Field>
	<Field name="KjmTableOrder" type="java.lang.String">null</Field>
	<Field name="KjmUninstall" type="java.lang.String">null</Field>
	<Field name="KjmUnlock" type="java.lang.String">null</Field>
	<Field name="KjmUnsubscribe" type="java.lang.String">null</Field>
	<Field name="KlmAfterInt" type="java.lang.String">null</Field>
	<Field name="KlmIdx" type="java.lang.String"><![CDATA[0]]></Field>
	<Field name="KlmJrn" type="java.lang.String"><![CDATA[0]]></Field>
	<Field name="LastDate" type="java.sql.Timestamp"><![CDATA[2020-10-27 18:40:23.0]]></Field>
	<Field name="LastUser" type="java.lang.String"><![CDATA[SUPERVISOR]]></Field>
	<Field name="LineType" type="java.lang.String"><![CDATA[X]]></Field>
	<Field name="LogLevDet" type="java.lang.String"><![CDATA[3]]></Field>
	<Field name="MapTaskType" type="java.lang.String"><![CDATA[MB]]></Field>
	<Field name="OrdTrt" type="com.sunopsis.sql.DbInt"><![CDATA[30]]></Field>
	<Field name="SqlName" type="java.lang.String"><![CDATA[Create external table (XKM Oracle External Table)]]></Field>
	<Field name="SupportedSubtypes" type="java.lang.String"><![CDATA[SELECT]]></Field>
	<Field name="VariableDefs" type="java.lang.String"><![CDATA[
        odiRuntimeAccessName = OdiRef.getOdiGeneratedAccessName("TARG_NAME", physicalNode, "A");
        tableAlias = component.getAlias();
        tgtColList = { 
            def tgtTab = (IDataStore) component.getBoundObject()
            def cols = tgtTab.getColumns();
            String result = ""
            def first = true
            for (col in cols) {
                if (!first) result += ",\n"
                result += col.getName() + " "
                if (col.getDdlDataType().contains("NUMBER(50)") ) {
                    result += "NUMBER(38)"  ;
                } else {
                    result += col.getDdlDataType() ;
                }
                first = false
           }
           return result
        }
        
        dirDataFiles = rawExpr( physicalNode.getKMOptionValueString("DIR_DATA_FILES"));
        accessParams = rawExpr( physicalNode.getKMOptionValueString("ACCESS_PARAMETERS"));
        defaultDir   = physicalNode.getKMOptionValueString("SQL_DEFAULT_DIR");
        escapedAccessParams = escapeChars(accessParams) ; 
        escapedDirDataFiles = escapeChars(dirDataFiles) ; 
        ]]></Field>
</Object>
<Object class="com.sunopsis.dwg.dbobj.SnpTxtHeader">
		<Field name="Enc" type="java.lang.String">null</Field>
	<Field name="EncKey" type="java.lang.String">null</Field>
 <Field name="EncKeyVect" type="java.lang.String">null</Field>
	<Field name="GlobalId" type="java.lang.String"><![CDATA[701173af-0f1b-472f-8b4f-bf9285cf62f4]]></Field>
	<Field name="ITxt" type="com.sunopsis.sql.DbInt"><![CDATA[1946]]></Field>
	<Field name="ITxtOrig" type="com.sunopsis.sql.DbInt"><![CDATA[102]]></Field>
	<Field name="SqlIndGrp" type="java.lang.String"><![CDATA[2]]></Field>
 <Field name="Txt" type="java.lang.String"><![CDATA[
          CREATE TABLE $[odiRuntimeAccessName] ( 
              $[tgtColList.call()] 
          ) ORGANIZATION EXTERNAL( 
              TYPE ORACLE_LOADER 
              DEFAULT DIRECTORY $[defaultDir] 
              ACCESS PARAMETERS ( 
                  $[escapedAccessParams] 
              ) LOCATION ( 
                  $[escapedDirDataFiles] 
              )
          ) REJECT LIMIT 1000 NOPARALLEL ]]></Field>
</Object>
<Object class="com.sunopsis.dwg.dbobj.SnpOrigTxt">
		<Field name="GlobalId" type="java.lang.String">null</Field>
	<Field name="ITxtOrig" type="com.sunopsis.sql.DbInt"><![CDATA[102]]></Field>
	<Field name="OrigineName" type="java.lang.String"><![CDATA[Target Technology]]></Field>
	<Field name="SnpsCol" type="java.lang.String"><![CDATA[DEF_I_TXT]]></Field>
	<Field name="SnpsTable" type="java.lang.String"><![CDATA[SNP_LINE_TRT]]></Field>
</Object>
<Object class="com.sunopsis.dwg.dbobj.SnpLineTrt">
		<Field name="AlwaysExe" type="java.lang.String"><![CDATA[0]]></Field>
	<Field name="BrpId" type="com.sunopsis.sql.DbInt"><![CDATA[null]]></Field>
	<Field name="ColConnectId" type="java.lang.String">null</Field>
	<Field name="ColContextCode" type="java.lang.String">null</Field>
	<Field name="ColIndCommit" type="java.lang.String">null</Field>
	<Field name="ColIsolLevel" type="java.lang.String">null</Field>
	<Field name="ColITxt" type="com.sunopsis.sql.DbInt"><![CDATA[null]]></Field>
	<Field name="ColLanguage" type="java.lang.String">null</Field>
	<Field name="ColLschemaName" type="java.lang.String">null</Field>
	<Field name="ColTechno" type="java.lang.String">null</Field>
	<Field name="DefConnectId" type="java.lang.String">null</Field>
	<Field name="DefContextCode" type="java.lang.String"><![CDATA[GLOBAL]]></Field>
	<Field name="DefIndCommit" type="java.lang.String">null</Field>
	<Field name="DefIsolLevel" type="java.lang.String"><![CDATA[2]]></Field>
	<Field name="DefITxt" type="com.sunopsis.sql.DbInt"><![CDATA[1945]]></Field>
	<Field name="DefLanguage" type="java.lang.String"><![CDATA[SQL]]></Field>
	<Field name="DefLschemaName" type="java.lang.String">null</Field>
	<Field name="DefTechno" type="java.lang.String"><![CDATA[ORACLE]]></Field>
	<Field name="ExeChannel" type="java.lang.String"><![CDATA[J]]></Field>
	<Field name="FirstDate" type="java.sql.Timestamp">null</Field>
	<Field name="FirstUser" type="java.lang.String">null</Field>
	<Field name="GlobalId" type="java.lang.String"><![CDATA[3b326a7f-3939-40db-8e9b-eccba2f1707b]]></Field>
	<Field name="IndErr" type="java.lang.String"><![CDATA[1]]></Field>
	<Field name="IndLogFinalCmd" type="java.lang.String"><![CDATA[0]]></Field>
	<Field name="IndLogNb" type="java.lang.String">null</Field>
	<Field name="ILineTrt" type="com.sunopsis.sql.DbInt"><![CDATA[54]]></Field>
	<Field name="IRefLineTrt" type="com.sunopsis.sql.DbInt"><![CDATA[null]]></Field>
	<Field name="IRefTrt" type="com.sunopsis.sql.DbInt"><![CDATA[null]]></Field>
	<Field name="ITrt" type="com.sunopsis.sql.DbInt"><![CDATA[51]]></Field>
	<Field name="KcmAk" type="java.lang.String">null</Field>
	<Field name="KcmCond" type="java.lang.String">null</Field>
	<Field name="KcmErrDel" type="java.lang.String">null</Field>
	<Field name="KcmJoin" type="java.lang.String">null</Field>
	<Field name="KcmNull" type="java.lang.String">null</Field>
	<Field name="KcmPk" type="java.lang.String">null</Field>
	<Field name="KimDrvdSel" type="java.lang.String"><![CDATA[0]]></Field>
	<Field name="KimIdx" type="java.lang.String">null</Field>
	<Field name="KimJrn" type="java.lang.String"><![CDATA[0]]></Field>
	<Field name="KimJrnPop" type="java.lang.String"><![CDATA[0]]></Field>
	<Field name="KjmCreate" type="java.lang.String">null</Field>
	<Field name="KjmDrop" type="java.lang.String">null</Field>
	<Field name="KjmExtend" type="java.lang.String">null</Field>
	<Field name="KjmInstall" type="java.lang.String">null</Field>
	<Field name="KjmLock" type="java.lang.String">null</Field>
	<Field name="KjmPurge" type="java.lang.String">null</Field>
	<Field name="KjmSetInstall" type="java.lang.String">null</Field>
	<Field name="KjmSetUninstall" type="java.lang.String">null</Field>
	<Field name="KjmSubscribe" type="java.lang.String">null</Field>
	<Field name="KjmTableOrder" type="java.lang.String">null</Field>
	<Field name="KjmUninstall" type="java.lang.String">null</Field>
	<Field name="KjmUnlock" type="java.lang.String">null</Field>
	<Field name="KjmUnsubscribe" type="java.lang.String">null</Field>
	<Field name="KlmAfterInt" type="java.lang.String">null</Field>
	<Field name="KlmIdx" type="java.lang.String"><![CDATA[0]]></Field>
	<Field name="KlmJrn" type="java.lang.String"><![CDATA[0]]></Field>
	<Field name="LastDate" type="java.sql.Timestamp"><![CDATA[2020-10-27 18:40:23.0]]></Field>
	<Field name="LastUser" type="java.lang.String"><![CDATA[SUPERVISOR]]></Field>
	<Field name="LineType" type="java.lang.String"><![CDATA[X]]></Field>
	<Field name="LogLevDet" type="java.lang.String"><![CDATA[3]]></Field>
	<Field name="MapTaskType" type="java.lang.String"><![CDATA[MB]]></Field>
	<Field name="OrdTrt" type="com.sunopsis.sql.DbInt"><![CDATA[20]]></Field>
	<Field name="SqlName" type="java.lang.String"><![CDATA[Drop external table (XKM Oracle External Table)]]></Field>
	<Field name="SupportedSubtypes" type="java.lang.String"><![CDATA[SELECT]]></Field>
	<Field name="VariableDefs" type="java.lang.String"><![CDATA[
			odiRuntimeAccessName = OdiRef.getOdiGeneratedAccessName("TARG_NAME", physicalNode, "A");
        ]]></Field>
</Object>
<Object class="com.sunopsis.dwg.dbobj.SnpTxtHeader">
		<Field name="Enc" type="java.lang.String">null</Field>
	<Field name="EncKey" type="java.lang.String">null</Field>
 <Field name="EncKeyVect" type="java.lang.String">null</Field>
	<Field name="GlobalId" type="java.lang.String"><![CDATA[8070487e-fc44-4113-9c38-243d33f9f980]]></Field>
	<Field name="ITxt" type="com.sunopsis.sql.DbInt"><![CDATA[1945]]></Field>
	<Field name="ITxtOrig" type="com.sunopsis.sql.DbInt"><![CDATA[102]]></Field>
	<Field name="SqlIndGrp" type="java.lang.String"><![CDATA[2]]></Field>
 <Field name="Txt" type="java.lang.String"><![CDATA[
                drop table $[odiRuntimeAccessName]
            ]]></Field>
</Object>
<Object class="com.sunopsis.dwg.dbobj.SnpLineTrt">
		<Field name="AlwaysExe" type="java.lang.String"><![CDATA[0]]></Field>
	<Field name="BrpId" type="com.sunopsis.sql.DbInt"><![CDATA[null]]></Field>
	<Field name="ColConnectId" type="java.lang.String">null</Field>
	<Field name="ColContextCode" type="java.lang.String">null</Field>
	<Field name="ColIndCommit" type="java.lang.String">null</Field>
	<Field name="ColIsolLevel" type="java.lang.String">null</Field>
	<Field name="ColITxt" type="com.sunopsis.sql.DbInt"><![CDATA[null]]></Field>
	<Field name="ColLanguage" type="java.lang.String">null</Field>
	<Field name="ColLschemaName" type="java.lang.String">null</Field>
	<Field name="ColTechno" type="java.lang.String">null</Field>
	<Field name="DefConnectId" type="java.lang.String">null</Field>
	<Field name="DefContextCode" type="java.lang.String"><![CDATA[GLOBAL]]></Field>
	<Field name="DefIndCommit" type="java.lang.String">null</Field>
	<Field name="DefIsolLevel" type="java.lang.String"><![CDATA[2]]></Field>
	<Field name="DefITxt" type="com.sunopsis.sql.DbInt"><![CDATA[1947]]></Field>
	<Field name="DefLanguage" type="java.lang.String"><![CDATA[SQL]]></Field>
	<Field name="DefLschemaName" type="java.lang.String">null</Field>
	<Field name="DefTechno" type="java.lang.String"><![CDATA[ORACLE]]></Field>
	<Field name="ExeChannel" type="java.lang.String"><![CDATA[J]]></Field>
	<Field name="FirstDate" type="java.sql.Timestamp">null</Field>
	<Field name="FirstUser" type="java.lang.String">null</Field>
	<Field name="GlobalId" type="java.lang.String"><![CDATA[da655848-416d-4eb1-8c0b-946a106c65ef]]></Field>
	<Field name="IndErr" type="java.lang.String"><![CDATA[1]]></Field>
	<Field name="IndLogFinalCmd" type="java.lang.String"><![CDATA[0]]></Field>
	<Field name="IndLogNb" type="java.lang.String">null</Field>
	<Field name="ILineTrt" type="com.sunopsis.sql.DbInt"><![CDATA[53]]></Field>
	<Field name="IRefLineTrt" type="com.sunopsis.sql.DbInt"><![CDATA[null]]></Field>
	<Field name="IRefTrt" type="com.sunopsis.sql.DbInt"><![CDATA[null]]></Field>
	<Field name="ITrt" type="com.sunopsis.sql.DbInt"><![CDATA[51]]></Field>
	<Field name="KcmAk" type="java.lang.String">null</Field>
	<Field name="KcmCond" type="java.lang.String">null</Field>
	<Field name="KcmErrDel" type="java.lang.String">null</Field>
	<Field name="KcmJoin" type="java.lang.String">null</Field>
	<Field name="KcmNull" type="java.lang.String">null</Field>
	<Field name="KcmPk" type="java.lang.String">null</Field>
	<Field name="KimDrvdSel" type="java.lang.String"><![CDATA[0]]></Field>
	<Field name="KimIdx" type="java.lang.String">null</Field>
	<Field name="KimJrn" type="java.lang.String"><![CDATA[0]]></Field>
	<Field name="KimJrnPop" type="java.lang.String"><![CDATA[0]]></Field>
	<Field name="KjmCreate" type="java.lang.String">null</Field>
	<Field name="KjmDrop" type="java.lang.String">null</Field>
	<Field name="KjmExtend" type="java.lang.String">null</Field>
	<Field name="KjmInstall" type="java.lang.String">null</Field>
	<Field name="KjmLock" type="java.lang.String">null</Field>
	<Field name="KjmPurge" type="java.lang.String">null</Field>
	<Field name="KjmSetInstall" type="java.lang.String">null</Field>
	<Field name="KjmSetUninstall" type="java.lang.String">null</Field>
	<Field name="KjmSubscribe" type="java.lang.String">null</Field>
	<Field name="KjmTableOrder" type="java.lang.String">null</Field>
	<Field name="KjmUninstall" type="java.lang.String">null</Field>
	<Field name="KjmUnlock" type="java.lang.String">null</Field>
	<Field name="KjmUnsubscribe" type="java.lang.String">null</Field>
	<Field name="KlmAfterInt" type="java.lang.String">null</Field>
	<Field name="KlmIdx" type="java.lang.String"><![CDATA[0]]></Field>
	<Field name="KlmJrn" type="java.lang.String"><![CDATA[0]]></Field>
	<Field name="LastDate" type="java.sql.Timestamp"><![CDATA[2020-10-27 18:40:23.0]]></Field>
	<Field name="LastUser" type="java.lang.String"><![CDATA[SUPERVISOR]]></Field>
	<Field name="LineType" type="java.lang.String"><![CDATA[X]]></Field>
	<Field name="LogLevDet" type="java.lang.String"><![CDATA[3]]></Field>
	<Field name="MapTaskType" type="java.lang.String"><![CDATA[MB]]></Field>
	<Field name="OrdTrt" type="com.sunopsis.sql.DbInt"><![CDATA[10]]></Field>
	<Field name="SqlName" type="java.lang.String"><![CDATA[Create Directories (XKM Oracle External Table)]]></Field>
	<Field name="SupportedSubtypes" type="java.lang.String"><![CDATA[SELECT]]></Field>
	<Field name="VariableDefs" type="java.lang.String"><![CDATA[
		    sqlCreateDirs = "" ;
			sqlDirs = rawExpr( physicalNode.getKMOptionValueString("SQL_DIRECTORIES"));			
			if (sqlDirs != null ){
			    for ( dir in sqlDirs.split("\\,") ) {
			        pair = dir.split("\\:");
			        sqlCreateDirs += "\n    EXECUTE IMMEDIATE 'CREATE OR REPLACE DIRECTORY " + pair[0] + " AS ''" + pair[1] + "'' ' ; " ;
			    }
                sqlCreateDirs = "BEGIN " + sqlCreateDirs + "\nEND;" ;
			}
        ]]></Field>
</Object>
<Object class="com.sunopsis.dwg.dbobj.SnpTxtHeader">
		<Field name="Enc" type="java.lang.String">null</Field>
	<Field name="EncKey" type="java.lang.String">null</Field>
 <Field name="EncKeyVect" type="java.lang.String">null</Field>
	<Field name="GlobalId" type="java.lang.String"><![CDATA[f36eb018-9156-4711-8dcd-8476b4735662]]></Field>
	<Field name="ITxt" type="com.sunopsis.sql.DbInt"><![CDATA[1947]]></Field>
	<Field name="ITxtOrig" type="com.sunopsis.sql.DbInt"><![CDATA[102]]></Field>
	<Field name="SqlIndGrp" type="java.lang.String"><![CDATA[2]]></Field>
 <Field name="Txt" type="java.lang.String"><![CDATA[$[sqlCreateDirs]]]></Field>
</Object>
<Object class="com.sunopsis.dwg.dbobj.SnpLineTrtUe">
		<Field name="GlobalId" type="java.lang.String"><![CDATA[af643e18-b528-4020-a7d9-8d10e33f8d38]]></Field>
	<Field name="ILineTrt" type="com.sunopsis.sql.DbInt"><![CDATA[55]]></Field>
	<Field name="ITrt" type="com.sunopsis.sql.DbInt"><![CDATA[null]]></Field>
	<Field name="IUserExit" type="com.sunopsis.sql.DbInt"><![CDATA[25]]></Field>
	<Field name="OrdTrt" type="com.sunopsis.sql.DbInt"><![CDATA[null]]></Field>
</Object>
<Object class="com.sunopsis.dwg.dbobj.SnpLineTrtUe">
		<Field name="GlobalId" type="java.lang.String"><![CDATA[278dfba6-bcd2-4f6b-8cca-2238c76002c4]]></Field>
	<Field name="ILineTrt" type="com.sunopsis.sql.DbInt"><![CDATA[54]]></Field>
	<Field name="ITrt" type="com.sunopsis.sql.DbInt"><![CDATA[null]]></Field>
	<Field name="IUserExit" type="com.sunopsis.sql.DbInt"><![CDATA[25]]></Field>
	<Field name="OrdTrt" type="com.sunopsis.sql.DbInt"><![CDATA[null]]></Field>
</Object>
<Object class="com.sunopsis.dwg.dbobj.SnpLineTrtUe">
		<Field name="GlobalId" type="java.lang.String"><![CDATA[db45358b-f951-41e0-925e-0fbee27a0caa]]></Field>
	<Field name="ILineTrt" type="com.sunopsis.sql.DbInt"><![CDATA[53]]></Field>
	<Field name="ITrt" type="com.sunopsis.sql.DbInt"><![CDATA[null]]></Field>
	<Field name="IUserExit" type="com.sunopsis.sql.DbInt"><![CDATA[24]]></Field>
	<Field name="OrdTrt" type="com.sunopsis.sql.DbInt"><![CDATA[null]]></Field>
</Object>
<Object class="com.sunopsis.dwg.dbobj.SnpFKXRef">
		<Field name="RefKey" type="java.lang.String"><![CDATA[SNP_TXTHEADER.1934]]></Field>
	<Field name="RefObjGlobalId" type="java.lang.String"><![CDATA[9134b241-c340-42e3-b2bd-1d33003a89be]]></Field>
 <Field name="RefObjFQName" type="java.lang.String">null</Field>
 <Field name="RefObjFQType" type="java.lang.String">null</Field>
 <Field name="RefObjFQNameLengths" type="java.lang.String">null</Field>
</Object>
<Object class="com.sunopsis.dwg.dbobj.SnpFKXRef">
		<Field name="RefKey" type="java.lang.String"><![CDATA[SNP_TRT.24]]></Field>
	<Field name="RefObjGlobalId" type="java.lang.String"><![CDATA[f47b0ed2-fa83-4da8-8d89-04c9719fae4f]]></Field>
 <Field name="RefObjFQName" type="java.lang.String"><![CDATA[XKM Oracle Extract]]></Field>
 <Field name="RefObjFQType" type="java.lang.String"><![CDATA[SNP_TRT]]></Field>
 <Field name="RefObjFQNameLengths" type="java.lang.String"><![CDATA[18]]></Field>
</Object>
<Object class="com.sunopsis.dwg.dbobj.SnpFKXRef">
		<Field name="RefKey" type="java.lang.String"><![CDATA[SNP_TRT.51]]></Field>
	<Field name="RefObjGlobalId" type="java.lang.String"><![CDATA[b227f5b7-34b3-4c60-a997-41a4f24097d3]]></Field>
 <Field name="RefObjFQName" type="java.lang.String"><![CDATA[XKM Oracle External Table]]></Field>
 <Field name="RefObjFQType" type="java.lang.String"><![CDATA[SNP_TRT]]></Field>
 <Field name="RefObjFQNameLengths" type="java.lang.String"><![CDATA[25]]></Field>
</Object>
<Object class="com.sunopsis.dwg.dbobj.SnpFKXRef">
		<Field name="RefKey" type="java.lang.String"><![CDATA[SNP_TXTHEADER.1946]]></Field>
	<Field name="RefObjGlobalId" type="java.lang.String"><![CDATA[701173af-0f1b-472f-8b4f-bf9285cf62f4]]></Field>
 <Field name="RefObjFQName" type="java.lang.String">null</Field>
 <Field name="RefObjFQType" type="java.lang.String">null</Field>
 <Field name="RefObjFQNameLengths" type="java.lang.String">null</Field>
</Object>
<Object class="com.sunopsis.dwg.dbobj.SnpFKXRef">
		<Field name="RefKey" type="java.lang.String"><![CDATA[SNP_TXTHEADER.1945]]></Field>
	<Field name="RefObjGlobalId" type="java.lang.String"><![CDATA[8070487e-fc44-4113-9c38-243d33f9f980]]></Field>
 <Field name="RefObjFQName" type="java.lang.String">null</Field>
 <Field name="RefObjFQType" type="java.lang.String">null</Field>
 <Field name="RefObjFQNameLengths" type="java.lang.String">null</Field>
</Object>
<Object class="com.sunopsis.dwg.dbobj.SnpFKXRef">
		<Field name="RefKey" type="java.lang.String"><![CDATA[SNP_ORIGTXT.102]]></Field>
	<Field name="RefObjGlobalId" type="java.lang.String">null</Field>
 <Field name="RefObjFQName" type="java.lang.String">null</Field>
 <Field name="RefObjFQType" type="java.lang.String">null</Field>
 <Field name="RefObjFQNameLengths" type="java.lang.String">null</Field>
</Object>
<Object class="com.sunopsis.dwg.dbobj.SnpFKXRef">
		<Field name="RefKey" type="java.lang.String"><![CDATA[SNP_TXTHEADER.1947]]></Field>
	<Field name="RefObjGlobalId" type="java.lang.String"><![CDATA[f36eb018-9156-4711-8dcd-8476b4735662]]></Field>
 <Field name="RefObjFQName" type="java.lang.String">null</Field>
 <Field name="RefObjFQType" type="java.lang.String">null</Field>
 <Field name="RefObjFQNameLengths" type="java.lang.String">null</Field>
</Object>
<Object class="com.sunopsis.dwg.dbobj.SnpFKXRef">
		<Field name="RefKey" type="java.lang.String"><![CDATA[SNP_USEREXIT.25]]></Field>
	<Field name="RefObjGlobalId" type="java.lang.String"><![CDATA[566296cc-61cc-4ea3-848c-9b94dc133680]]></Field>
 <Field name="RefObjFQName" type="java.lang.String"><![CDATA[XKM Oracle External Table.CREATE_EXT_TAB]]></Field>
 <Field name="RefObjFQType" type="java.lang.String"><![CDATA[SNP_TRT.SNP_USEREXIT]]></Field>
 <Field name="RefObjFQNameLengths" type="java.lang.String"><![CDATA[25.14]]></Field>
</Object>
<Object class="com.sunopsis.dwg.dbobj.SnpFKXRef">
		<Field name="RefKey" type="java.lang.String"><![CDATA[SNP_LINETRT.55]]></Field>
	<Field name="RefObjGlobalId" type="java.lang.String"><![CDATA[4dba0537-eda5-4cb9-af7f-f7fb3abc8d2e]]></Field>
 <Field name="RefObjFQName" type="java.lang.String"><![CDATA[XKM Oracle External Table.Create external table (XKM Oracle External Table)]]></Field>
 <Field name="RefObjFQType" type="java.lang.String"><![CDATA[SNP_TRT.SNP_LINETRT]]></Field>
 <Field name="RefObjFQNameLengths" type="java.lang.String"><![CDATA[25.49]]></Field>
</Object>
<Object class="com.sunopsis.dwg.dbobj.SnpFKXRef">
		<Field name="RefKey" type="java.lang.String"><![CDATA[SNP_LINETRT.54]]></Field>
	<Field name="RefObjGlobalId" type="java.lang.String"><![CDATA[3b326a7f-3939-40db-8e9b-eccba2f1707b]]></Field>
 <Field name="RefObjFQName" type="java.lang.String"><![CDATA[XKM Oracle External Table.Drop external table (XKM Oracle External Table)]]></Field>
 <Field name="RefObjFQType" type="java.lang.String"><![CDATA[SNP_TRT.SNP_LINETRT]]></Field>
 <Field name="RefObjFQNameLengths" type="java.lang.String"><![CDATA[25.47]]></Field>
</Object>
<Object class="com.sunopsis.dwg.dbobj.SnpFKXRef">
		<Field name="RefKey" type="java.lang.String"><![CDATA[SNP_USEREXIT.24]]></Field>
	<Field name="RefObjGlobalId" type="java.lang.String"><![CDATA[cf1ef28a-08c1-48f6-b378-1ac3eb6b7c66]]></Field>
 <Field name="RefObjFQName" type="java.lang.String"><![CDATA[XKM Oracle External Table.CREATE_DIRECTORY]]></Field>
 <Field name="RefObjFQType" type="java.lang.String"><![CDATA[SNP_TRT.SNP_USEREXIT]]></Field>
 <Field name="RefObjFQNameLengths" type="java.lang.String"><![CDATA[25.16]]></Field>
</Object>
<Object class="com.sunopsis.dwg.dbobj.SnpFKXRef">
		<Field name="RefKey" type="java.lang.String"><![CDATA[SNP_LINETRT.53]]></Field>
	<Field name="RefObjGlobalId" type="java.lang.String"><![CDATA[da655848-416d-4eb1-8c0b-946a106c65ef]]></Field>
 <Field name="RefObjFQName" type="java.lang.String"><![CDATA[XKM Oracle External Table.Create Directories (XKM Oracle External Table)]]></Field>
 <Field name="RefObjFQType" type="java.lang.String"><![CDATA[SNP_TRT.SNP_LINETRT]]></Field>
 <Field name="RefObjFQNameLengths" type="java.lang.String"><![CDATA[25.46]]></Field>
</Object>
<Object class="com.sunopsis.dwg.DwgExportSummary">
		<Field name="ExpTxtNb" type="com.sunopsis.sql.DbInt"><![CDATA[0]]></Field>
	<Field name="InstObjNb" type="com.sunopsis.sql.DbInt"><![CDATA[0]]></Field>
	<Field name="JoinColNb" type="com.sunopsis.sql.DbInt"><![CDATA[0]]></Field>
	<Field name="JoinNb" type="com.sunopsis.sql.DbInt"><![CDATA[0]]></Field>
	<Field name="KeyColNb" type="com.sunopsis.sql.DbInt"><![CDATA[0]]></Field>
	<Field name="KeyNb" type="com.sunopsis.sql.DbInt"><![CDATA[0]]></Field>
	<Field name="LinkDiagNb" type="com.sunopsis.sql.DbInt"><![CDATA[0]]></Field>
	<Field name="MorigTxtNb" type="com.sunopsis.sql.DbInt"><![CDATA[0]]></Field>
	<Field name="MtxtNb" type="com.sunopsis.sql.DbInt"><![CDATA[0]]></Field>
	<Field name="OrigTxtNb" type="com.sunopsis.sql.DbInt"><![CDATA[4]]></Field>
	<Field name="OtherObjectsNb" type="com.sunopsis.sql.DbInt"><![CDATA[13]]></Field>
	<Field name="PlanAgentNb" type="com.sunopsis.sql.DbInt"><![CDATA[0]]></Field>
	<Field name="StepNb" type="com.sunopsis.sql.DbInt"><![CDATA[0]]></Field>
	<Field name="TxtNb" type="com.sunopsis.sql.DbInt"><![CDATA[4]]></Field>
	<Field name="UeOrigNb" type="com.sunopsis.sql.DbInt"><![CDATA[0]]></Field>
	<Field name="UeUsedNb" type="com.sunopsis.sql.DbInt"><![CDATA[0]]></Field>
	<Field name="VarPlanAgentNb" type="com.sunopsis.sql.DbInt"><![CDATA[0]]></Field>
	<Field name="ScenTxtNb" type="com.sunopsis.sql.DbInt"><![CDATA[0]]></Field>
	<Field name="OdiVersion" type="java.lang.String"><![CDATA[12.2.1]]></Field>
	<Field name="OriginRepositoryID" type="com.sunopsis.sql.DbInt"><![CDATA[1]]></Field>
	<Field name="RepositoryVersion" type="java.lang.String"><![CDATA[05.02.02.09]]></Field>
</Object>
</SunopsisExport>
