<?xml version="1.0" encoding="UTF-8"?>
<SunopsisExport>
<Admin RepositoryVersion="05.02.02.09" IsLegacyIdCompatible="false" />
<Encryption algorithm="AES" keyLength="128" exportKeyHash="30I9gbhYfUgAI6EZDibkavs/wxeOiFcgPSaAoCnYZks=" keyVect="WsqdI5x9VXMsjhqVr9820w==" exportKeySalt="410fd736-bd0d-4dd0-90ba-ce86f1f26dfa" containsCipherText="false"/>
<Object class="com.sunopsis.dwg.dbobj.SnpKmTemplate">
		<Field name="FirstDate" type="java.sql.Timestamp"><![CDATA[2020-10-13 17:12:29.0]]></Field>
	<Field name="FirstUser" type="java.lang.String"><![CDATA[SUNOPSIS_INSTALL]]></Field>
	<Field name="GlobalId" type="java.lang.String"><![CDATA[fa46de98-2d00-11e6-93ee-00163e1ffd72]]></Field>
	<Field name="IndChange" type="java.lang.String"><![CDATA[U]]></Field>
	<Field name="IndIsSeeded" type="java.lang.String"><![CDATA[1]]></Field>
	<Field name="IndLangTrans" type="java.lang.String"><![CDATA[1]]></Field>
	<Field name="IndReplNl" type="java.lang.String"><![CDATA[1]]></Field>
	<Field name="IntVersion" type="com.sunopsis.sql.DbInt"><![CDATA[2]]></Field>
	<Field name="IKmTemplate" type="com.sunopsis.sql.DbInt"><![CDATA[83]]></Field>
	<Field name="LangName" type="java.lang.String"><![CDATA[PIGLATIN]]></Field>
	<Field name="LastDate" type="java.sql.Timestamp"><![CDATA[2020-10-13 17:12:31.0]]></Field>
	<Field name="LastUser" type="java.lang.String"><![CDATA[SUNOPSIS_INSTALL]]></Field>
	<Field name="Name" type="java.lang.String"><![CDATA[PigSubqueryFilterCmd]]></Field>
	<Field name="TechnoName" type="java.lang.String"><![CDATA[PIG]]></Field>
	<Field name="TemplateText" type="java.lang.String"><![CDATA[{# INCLUDE = 'RegisterStatements' #}TEMP1 = foreach $[DRV_SRC_ALIAS] generate TOBAG(TOTUPLE(*)) as DRV;
TEMP2 = foreach (group $[SBQ_SRC_ALIAS] all) generate $1 as SBQ;
TEMP = cross TEMP1, TEMP2;{# IF ($[SUBQ_AGGR_FUNCS] == 'null') #}
TEMP = foreach TEMP {
         X = cross DRV, SBQ;
         Y = filter X by $[SUBQ_JOIN_COND];
         Z = filter Y by $[DRV_EXPRS_STR] $[SUBQ_INPUT_ROLE] $[SBQ_EXPRS_STR];
         generate flatten(DRV), COUNT_STAR(Z) as CNT_MATCHED, COUNT_STAR(Y) as CNT_ALL;
       }
{# ELSE #}
TEMP = foreach TEMP {
         X = cross DRV, SBQ;
         Y = filter X by $[SUBQ_JOIN_COND];
         generate DRV, Y as SBQ_BASE;
       }
TEMP = foreach TEMP {
         X = foreach SBQ_BASE generate
               {# FOR ($[SBQ_EXPRS],$[SBQ_EXPR_FIELD_NAMES]) IN ($[SBQ_EXPR],$[SBQ_EXPR_FIELD_NAME]) SEP = ', ' #}$[SBQ_EXPR] as $[SBQ_EXPR_FIELD_NAME]{# ENDFOR #},
               *;
         generate flatten(DRV), X as SBQ_BASE;
       }
TEMP = foreach TEMP {
         X = {(
               {# FOR ($[DRV_EXPRS]) IN ($[DRV_EXPR]) SEP = ', ' #}$[DRV_EXPR]{# ENDFOR #},
               {# FOR ($[SBQ_AGGR_FUNCS],$[MATCH_IDXS]) IN ($[SBQ_AGGR_FUNC],$[MATCH_IDX]) SEP = ', ' #}$[SBQ_AGGR_FUNC](SBQ_BASE.$$[MATCH_IDX]){# ENDFOR #}
             )};
         generate *, X as SBQ_BASE_AGGR;
       }
TEMP = foreach TEMP {
         X = filter SBQ_BASE_AGGR by $[DRV_MATCH_STR] $[SUBQ_INPUT_ROLE] $[SBQ_MATCH_STR];
         generate COUNT_STAR(X) as CNT_MATCHED, COUNT_STAR(SBQ_BASE_AGGR) as CNT_ALL, *;
       }
{# ENDIF #}{# IF ($[CASE] == '1') #}TEMP = filter TEMP by CNT_MATCHED > 0;
{# ENDIF #}{# IF ($[CASE] == '2') #}TEMP = filter TEMP by CNT_MATCHED == 0;
{# ENDIF #}{# IF ($[CASE] == '3') #}TEMP = filter TEMP by CNT_MATCHED == CNT_ALL;
{# ENDIF #}{# IF ($[CASE] == '4') #}TEMP = filter TEMP by CNT_MATCHED > 0;
{# ENDIF #}$[TGT_ALIAS] = foreach TEMP generate
  {# FOR ($[OUTPUT_EXPRS],$[TGT_FIELD_NAMES]) IN ($[OUTPUT_EXPR],$[TGT_FIELD_NAME]) SEP = ', ' #}$[OUTPUT_EXPR] as $[TGT_FIELD_NAME]{# ENDFOR #};]]></Field>
	<Field name="TemplateVersion" type="java.lang.String">null</Field>
</Object>
<Object class="com.sunopsis.dwg.dbobj.SnpTemplateJoin">
		<Field name="GlobalId" type="java.lang.String"><![CDATA[3f39bf2a-4097-4a95-9a7e-4c5285168efd]]></Field>
	<Field name="IKmTemplate" type="com.sunopsis.sql.DbInt"><![CDATA[83]]></Field>
	<Field name="IKmTemplateRef" type="com.sunopsis.sql.DbInt"><![CDATA[84]]></Field>
</Object>
<Object class="com.sunopsis.dwg.dbobj.SnpKmTemplateJoin">
		<Field name="GlobalId" type="java.lang.String"><![CDATA[97bb0968-e5b8-43a4-bb5d-62d7c11a8ced]]></Field>
	<Field name="ISnpKmTemplate" type="com.sunopsis.sql.DbInt"><![CDATA[83]]></Field>
	<Field name="ISnpTrt" type="com.sunopsis.sql.DbInt"><![CDATA[113]]></Field>
</Object>
<Object class="com.sunopsis.dwg.dbobj.SnpFKXRef">
		<Field name="RefKey" type="java.lang.String"><![CDATA[SNP_KMTEMPLATE.83]]></Field>
	<Field name="RefObjGlobalId" type="java.lang.String"><![CDATA[fa46de98-2d00-11e6-93ee-00163e1ffd72]]></Field>
 <Field name="RefObjFQName" type="java.lang.String"><![CDATA[PigSubqueryFilterCmd]]></Field>
 <Field name="RefObjFQType" type="java.lang.String"><![CDATA[SNP_KMTEMPLATE]]></Field>
 <Field name="RefObjFQNameLengths" type="java.lang.String"><![CDATA[20]]></Field>
</Object>
<Object class="com.sunopsis.dwg.dbobj.SnpFKXRef">
		<Field name="RefKey" type="java.lang.String"><![CDATA[SNP_KMTEMPLATE.84]]></Field>
	<Field name="RefObjGlobalId" type="java.lang.String"><![CDATA[fa46deb6-2d00-11e6-93ef-00163e1ffd72]]></Field>
 <Field name="RefObjFQName" type="java.lang.String"><![CDATA[RegisterStatements]]></Field>
 <Field name="RefObjFQType" type="java.lang.String"><![CDATA[SNP_KMTEMPLATE]]></Field>
 <Field name="RefObjFQNameLengths" type="java.lang.String"><![CDATA[18]]></Field>
</Object>
<Object class="com.sunopsis.dwg.dbobj.SnpFKXRef">
		<Field name="RefKey" type="java.lang.String"><![CDATA[SNP_TRT.113]]></Field>
	<Field name="RefObjGlobalId" type="java.lang.String"><![CDATA[d8e34905-ada0-4138-b641-72b9dcb2fd21]]></Field>
 <Field name="RefObjFQName" type="java.lang.String"><![CDATA[LKM Hive to Pig]]></Field>
 <Field name="RefObjFQType" type="java.lang.String"><![CDATA[SNP_TRT]]></Field>
 <Field name="RefObjFQNameLengths" type="java.lang.String"><![CDATA[15]]></Field>
</Object>
<Object class="com.sunopsis.dwg.DwgExportSummary">
		<Field name="ExpTxtNb" type="com.sunopsis.sql.DbInt"><![CDATA[0]]></Field>
	<Field name="InstObjNb" type="com.sunopsis.sql.DbInt"><![CDATA[0]]></Field>
	<Field name="JoinColNb" type="com.sunopsis.sql.DbInt"><![CDATA[0]]></Field>
	<Field name="JoinNb" type="com.sunopsis.sql.DbInt"><![CDATA[0]]></Field>
	<Field name="KeyColNb" type="com.sunopsis.sql.DbInt"><![CDATA[0]]></Field>
	<Field name="KeyNb" type="com.sunopsis.sql.DbInt"><![CDATA[0]]></Field>
	<Field name="LinkDiagNb" type="com.sunopsis.sql.DbInt"><![CDATA[0]]></Field>
	<Field name="MorigTxtNb" type="com.sunopsis.sql.DbInt"><![CDATA[0]]></Field>
	<Field name="MtxtNb" type="com.sunopsis.sql.DbInt"><![CDATA[0]]></Field>
	<Field name="OrigTxtNb" type="com.sunopsis.sql.DbInt"><![CDATA[0]]></Field>
	<Field name="OtherObjectsNb" type="com.sunopsis.sql.DbInt"><![CDATA[3]]></Field>
	<Field name="PlanAgentNb" type="com.sunopsis.sql.DbInt"><![CDATA[0]]></Field>
	<Field name="StepNb" type="com.sunopsis.sql.DbInt"><![CDATA[0]]></Field>
	<Field name="TxtNb" type="com.sunopsis.sql.DbInt"><![CDATA[0]]></Field>
	<Field name="UeOrigNb" type="com.sunopsis.sql.DbInt"><![CDATA[0]]></Field>
	<Field name="UeUsedNb" type="com.sunopsis.sql.DbInt"><![CDATA[0]]></Field>
	<Field name="VarPlanAgentNb" type="com.sunopsis.sql.DbInt"><![CDATA[0]]></Field>
	<Field name="ScenTxtNb" type="com.sunopsis.sql.DbInt"><![CDATA[0]]></Field>
	<Field name="OdiVersion" type="java.lang.String"><![CDATA[12.2.1]]></Field>
	<Field name="OriginRepositoryID" type="com.sunopsis.sql.DbInt"><![CDATA[1]]></Field>
	<Field name="RepositoryVersion" type="java.lang.String"><![CDATA[05.02.02.09]]></Field>
</Object>
</SunopsisExport>
