<?xml version="1.0" encoding="UTF-8"?>
<SunopsisExport>
<Admin RepositoryVersion="05.02.02.09" IsLegacyIdCompatible="false" />
<Encryption algorithm="AES" keyLength="128" exportKeyHash="fmBP6lSG2kyrsdWZDWWqGgG3yDJaMG5KhGgX2rL7Vj8=" keyVect="xg2/+y/cCtrZixBaE8PTmw==" exportKeySalt="3077c25e-5f2b-4777-b0b4-c2696be31718" containsCipherText="false"/>
<Object class="com.sunopsis.dwg.dbobj.SnpKmTemplate">
		<Field name="FirstDate" type="java.sql.Timestamp"><![CDATA[2020-10-13 17:12:29.0]]></Field>
	<Field name="FirstUser" type="java.lang.String"><![CDATA[SUNOPSIS_INSTALL]]></Field>
	<Field name="GlobalId" type="java.lang.String"><![CDATA[0519558e-4d77-490a-bacb-69b2a2b2fad5]]></Field>
	<Field name="IndChange" type="java.lang.String"><![CDATA[I]]></Field>
	<Field name="IndIsSeeded" type="java.lang.String"><![CDATA[1]]></Field>
	<Field name="IndLangTrans" type="java.lang.String"><![CDATA[1]]></Field>
	<Field name="IndReplNl" type="java.lang.String"><![CDATA[1]]></Field>
	<Field name="IntVersion" type="com.sunopsis.sql.DbInt"><![CDATA[1]]></Field>
	<Field name="IKmTemplate" type="com.sunopsis.sql.DbInt"><![CDATA[176]]></Field>
	<Field name="LangName" type="java.lang.String"><![CDATA[PYTHON]]></Field>
	<Field name="LastDate" type="java.sql.Timestamp"><![CDATA[2020-10-13 17:12:29.0]]></Field>
	<Field name="LastUser" type="java.lang.String"><![CDATA[SUNOPSIS_INSTALL]]></Field>
	<Field name="Name" type="java.lang.String"><![CDATA[SparkPartitionRedistributeAndSortDF]]></Field>
	<Field name="TechnoName" type="java.lang.String"><![CDATA[SPARK_PYTHON]]></Field>
	<Field name="TemplateText" type="java.lang.String"><![CDATA[
{# IF ($[REPARTITION] == 'true') #}
levelOfParallelism = {# IF ($[LEVEL_PARALLELISM] > '0')#}$[LEVEL_PARALLELISM]{# ELSE #}sc.defaultParallelism{# ENDIF #}
$[TGT_ALIAS] = $[TGT_ALIAS].repartition(levelOfParallelism{# FOR ($[PARTITION_KEY_FUNC_DF]) IN ($[KEY]) SEP = '' #},"$[KEY]"{# ENDFOR #})
{# ENDIF #}
{# IF ($[CACHE_DATA] == 'true') #}
$[TGT_ALIAS] = $[TGT_ALIAS].{# IF ($[CACHE_LEVEL] == 'Default') #}cache(){# ELSE #}persist(StorageLevel.$[CACHE_LEVEL]){# ENDIF #}
{# ENDIF #}
]]></Field>
	<Field name="TemplateVersion" type="java.lang.String">null</Field>
</Object>
<Object class="com.sunopsis.dwg.dbobj.SnpTemplateJoin">
		<Field name="GlobalId" type="java.lang.String"><![CDATA[0d6bba65-b339-4c35-827e-fd9ba56b25c8]]></Field>
	<Field name="IKmTemplate" type="com.sunopsis.sql.DbInt"><![CDATA[132]]></Field>
	<Field name="IKmTemplateRef" type="com.sunopsis.sql.DbInt"><![CDATA[176]]></Field>
</Object>
<Object class="com.sunopsis.dwg.dbobj.SnpTemplateJoin">
		<Field name="GlobalId" type="java.lang.String"><![CDATA[220c7976-a84a-4e05-ba92-aa681a5b0f19]]></Field>
	<Field name="IKmTemplate" type="com.sunopsis.sql.DbInt"><![CDATA[120]]></Field>
	<Field name="IKmTemplateRef" type="com.sunopsis.sql.DbInt"><![CDATA[176]]></Field>
</Object>
<Object class="com.sunopsis.dwg.dbobj.SnpTemplateJoin">
		<Field name="GlobalId" type="java.lang.String"><![CDATA[7efe0cb4-b3ce-4d9f-9ced-a687cea2c78d]]></Field>
	<Field name="IKmTemplate" type="com.sunopsis.sql.DbInt"><![CDATA[112]]></Field>
	<Field name="IKmTemplateRef" type="com.sunopsis.sql.DbInt"><![CDATA[176]]></Field>
</Object>
<Object class="com.sunopsis.dwg.dbobj.SnpTemplateJoin">
		<Field name="GlobalId" type="java.lang.String"><![CDATA[63708c85-410a-41d3-b66a-33c666c30fa4]]></Field>
	<Field name="IKmTemplate" type="com.sunopsis.sql.DbInt"><![CDATA[100]]></Field>
	<Field name="IKmTemplateRef" type="com.sunopsis.sql.DbInt"><![CDATA[176]]></Field>
</Object>
<Object class="com.sunopsis.dwg.dbobj.SnpTemplateJoin">
		<Field name="GlobalId" type="java.lang.String"><![CDATA[8c3c7763-1f51-4a97-ab51-b45a48642f47]]></Field>
	<Field name="IKmTemplate" type="com.sunopsis.sql.DbInt"><![CDATA[161]]></Field>
	<Field name="IKmTemplateRef" type="com.sunopsis.sql.DbInt"><![CDATA[176]]></Field>
</Object>
<Object class="com.sunopsis.dwg.dbobj.SnpTemplateJoin">
		<Field name="GlobalId" type="java.lang.String"><![CDATA[33605ebc-0e31-4ffd-b9c2-8f6498e887d6]]></Field>
	<Field name="IKmTemplate" type="com.sunopsis.sql.DbInt"><![CDATA[159]]></Field>
	<Field name="IKmTemplateRef" type="com.sunopsis.sql.DbInt"><![CDATA[176]]></Field>
</Object>
<Object class="com.sunopsis.dwg.dbobj.SnpTemplateJoin">
		<Field name="GlobalId" type="java.lang.String"><![CDATA[608306ab-ae0d-4574-8923-a476bad03142]]></Field>
	<Field name="IKmTemplate" type="com.sunopsis.sql.DbInt"><![CDATA[121]]></Field>
	<Field name="IKmTemplateRef" type="com.sunopsis.sql.DbInt"><![CDATA[176]]></Field>
</Object>
<Object class="com.sunopsis.dwg.dbobj.SnpTemplateJoin">
		<Field name="GlobalId" type="java.lang.String"><![CDATA[a0da0a1f-c361-4d76-af96-3ad55b355777]]></Field>
	<Field name="IKmTemplate" type="com.sunopsis.sql.DbInt"><![CDATA[158]]></Field>
	<Field name="IKmTemplateRef" type="com.sunopsis.sql.DbInt"><![CDATA[176]]></Field>
</Object>
<Object class="com.sunopsis.dwg.dbobj.SnpTemplateJoin">
		<Field name="GlobalId" type="java.lang.String"><![CDATA[1c166ab2-fb4a-4310-a916-24575689e407]]></Field>
	<Field name="IKmTemplate" type="com.sunopsis.sql.DbInt"><![CDATA[175]]></Field>
	<Field name="IKmTemplateRef" type="com.sunopsis.sql.DbInt"><![CDATA[176]]></Field>
</Object>
<Object class="com.sunopsis.dwg.dbobj.SnpTemplateJoin">
		<Field name="GlobalId" type="java.lang.String"><![CDATA[5a58f27b-9dd0-4816-8b27-52479dd9e3b1]]></Field>
	<Field name="IKmTemplate" type="com.sunopsis.sql.DbInt"><![CDATA[138]]></Field>
	<Field name="IKmTemplateRef" type="com.sunopsis.sql.DbInt"><![CDATA[176]]></Field>
</Object>
<Object class="com.sunopsis.dwg.dbobj.SnpTemplateJoin">
		<Field name="GlobalId" type="java.lang.String"><![CDATA[ef3b06b9-af1d-4940-9ebe-0833d2fe1224]]></Field>
	<Field name="IKmTemplate" type="com.sunopsis.sql.DbInt"><![CDATA[172]]></Field>
	<Field name="IKmTemplateRef" type="com.sunopsis.sql.DbInt"><![CDATA[176]]></Field>
</Object>
<Object class="com.sunopsis.dwg.dbobj.SnpTemplateJoin">
		<Field name="GlobalId" type="java.lang.String"><![CDATA[8d1ba8cc-31f2-4bd5-8b52-2ac156f1ea8f]]></Field>
	<Field name="IKmTemplate" type="com.sunopsis.sql.DbInt"><![CDATA[171]]></Field>
	<Field name="IKmTemplateRef" type="com.sunopsis.sql.DbInt"><![CDATA[176]]></Field>
</Object>
<Object class="com.sunopsis.dwg.dbobj.SnpTemplateJoin">
		<Field name="GlobalId" type="java.lang.String"><![CDATA[0fcb21f5-7678-4783-be57-da5255f7d75b]]></Field>
	<Field name="IKmTemplate" type="com.sunopsis.sql.DbInt"><![CDATA[173]]></Field>
	<Field name="IKmTemplateRef" type="com.sunopsis.sql.DbInt"><![CDATA[176]]></Field>
</Object>
<Object class="com.sunopsis.dwg.dbobj.SnpTemplateJoin">
		<Field name="GlobalId" type="java.lang.String"><![CDATA[f99e33ea-af1e-4e25-acb5-fd17feddebeb]]></Field>
	<Field name="IKmTemplate" type="com.sunopsis.sql.DbInt"><![CDATA[167]]></Field>
	<Field name="IKmTemplateRef" type="com.sunopsis.sql.DbInt"><![CDATA[176]]></Field>
</Object>
<Object class="com.sunopsis.dwg.dbobj.SnpTemplateJoin">
		<Field name="GlobalId" type="java.lang.String"><![CDATA[d3079ff8-1208-4d92-839f-5f6158ebf7f2]]></Field>
	<Field name="IKmTemplate" type="com.sunopsis.sql.DbInt"><![CDATA[103]]></Field>
	<Field name="IKmTemplateRef" type="com.sunopsis.sql.DbInt"><![CDATA[176]]></Field>
</Object>
<Object class="com.sunopsis.dwg.dbobj.SnpTemplateJoin">
		<Field name="GlobalId" type="java.lang.String"><![CDATA[991e7a2a-42c2-46e9-8955-819381dc0664]]></Field>
	<Field name="IKmTemplate" type="com.sunopsis.sql.DbInt"><![CDATA[163]]></Field>
	<Field name="IKmTemplateRef" type="com.sunopsis.sql.DbInt"><![CDATA[176]]></Field>
</Object>
<Object class="com.sunopsis.dwg.dbobj.SnpTemplateJoin">
		<Field name="GlobalId" type="java.lang.String"><![CDATA[5db4b57a-0d3b-4d49-b0dc-d9ab138b95f1]]></Field>
	<Field name="IKmTemplate" type="com.sunopsis.sql.DbInt"><![CDATA[157]]></Field>
	<Field name="IKmTemplateRef" type="com.sunopsis.sql.DbInt"><![CDATA[176]]></Field>
</Object>
<Object class="com.sunopsis.dwg.dbobj.SnpTemplateJoin">
		<Field name="GlobalId" type="java.lang.String"><![CDATA[6b07d193-2f12-423d-88a5-beb0f24bd1fa]]></Field>
	<Field name="IKmTemplate" type="com.sunopsis.sql.DbInt"><![CDATA[127]]></Field>
	<Field name="IKmTemplateRef" type="com.sunopsis.sql.DbInt"><![CDATA[176]]></Field>
</Object>
<Object class="com.sunopsis.dwg.dbobj.SnpTemplateJoin">
		<Field name="GlobalId" type="java.lang.String"><![CDATA[a1569c84-f1a3-41a2-b3ce-4dcd3d1a6692]]></Field>
	<Field name="IKmTemplate" type="com.sunopsis.sql.DbInt"><![CDATA[170]]></Field>
	<Field name="IKmTemplateRef" type="com.sunopsis.sql.DbInt"><![CDATA[176]]></Field>
</Object>
<Object class="com.sunopsis.dwg.dbobj.SnpTemplateJoin">
		<Field name="GlobalId" type="java.lang.String"><![CDATA[d054ff53-4192-4f9a-af87-12e64207a81e]]></Field>
	<Field name="IKmTemplate" type="com.sunopsis.sql.DbInt"><![CDATA[168]]></Field>
	<Field name="IKmTemplateRef" type="com.sunopsis.sql.DbInt"><![CDATA[176]]></Field>
</Object>
<Object class="com.sunopsis.dwg.dbobj.SnpTemplateJoin">
		<Field name="GlobalId" type="java.lang.String"><![CDATA[1068ebb2-47a5-4e14-9bc2-2725c3a17898]]></Field>
	<Field name="IKmTemplate" type="com.sunopsis.sql.DbInt"><![CDATA[105]]></Field>
	<Field name="IKmTemplateRef" type="com.sunopsis.sql.DbInt"><![CDATA[176]]></Field>
</Object>
<Object class="com.sunopsis.dwg.dbobj.SnpTemplateJoin">
		<Field name="GlobalId" type="java.lang.String"><![CDATA[03fec359-2e9b-41cf-86af-777b9a77d486]]></Field>
	<Field name="IKmTemplate" type="com.sunopsis.sql.DbInt"><![CDATA[156]]></Field>
	<Field name="IKmTemplateRef" type="com.sunopsis.sql.DbInt"><![CDATA[176]]></Field>
</Object>
<Object class="com.sunopsis.dwg.dbobj.SnpTemplateJoin">
		<Field name="GlobalId" type="java.lang.String"><![CDATA[d484f76e-c9c0-45ef-a4fe-315e23552cce]]></Field>
	<Field name="IKmTemplate" type="com.sunopsis.sql.DbInt"><![CDATA[179]]></Field>
	<Field name="IKmTemplateRef" type="com.sunopsis.sql.DbInt"><![CDATA[176]]></Field>
</Object>
<Object class="com.sunopsis.dwg.dbobj.SnpTemplateJoin">
		<Field name="GlobalId" type="java.lang.String"><![CDATA[66c7a7aa-32f9-4a06-89d0-a286048179f9]]></Field>
	<Field name="IKmTemplate" type="com.sunopsis.sql.DbInt"><![CDATA[169]]></Field>
	<Field name="IKmTemplateRef" type="com.sunopsis.sql.DbInt"><![CDATA[176]]></Field>
</Object>
<Object class="com.sunopsis.dwg.dbobj.SnpTemplateJoin">
		<Field name="GlobalId" type="java.lang.String"><![CDATA[fc23ad74-3721-45cd-b46f-68844ef456f9]]></Field>
	<Field name="IKmTemplate" type="com.sunopsis.sql.DbInt"><![CDATA[117]]></Field>
	<Field name="IKmTemplateRef" type="com.sunopsis.sql.DbInt"><![CDATA[176]]></Field>
</Object>
<Object class="com.sunopsis.dwg.dbobj.SnpTemplateJoin">
		<Field name="GlobalId" type="java.lang.String"><![CDATA[dff0fa9b-c115-4311-b98c-9ebfb94da48c]]></Field>
	<Field name="IKmTemplate" type="com.sunopsis.sql.DbInt"><![CDATA[174]]></Field>
	<Field name="IKmTemplateRef" type="com.sunopsis.sql.DbInt"><![CDATA[176]]></Field>
</Object>
<Object class="com.sunopsis.dwg.dbobj.SnpTemplateJoin">
		<Field name="GlobalId" type="java.lang.String"><![CDATA[c4c53533-885f-4e02-b24d-58d0f8271aa6]]></Field>
	<Field name="IKmTemplate" type="com.sunopsis.sql.DbInt"><![CDATA[131]]></Field>
	<Field name="IKmTemplateRef" type="com.sunopsis.sql.DbInt"><![CDATA[176]]></Field>
</Object>
<Object class="com.sunopsis.dwg.dbobj.SnpTemplateJoin">
		<Field name="GlobalId" type="java.lang.String"><![CDATA[f665aff5-0b15-419e-be94-c209cec522e5]]></Field>
	<Field name="IKmTemplate" type="com.sunopsis.sql.DbInt"><![CDATA[133]]></Field>
	<Field name="IKmTemplateRef" type="com.sunopsis.sql.DbInt"><![CDATA[176]]></Field>
</Object>
<Object class="com.sunopsis.dwg.dbobj.SnpTemplateJoin">
		<Field name="GlobalId" type="java.lang.String"><![CDATA[4bb48e37-e894-4c52-bf6b-b2b50053aa89]]></Field>
	<Field name="IKmTemplate" type="com.sunopsis.sql.DbInt"><![CDATA[122]]></Field>
	<Field name="IKmTemplateRef" type="com.sunopsis.sql.DbInt"><![CDATA[176]]></Field>
</Object>
<Object class="com.sunopsis.dwg.dbobj.SnpTemplateJoin">
		<Field name="GlobalId" type="java.lang.String"><![CDATA[ab92ac0a-5994-4ed7-81d4-439d2d3fa096]]></Field>
	<Field name="IKmTemplate" type="com.sunopsis.sql.DbInt"><![CDATA[162]]></Field>
	<Field name="IKmTemplateRef" type="com.sunopsis.sql.DbInt"><![CDATA[176]]></Field>
</Object>
<Object class="com.sunopsis.dwg.dbobj.SnpTemplateJoin">
		<Field name="GlobalId" type="java.lang.String"><![CDATA[d60bcd4d-9cf1-4e8c-a210-0970c4708c07]]></Field>
	<Field name="IKmTemplate" type="com.sunopsis.sql.DbInt"><![CDATA[155]]></Field>
	<Field name="IKmTemplateRef" type="com.sunopsis.sql.DbInt"><![CDATA[176]]></Field>
</Object>
<Object class="com.sunopsis.dwg.dbobj.SnpTemplateJoin">
		<Field name="GlobalId" type="java.lang.String"><![CDATA[018dd453-7615-4e44-8730-fd121058dab2]]></Field>
	<Field name="IKmTemplate" type="com.sunopsis.sql.DbInt"><![CDATA[134]]></Field>
	<Field name="IKmTemplateRef" type="com.sunopsis.sql.DbInt"><![CDATA[176]]></Field>
</Object>
<Object class="com.sunopsis.dwg.dbobj.SnpTemplateJoin">
		<Field name="GlobalId" type="java.lang.String"><![CDATA[b3452bb3-17cd-44f8-a80d-014ab80124d5]]></Field>
	<Field name="IKmTemplate" type="com.sunopsis.sql.DbInt"><![CDATA[101]]></Field>
	<Field name="IKmTemplateRef" type="com.sunopsis.sql.DbInt"><![CDATA[176]]></Field>
</Object>
<Object class="com.sunopsis.dwg.dbobj.SnpTemplateJoin">
		<Field name="GlobalId" type="java.lang.String"><![CDATA[c24dccef-81bd-43eb-b3ec-a724642d9cca]]></Field>
	<Field name="IKmTemplate" type="com.sunopsis.sql.DbInt"><![CDATA[116]]></Field>
	<Field name="IKmTemplateRef" type="com.sunopsis.sql.DbInt"><![CDATA[176]]></Field>
</Object>
<Object class="com.sunopsis.dwg.dbobj.SnpTemplateJoin">
		<Field name="GlobalId" type="java.lang.String"><![CDATA[281c05dd-a2f0-4906-9f70-9d08dafd975e]]></Field>
	<Field name="IKmTemplate" type="com.sunopsis.sql.DbInt"><![CDATA[177]]></Field>
	<Field name="IKmTemplateRef" type="com.sunopsis.sql.DbInt"><![CDATA[176]]></Field>
</Object>
<Object class="com.sunopsis.dwg.dbobj.SnpFKXRef">
		<Field name="RefKey" type="java.lang.String"><![CDATA[SNP_KMTEMPLATE.132]]></Field>
	<Field name="RefObjGlobalId" type="java.lang.String"><![CDATA[fa46e622-2d00-11e6-9419-00163e1ffd72]]></Field>
 <Field name="RefObjFQName" type="java.lang.String"><![CDATA[SparkGroupCmd]]></Field>
 <Field name="RefObjFQType" type="java.lang.String"><![CDATA[SNP_KMTEMPLATE]]></Field>
 <Field name="RefObjFQNameLengths" type="java.lang.String"><![CDATA[13]]></Field>
</Object>
<Object class="com.sunopsis.dwg.dbobj.SnpFKXRef">
		<Field name="RefKey" type="java.lang.String"><![CDATA[SNP_KMTEMPLATE.176]]></Field>
	<Field name="RefObjGlobalId" type="java.lang.String"><![CDATA[0519558e-4d77-490a-bacb-69b2a2b2fad5]]></Field>
 <Field name="RefObjFQName" type="java.lang.String"><![CDATA[SparkPartitionRedistributeAndSortDF]]></Field>
 <Field name="RefObjFQType" type="java.lang.String"><![CDATA[SNP_KMTEMPLATE]]></Field>
 <Field name="RefObjFQNameLengths" type="java.lang.String"><![CDATA[35]]></Field>
</Object>
<Object class="com.sunopsis.dwg.dbobj.SnpFKXRef">
		<Field name="RefKey" type="java.lang.String"><![CDATA[SNP_KMTEMPLATE.120]]></Field>
	<Field name="RefObjGlobalId" type="java.lang.String"><![CDATA[fa46ed34-2d00-11e6-9430-00163e1ffd72]]></Field>
 <Field name="RefObjFQName" type="java.lang.String"><![CDATA[SparkSplitCmd]]></Field>
 <Field name="RefObjFQType" type="java.lang.String"><![CDATA[SNP_KMTEMPLATE]]></Field>
 <Field name="RefObjFQNameLengths" type="java.lang.String"><![CDATA[13]]></Field>
</Object>
<Object class="com.sunopsis.dwg.dbobj.SnpFKXRef">
		<Field name="RefKey" type="java.lang.String"><![CDATA[SNP_KMTEMPLATE.112]]></Field>
	<Field name="RefObjGlobalId" type="java.lang.String"><![CDATA[fa46e316-2d00-11e6-940c-00163e1ffd72]]></Field>
 <Field name="RefObjFQName" type="java.lang.String"><![CDATA[SparkStoreCmd]]></Field>
 <Field name="RefObjFQType" type="java.lang.String"><![CDATA[SNP_KMTEMPLATE]]></Field>
 <Field name="RefObjFQNameLengths" type="java.lang.String"><![CDATA[13]]></Field>
</Object>
<Object class="com.sunopsis.dwg.dbobj.SnpFKXRef">
		<Field name="RefKey" type="java.lang.String"><![CDATA[SNP_KMTEMPLATE.100]]></Field>
	<Field name="RefObjGlobalId" type="java.lang.String"><![CDATA[fa46e168-2d00-11e6-9401-00163e1ffd72]]></Field>
 <Field name="RefObjFQName" type="java.lang.String"><![CDATA[SparkHqlCmd]]></Field>
 <Field name="RefObjFQType" type="java.lang.String"><![CDATA[SNP_KMTEMPLATE]]></Field>
 <Field name="RefObjFQNameLengths" type="java.lang.String"><![CDATA[11]]></Field>
</Object>
<Object class="com.sunopsis.dwg.dbobj.SnpFKXRef">
		<Field name="RefKey" type="java.lang.String"><![CDATA[SNP_KMTEMPLATE.161]]></Field>
	<Field name="RefObjGlobalId" type="java.lang.String"><![CDATA[6dac69dd-b569-4295-bb65-a1d592e2abc9]]></Field>
 <Field name="RefObjFQName" type="java.lang.String"><![CDATA[SparkSQLStoreCmdDF]]></Field>
 <Field name="RefObjFQType" type="java.lang.String"><![CDATA[SNP_KMTEMPLATE]]></Field>
 <Field name="RefObjFQNameLengths" type="java.lang.String"><![CDATA[18]]></Field>
</Object>
<Object class="com.sunopsis.dwg.dbobj.SnpFKXRef">
		<Field name="RefKey" type="java.lang.String"><![CDATA[SNP_KMTEMPLATE.159]]></Field>
	<Field name="RefObjGlobalId" type="java.lang.String"><![CDATA[e413dd16-83fc-4ed4-b20e-a71363a0f133]]></Field>
 <Field name="RefObjFQName" type="java.lang.String"><![CDATA[SparkLoadHdfsDF]]></Field>
 <Field name="RefObjFQType" type="java.lang.String"><![CDATA[SNP_KMTEMPLATE]]></Field>
 <Field name="RefObjFQNameLengths" type="java.lang.String"><![CDATA[15]]></Field>
</Object>
<Object class="com.sunopsis.dwg.dbobj.SnpFKXRef">
		<Field name="RefKey" type="java.lang.String"><![CDATA[SNP_KMTEMPLATE.121]]></Field>
	<Field name="RefObjGlobalId" type="java.lang.String"><![CDATA[fa46ed66-2d00-11e6-9431-00163e1ffd72]]></Field>
 <Field name="RefObjFQName" type="java.lang.String"><![CDATA[SparkDistinctCmd]]></Field>
 <Field name="RefObjFQType" type="java.lang.String"><![CDATA[SNP_KMTEMPLATE]]></Field>
 <Field name="RefObjFQNameLengths" type="java.lang.String"><![CDATA[16]]></Field>
</Object>
<Object class="com.sunopsis.dwg.dbobj.SnpFKXRef">
		<Field name="RefKey" type="java.lang.String"><![CDATA[SNP_KMTEMPLATE.158]]></Field>
	<Field name="RefObjGlobalId" type="java.lang.String"><![CDATA[7c05aef0-32bf-4ad9-aa25-53bdef3d0c83]]></Field>
 <Field name="RefObjFQName" type="java.lang.String"><![CDATA[SparkLoadFileDF]]></Field>
 <Field name="RefObjFQType" type="java.lang.String"><![CDATA[SNP_KMTEMPLATE]]></Field>
 <Field name="RefObjFQNameLengths" type="java.lang.String"><![CDATA[15]]></Field>
</Object>
<Object class="com.sunopsis.dwg.dbobj.SnpFKXRef">
		<Field name="RefKey" type="java.lang.String"><![CDATA[SNP_KMTEMPLATE.175]]></Field>
	<Field name="RefObjGlobalId" type="java.lang.String"><![CDATA[a77950f0-a905-4991-98c6-d46e415581d9]]></Field>
 <Field name="RefObjFQName" type="java.lang.String"><![CDATA[SparkGroupCmdDF]]></Field>
 <Field name="RefObjFQType" type="java.lang.String"><![CDATA[SNP_KMTEMPLATE]]></Field>
 <Field name="RefObjFQNameLengths" type="java.lang.String"><![CDATA[15]]></Field>
</Object>
<Object class="com.sunopsis.dwg.dbobj.SnpFKXRef">
		<Field name="RefKey" type="java.lang.String"><![CDATA[SNP_KMTEMPLATE.138]]></Field>
	<Field name="RefObjGlobalId" type="java.lang.String"><![CDATA[fa46e41a-2d00-11e6-9413-00163e1ffd72]]></Field>
 <Field name="RefObjFQName" type="java.lang.String"><![CDATA[SparkSetCmd]]></Field>
 <Field name="RefObjFQType" type="java.lang.String"><![CDATA[SNP_KMTEMPLATE]]></Field>
 <Field name="RefObjFQNameLengths" type="java.lang.String"><![CDATA[11]]></Field>
</Object>
<Object class="com.sunopsis.dwg.dbobj.SnpFKXRef">
		<Field name="RefKey" type="java.lang.String"><![CDATA[SNP_KMTEMPLATE.172]]></Field>
	<Field name="RefObjGlobalId" type="java.lang.String"><![CDATA[c5f54dca-279c-4de1-a552-1e270cbca8f8]]></Field>
 <Field name="RefObjFQName" type="java.lang.String"><![CDATA[SparkLookupCmdDF]]></Field>
 <Field name="RefObjFQType" type="java.lang.String"><![CDATA[SNP_KMTEMPLATE]]></Field>
 <Field name="RefObjFQNameLengths" type="java.lang.String"><![CDATA[16]]></Field>
</Object>
<Object class="com.sunopsis.dwg.dbobj.SnpFKXRef">
		<Field name="RefKey" type="java.lang.String"><![CDATA[SNP_KMTEMPLATE.171]]></Field>
	<Field name="RefObjGlobalId" type="java.lang.String"><![CDATA[4cd5faaa-91ac-4c23-9871-2fb82a610134]]></Field>
 <Field name="RefObjFQName" type="java.lang.String"><![CDATA[SparkJoinCmdDF]]></Field>
 <Field name="RefObjFQType" type="java.lang.String"><![CDATA[SNP_KMTEMPLATE]]></Field>
 <Field name="RefObjFQNameLengths" type="java.lang.String"><![CDATA[14]]></Field>
</Object>
<Object class="com.sunopsis.dwg.dbobj.SnpFKXRef">
		<Field name="RefKey" type="java.lang.String"><![CDATA[SNP_KMTEMPLATE.173]]></Field>
	<Field name="RefObjGlobalId" type="java.lang.String"><![CDATA[469C3023-2447-1199-E053-CEC0E40A9CFE]]></Field>
 <Field name="RefObjFQName" type="java.lang.String"><![CDATA[SparkSplitCmdDF]]></Field>
 <Field name="RefObjFQType" type="java.lang.String"><![CDATA[SNP_KMTEMPLATE]]></Field>
 <Field name="RefObjFQNameLengths" type="java.lang.String"><![CDATA[15]]></Field>
</Object>
<Object class="com.sunopsis.dwg.dbobj.SnpFKXRef">
		<Field name="RefKey" type="java.lang.String"><![CDATA[SNP_KMTEMPLATE.167]]></Field>
	<Field name="RefObjGlobalId" type="java.lang.String"><![CDATA[4537F066-9408-679B-E053-CEC0E40A7CEB]]></Field>
 <Field name="RefObjFQName" type="java.lang.String"><![CDATA[SparkDistinctCmdDF]]></Field>
 <Field name="RefObjFQType" type="java.lang.String"><![CDATA[SNP_KMTEMPLATE]]></Field>
 <Field name="RefObjFQNameLengths" type="java.lang.String"><![CDATA[18]]></Field>
</Object>
<Object class="com.sunopsis.dwg.dbobj.SnpFKXRef">
		<Field name="RefKey" type="java.lang.String"><![CDATA[SNP_KMTEMPLATE.103]]></Field>
	<Field name="RefObjGlobalId" type="java.lang.String"><![CDATA[fa46e1b8-2d00-11e6-9403-00163e1ffd72]]></Field>
 <Field name="RefObjFQName" type="java.lang.String"><![CDATA[SparkHiveStoreCmd]]></Field>
 <Field name="RefObjFQType" type="java.lang.String"><![CDATA[SNP_KMTEMPLATE]]></Field>
 <Field name="RefObjFQNameLengths" type="java.lang.String"><![CDATA[17]]></Field>
</Object>
<Object class="com.sunopsis.dwg.dbobj.SnpFKXRef">
		<Field name="RefKey" type="java.lang.String"><![CDATA[SNP_KMTEMPLATE.163]]></Field>
	<Field name="RefObjGlobalId" type="java.lang.String"><![CDATA[14da49d5-11b2-49c1-9ac8-58993de81336]]></Field>
 <Field name="RefObjFQName" type="java.lang.String"><![CDATA[SparkStoreCmdDF]]></Field>
 <Field name="RefObjFQType" type="java.lang.String"><![CDATA[SNP_KMTEMPLATE]]></Field>
 <Field name="RefObjFQNameLengths" type="java.lang.String"><![CDATA[15]]></Field>
</Object>
<Object class="com.sunopsis.dwg.dbobj.SnpFKXRef">
		<Field name="RefKey" type="java.lang.String"><![CDATA[SNP_KMTEMPLATE.157]]></Field>
	<Field name="RefObjGlobalId" type="java.lang.String"><![CDATA[644216eb-18b4-42c6-ba70-04cf3bc11482]]></Field>
 <Field name="RefObjFQName" type="java.lang.String"><![CDATA[SparkLoadCmdDF]]></Field>
 <Field name="RefObjFQType" type="java.lang.String"><![CDATA[SNP_KMTEMPLATE]]></Field>
 <Field name="RefObjFQNameLengths" type="java.lang.String"><![CDATA[14]]></Field>
</Object>
<Object class="com.sunopsis.dwg.dbobj.SnpFKXRef">
		<Field name="RefKey" type="java.lang.String"><![CDATA[SNP_KMTEMPLATE.127]]></Field>
	<Field name="RefObjGlobalId" type="java.lang.String"><![CDATA[fa46e942-2d00-11e6-941d-00163e1ffd72]]></Field>
 <Field name="RefObjFQName" type="java.lang.String"><![CDATA[SparkCallScriptCmd]]></Field>
 <Field name="RefObjFQType" type="java.lang.String"><![CDATA[SNP_KMTEMPLATE]]></Field>
 <Field name="RefObjFQNameLengths" type="java.lang.String"><![CDATA[18]]></Field>
</Object>
<Object class="com.sunopsis.dwg.dbobj.SnpFKXRef">
		<Field name="RefKey" type="java.lang.String"><![CDATA[SNP_KMTEMPLATE.170]]></Field>
	<Field name="RefObjGlobalId" type="java.lang.String"><![CDATA[6a4338dd-7a70-436e-912b-4d44068be2d1]]></Field>
 <Field name="RefObjFQName" type="java.lang.String"><![CDATA[SparkFlattenCmdDF]]></Field>
 <Field name="RefObjFQType" type="java.lang.String"><![CDATA[SNP_KMTEMPLATE]]></Field>
 <Field name="RefObjFQNameLengths" type="java.lang.String"><![CDATA[17]]></Field>
</Object>
<Object class="com.sunopsis.dwg.dbobj.SnpFKXRef">
		<Field name="RefKey" type="java.lang.String"><![CDATA[SNP_KMTEMPLATE.168]]></Field>
	<Field name="RefObjGlobalId" type="java.lang.String"><![CDATA[48950f96-6367-4e3a-a17a-42daecc1b990]]></Field>
 <Field name="RefObjFQName" type="java.lang.String"><![CDATA[SparkFilterCmdDF]]></Field>
 <Field name="RefObjFQType" type="java.lang.String"><![CDATA[SNP_KMTEMPLATE]]></Field>
 <Field name="RefObjFQNameLengths" type="java.lang.String"><![CDATA[16]]></Field>
</Object>
<Object class="com.sunopsis.dwg.dbobj.SnpFKXRef">
		<Field name="RefKey" type="java.lang.String"><![CDATA[SNP_KMTEMPLATE.105]]></Field>
	<Field name="RefObjGlobalId" type="java.lang.String"><![CDATA[fa46e1fe-2d00-11e6-9405-00163e1ffd72]]></Field>
 <Field name="RefObjFQName" type="java.lang.String"><![CDATA[SparkSQLStoreCmd]]></Field>
 <Field name="RefObjFQType" type="java.lang.String"><![CDATA[SNP_KMTEMPLATE]]></Field>
 <Field name="RefObjFQNameLengths" type="java.lang.String"><![CDATA[16]]></Field>
</Object>
<Object class="com.sunopsis.dwg.dbobj.SnpFKXRef">
		<Field name="RefKey" type="java.lang.String"><![CDATA[SNP_KMTEMPLATE.156]]></Field>
	<Field name="RefObjGlobalId" type="java.lang.String"><![CDATA[130f579f-15ca-497d-88c8-c6c871450caa]]></Field>
 <Field name="RefObjFQName" type="java.lang.String"><![CDATA[SparkHqlCmdDF]]></Field>
 <Field name="RefObjFQType" type="java.lang.String"><![CDATA[SNP_KMTEMPLATE]]></Field>
 <Field name="RefObjFQNameLengths" type="java.lang.String"><![CDATA[13]]></Field>
</Object>
<Object class="com.sunopsis.dwg.dbobj.SnpFKXRef">
		<Field name="RefKey" type="java.lang.String"><![CDATA[SNP_KMTEMPLATE.179]]></Field>
	<Field name="RefObjGlobalId" type="java.lang.String"><![CDATA[48ABC7A8-80AA-4355-E053-CEC0E40A0ABA]]></Field>
 <Field name="RefObjFQName" type="java.lang.String"><![CDATA[SparkCallScriptCmdDF]]></Field>
 <Field name="RefObjFQType" type="java.lang.String"><![CDATA[SNP_KMTEMPLATE]]></Field>
 <Field name="RefObjFQNameLengths" type="java.lang.String"><![CDATA[20]]></Field>
</Object>
<Object class="com.sunopsis.dwg.dbobj.SnpFKXRef">
		<Field name="RefKey" type="java.lang.String"><![CDATA[SNP_KMTEMPLATE.169]]></Field>
	<Field name="RefObjGlobalId" type="java.lang.String"><![CDATA[71d78523-af7e-4b47-8d47-be3edbc409eb]]></Field>
 <Field name="RefObjFQName" type="java.lang.String"><![CDATA[SparkExpressionCmdDF]]></Field>
 <Field name="RefObjFQType" type="java.lang.String"><![CDATA[SNP_KMTEMPLATE]]></Field>
 <Field name="RefObjFQNameLengths" type="java.lang.String"><![CDATA[20]]></Field>
</Object>
<Object class="com.sunopsis.dwg.dbobj.SnpFKXRef">
		<Field name="RefKey" type="java.lang.String"><![CDATA[SNP_KMTEMPLATE.117]]></Field>
	<Field name="RefObjGlobalId" type="java.lang.String"><![CDATA[fa46ec9e-2d00-11e6-942d-00163e1ffd72]]></Field>
 <Field name="RefObjFQName" type="java.lang.String"><![CDATA[SparkLookupCmd]]></Field>
 <Field name="RefObjFQType" type="java.lang.String"><![CDATA[SNP_KMTEMPLATE]]></Field>
 <Field name="RefObjFQNameLengths" type="java.lang.String"><![CDATA[14]]></Field>
</Object>
<Object class="com.sunopsis.dwg.dbobj.SnpFKXRef">
		<Field name="RefKey" type="java.lang.String"><![CDATA[SNP_KMTEMPLATE.174]]></Field>
	<Field name="RefObjGlobalId" type="java.lang.String"><![CDATA[4650AA61-79F6-3D3D-E053-CEC0E40AB493]]></Field>
 <Field name="RefObjFQName" type="java.lang.String"><![CDATA[SparkOrderByCmdDF]]></Field>
 <Field name="RefObjFQType" type="java.lang.String"><![CDATA[SNP_KMTEMPLATE]]></Field>
 <Field name="RefObjFQNameLengths" type="java.lang.String"><![CDATA[17]]></Field>
</Object>
<Object class="com.sunopsis.dwg.dbobj.SnpFKXRef">
		<Field name="RefKey" type="java.lang.String"><![CDATA[SNP_KMTEMPLATE.131]]></Field>
	<Field name="RefObjGlobalId" type="java.lang.String"><![CDATA[fa46e640-2d00-11e6-941a-00163e1ffd72]]></Field>
 <Field name="RefObjFQName" type="java.lang.String"><![CDATA[SparkExpressionCmd]]></Field>
 <Field name="RefObjFQType" type="java.lang.String"><![CDATA[SNP_KMTEMPLATE]]></Field>
 <Field name="RefObjFQNameLengths" type="java.lang.String"><![CDATA[18]]></Field>
</Object>
<Object class="com.sunopsis.dwg.dbobj.SnpFKXRef">
		<Field name="RefKey" type="java.lang.String"><![CDATA[SNP_KMTEMPLATE.133]]></Field>
	<Field name="RefObjGlobalId" type="java.lang.String"><![CDATA[fa46e5fa-2d00-11e6-9418-00163e1ffd72]]></Field>
 <Field name="RefObjFQName" type="java.lang.String"><![CDATA[SparkFlattenCmd]]></Field>
 <Field name="RefObjFQType" type="java.lang.String"><![CDATA[SNP_KMTEMPLATE]]></Field>
 <Field name="RefObjFQNameLengths" type="java.lang.String"><![CDATA[15]]></Field>
</Object>
<Object class="com.sunopsis.dwg.dbobj.SnpFKXRef">
		<Field name="RefKey" type="java.lang.String"><![CDATA[SNP_KMTEMPLATE.122]]></Field>
	<Field name="RefObjGlobalId" type="java.lang.String"><![CDATA[fa46eda2-2d00-11e6-9432-00163e1ffd72]]></Field>
 <Field name="RefObjFQName" type="java.lang.String"><![CDATA[SparkJoinCmd]]></Field>
 <Field name="RefObjFQType" type="java.lang.String"><![CDATA[SNP_KMTEMPLATE]]></Field>
 <Field name="RefObjFQNameLengths" type="java.lang.String"><![CDATA[12]]></Field>
</Object>
<Object class="com.sunopsis.dwg.dbobj.SnpFKXRef">
		<Field name="RefKey" type="java.lang.String"><![CDATA[SNP_KMTEMPLATE.162]]></Field>
	<Field name="RefObjGlobalId" type="java.lang.String"><![CDATA[58809adb-f2d4-4dfd-91f1-4bed4b95bb93]]></Field>
 <Field name="RefObjFQName" type="java.lang.String"><![CDATA[SparkHiveStoreCmdDF]]></Field>
 <Field name="RefObjFQType" type="java.lang.String"><![CDATA[SNP_KMTEMPLATE]]></Field>
 <Field name="RefObjFQNameLengths" type="java.lang.String"><![CDATA[19]]></Field>
</Object>
<Object class="com.sunopsis.dwg.dbobj.SnpFKXRef">
		<Field name="RefKey" type="java.lang.String"><![CDATA[SNP_KMTEMPLATE.155]]></Field>
	<Field name="RefObjGlobalId" type="java.lang.String"><![CDATA[874fc13e-a6d6-446e-9dbe-daf5c66a8e1d]]></Field>
 <Field name="RefObjFQName" type="java.lang.String"><![CDATA[SparkSQLCmdDF]]></Field>
 <Field name="RefObjFQType" type="java.lang.String"><![CDATA[SNP_KMTEMPLATE]]></Field>
 <Field name="RefObjFQNameLengths" type="java.lang.String"><![CDATA[13]]></Field>
</Object>
<Object class="com.sunopsis.dwg.dbobj.SnpFKXRef">
		<Field name="RefKey" type="java.lang.String"><![CDATA[SNP_KMTEMPLATE.134]]></Field>
	<Field name="RefObjGlobalId" type="java.lang.String"><![CDATA[fa46e5d2-2d00-11e6-9417-00163e1ffd72]]></Field>
 <Field name="RefObjFQName" type="java.lang.String"><![CDATA[SparkOrderByCmd]]></Field>
 <Field name="RefObjFQType" type="java.lang.String"><![CDATA[SNP_KMTEMPLATE]]></Field>
 <Field name="RefObjFQNameLengths" type="java.lang.String"><![CDATA[15]]></Field>
</Object>
<Object class="com.sunopsis.dwg.dbobj.SnpFKXRef">
		<Field name="RefKey" type="java.lang.String"><![CDATA[SNP_KMTEMPLATE.101]]></Field>
	<Field name="RefObjGlobalId" type="java.lang.String"><![CDATA[fa46e190-2d00-11e6-9402-00163e1ffd72]]></Field>
 <Field name="RefObjFQName" type="java.lang.String"><![CDATA[SparkSQLCmd]]></Field>
 <Field name="RefObjFQType" type="java.lang.String"><![CDATA[SNP_KMTEMPLATE]]></Field>
 <Field name="RefObjFQNameLengths" type="java.lang.String"><![CDATA[11]]></Field>
</Object>
<Object class="com.sunopsis.dwg.dbobj.SnpFKXRef">
		<Field name="RefKey" type="java.lang.String"><![CDATA[SNP_KMTEMPLATE.116]]></Field>
	<Field name="RefObjGlobalId" type="java.lang.String"><![CDATA[fa46ec62-2d00-11e6-942c-00163e1ffd72]]></Field>
 <Field name="RefObjFQName" type="java.lang.String"><![CDATA[SparkFilterCmd]]></Field>
 <Field name="RefObjFQType" type="java.lang.String"><![CDATA[SNP_KMTEMPLATE]]></Field>
 <Field name="RefObjFQNameLengths" type="java.lang.String"><![CDATA[14]]></Field>
</Object>
<Object class="com.sunopsis.dwg.dbobj.SnpFKXRef">
		<Field name="RefKey" type="java.lang.String"><![CDATA[SNP_KMTEMPLATE.177]]></Field>
	<Field name="RefObjGlobalId" type="java.lang.String"><![CDATA[470587C8-007C-0FC4-E053-CEC0E40A4A45]]></Field>
 <Field name="RefObjFQName" type="java.lang.String"><![CDATA[SparkSetCmdDF]]></Field>
 <Field name="RefObjFQType" type="java.lang.String"><![CDATA[SNP_KMTEMPLATE]]></Field>
 <Field name="RefObjFQNameLengths" type="java.lang.String"><![CDATA[13]]></Field>
</Object>
<Object class="com.sunopsis.dwg.DwgExportSummary">
		<Field name="ExpTxtNb" type="com.sunopsis.sql.DbInt"><![CDATA[0]]></Field>
	<Field name="InstObjNb" type="com.sunopsis.sql.DbInt"><![CDATA[0]]></Field>
	<Field name="JoinColNb" type="com.sunopsis.sql.DbInt"><![CDATA[0]]></Field>
	<Field name="JoinNb" type="com.sunopsis.sql.DbInt"><![CDATA[0]]></Field>
	<Field name="KeyColNb" type="com.sunopsis.sql.DbInt"><![CDATA[0]]></Field>
	<Field name="KeyNb" type="com.sunopsis.sql.DbInt"><![CDATA[0]]></Field>
	<Field name="LinkDiagNb" type="com.sunopsis.sql.DbInt"><![CDATA[0]]></Field>
	<Field name="MorigTxtNb" type="com.sunopsis.sql.DbInt"><![CDATA[0]]></Field>
	<Field name="MtxtNb" type="com.sunopsis.sql.DbInt"><![CDATA[0]]></Field>
	<Field name="OrigTxtNb" type="com.sunopsis.sql.DbInt"><![CDATA[0]]></Field>
	<Field name="OtherObjectsNb" type="com.sunopsis.sql.DbInt"><![CDATA[36]]></Field>
	<Field name="PlanAgentNb" type="com.sunopsis.sql.DbInt"><![CDATA[0]]></Field>
	<Field name="StepNb" type="com.sunopsis.sql.DbInt"><![CDATA[0]]></Field>
	<Field name="TxtNb" type="com.sunopsis.sql.DbInt"><![CDATA[0]]></Field>
	<Field name="UeOrigNb" type="com.sunopsis.sql.DbInt"><![CDATA[0]]></Field>
	<Field name="UeUsedNb" type="com.sunopsis.sql.DbInt"><![CDATA[0]]></Field>
	<Field name="VarPlanAgentNb" type="com.sunopsis.sql.DbInt"><![CDATA[0]]></Field>
	<Field name="ScenTxtNb" type="com.sunopsis.sql.DbInt"><![CDATA[0]]></Field>
	<Field name="OdiVersion" type="java.lang.String"><![CDATA[12.2.1]]></Field>
	<Field name="OriginRepositoryID" type="com.sunopsis.sql.DbInt"><![CDATA[1]]></Field>
	<Field name="RepositoryVersion" type="java.lang.String"><![CDATA[05.02.02.09]]></Field>
</Object>
</SunopsisExport>
