<?xml version="1.0" encoding="UTF-8"?>
<SunopsisExport>
<Admin RepositoryVersion="05.02.02.09" IsLegacyIdCompatible="false" />
<Encryption algorithm="AES" keyLength="128" exportKeyHash="mMmU3HBFTdwV96CfSRo3CvVO8WCS+IjR1eon4Do2534=" keyVect="DPXhrkSgXEvM1J+k81rnhg==" exportKeySalt="6cfb2d42-cbac-4814-b107-affec1d9c802" containsCipherText="false"/>
<Object class="com.sunopsis.dwg.dbobj.SnpKmTemplate">
		<Field name="FirstDate" type="java.sql.Timestamp"><![CDATA[2020-10-13 17:12:29.0]]></Field>
	<Field name="FirstUser" type="java.lang.String"><![CDATA[SUNOPSIS_INSTALL]]></Field>
	<Field name="GlobalId" type="java.lang.String"><![CDATA[456A1C7AB2542418E053E603C40AAC35]]></Field>
	<Field name="IndChange" type="java.lang.String"><![CDATA[U]]></Field>
	<Field name="IndIsSeeded" type="java.lang.String"><![CDATA[1]]></Field>
	<Field name="IndLangTrans" type="java.lang.String"><![CDATA[1]]></Field>
	<Field name="IndReplNl" type="java.lang.String"><![CDATA[1]]></Field>
	<Field name="IntVersion" type="com.sunopsis.sql.DbInt"><![CDATA[2]]></Field>
	<Field name="IKmTemplate" type="com.sunopsis.sql.DbInt"><![CDATA[146]]></Field>
	<Field name="LangName" type="java.lang.String"><![CDATA[PYTHON]]></Field>
	<Field name="LastDate" type="java.sql.Timestamp"><![CDATA[2020-10-13 17:12:31.0]]></Field>
	<Field name="LastUser" type="java.lang.String"><![CDATA[SUNOPSIS_INSTALL]]></Field>
	<Field name="Name" type="java.lang.String"><![CDATA[SparkKafkaComplexTypeLoad]]></Field>
	<Field name="TechnoName" type="java.lang.String"><![CDATA[SPARK_PYTHON]]></Field>
	<Field name="TemplateText" type="java.lang.String"><![CDATA[
{# IF ($[INFER_SOURCE_SCHEMA_DF] == 'false') #}
$[TGT_ALIAS]_read_schema = StructType([{# FOR ($[INPUT_STRUCT_TYPE_SCHEMA_DEF]) IN ($[SRC_SCHEMA_TYPE]) SEP = ',
' #}
  StructField($[SRC_SCHEMA_TYPE], True) {# ENDFOR #}])
{# ENDIF #}
{# IF ($[FILE_FORMAT] == 'JSON') #}
$[TGT_ALIAS] =  $[TGT_ALIAS].map(lambda $[TGT_ALIAS]:$[TGT_ALIAS][1])
{# ELSIF ($[FILE_FORMAT] == 'AVRO') #}
{# INCLUDE = 'SparkAvroComplexTypeLoad' #}
{# ENDIF #}
if sparkVersion > 200:
  $[TGT_ALIAS] = sqlContext.read.json($[TGT_ALIAS]{# IF ($[INFER_SOURCE_SCHEMA_DF] == 'false') #}, $[TGT_ALIAS]_read_schema{# ENDIF #})
else:
  $[TGT_ALIAS] = sqlContext.jsonRDD($[TGT_ALIAS]{# IF ($[INFER_SOURCE_SCHEMA_DF] == 'false') #}, $[TGT_ALIAS]_read_schema{# ENDIF #})

{# IF ($[SPARK_STREAMING_DEBUG] == 'true') #}
print("========= %s   : $[TGT_ALIAS] =========" % type($[TGT_ALIAS]).__name__)
$[TGT_ALIAS].show()
$[TGT_ALIAS].printSchema()
{# ENDIF #}

{# IF ($[INFER_SOURCE_SCHEMA_DF] == 'true' #}
defaultColNames = $[TGT_ALIAS].schema.names
mappingColNames = [$[OUTPUT_SCHEMA_DEF]]

if (defaultColNames != mappingColNames) :
   if (sorted(defaultColNames) == sorted(mappingColNames)) :
     $[TGT_ALIAS] = $[TGT_ALIAS].select(*mappingColNames)
   else :
     $[TGT_ALIAS] = $[TGT_ALIAS].toDF(*mappingColNames)

{# IF ($[SPARK_STREAMING_DEBUG] == 'true') #}
   print("========= %s   : $[TGT_ALIAS] =========" % type($[TGT_ALIAS]).__name__)
   $[TGT_ALIAS].printSchema()
{# ENDIF #}

{# ENDIF #}

$[TGT_ALIAS] =  $[TGT_ALIAS].rdd
]]></Field>
	<Field name="TemplateVersion" type="java.lang.String">null</Field>
</Object>
<Object class="com.sunopsis.dwg.dbobj.SnpTemplateJoin">
		<Field name="GlobalId" type="java.lang.String"><![CDATA[feb81fd5-d69c-47e4-942e-d529d73657be]]></Field>
	<Field name="IKmTemplate" type="com.sunopsis.sql.DbInt"><![CDATA[146]]></Field>
	<Field name="IKmTemplateRef" type="com.sunopsis.sql.DbInt"><![CDATA[149]]></Field>
</Object>
<Object class="com.sunopsis.dwg.dbobj.SnpTemplateJoin">
		<Field name="GlobalId" type="java.lang.String"><![CDATA[cccf5e75-bb30-4874-a289-62785ebcd51a]]></Field>
	<Field name="IKmTemplate" type="com.sunopsis.sql.DbInt"><![CDATA[108]]></Field>
	<Field name="IKmTemplateRef" type="com.sunopsis.sql.DbInt"><![CDATA[146]]></Field>
</Object>
<Object class="com.sunopsis.dwg.dbobj.SnpFKXRef">
		<Field name="RefKey" type="java.lang.String"><![CDATA[SNP_KMTEMPLATE.146]]></Field>
	<Field name="RefObjGlobalId" type="java.lang.String"><![CDATA[456A1C7AB2542418E053E603C40AAC35]]></Field>
 <Field name="RefObjFQName" type="java.lang.String"><![CDATA[SparkKafkaComplexTypeLoad]]></Field>
 <Field name="RefObjFQType" type="java.lang.String"><![CDATA[SNP_KMTEMPLATE]]></Field>
 <Field name="RefObjFQNameLengths" type="java.lang.String"><![CDATA[25]]></Field>
</Object>
<Object class="com.sunopsis.dwg.dbobj.SnpFKXRef">
		<Field name="RefKey" type="java.lang.String"><![CDATA[SNP_KMTEMPLATE.149]]></Field>
	<Field name="RefObjGlobalId" type="java.lang.String"><![CDATA[47A0B8140117EC97E053E603C40A5096]]></Field>
 <Field name="RefObjFQName" type="java.lang.String"><![CDATA[SparkAvroComplexTypeLoad]]></Field>
 <Field name="RefObjFQType" type="java.lang.String"><![CDATA[SNP_KMTEMPLATE]]></Field>
 <Field name="RefObjFQNameLengths" type="java.lang.String"><![CDATA[24]]></Field>
</Object>
<Object class="com.sunopsis.dwg.dbobj.SnpFKXRef">
		<Field name="RefKey" type="java.lang.String"><![CDATA[SNP_KMTEMPLATE.108]]></Field>
	<Field name="RefObjGlobalId" type="java.lang.String"><![CDATA[fa46e24e-2d00-11e6-9407-00163e1ffd72]]></Field>
 <Field name="RefObjFQName" type="java.lang.String"><![CDATA[SparkLoadCmd]]></Field>
 <Field name="RefObjFQType" type="java.lang.String"><![CDATA[SNP_KMTEMPLATE]]></Field>
 <Field name="RefObjFQNameLengths" type="java.lang.String"><![CDATA[12]]></Field>
</Object>
<Object class="com.sunopsis.dwg.DwgExportSummary">
		<Field name="ExpTxtNb" type="com.sunopsis.sql.DbInt"><![CDATA[0]]></Field>
	<Field name="InstObjNb" type="com.sunopsis.sql.DbInt"><![CDATA[0]]></Field>
	<Field name="JoinColNb" type="com.sunopsis.sql.DbInt"><![CDATA[0]]></Field>
	<Field name="JoinNb" type="com.sunopsis.sql.DbInt"><![CDATA[0]]></Field>
	<Field name="KeyColNb" type="com.sunopsis.sql.DbInt"><![CDATA[0]]></Field>
	<Field name="KeyNb" type="com.sunopsis.sql.DbInt"><![CDATA[0]]></Field>
	<Field name="LinkDiagNb" type="com.sunopsis.sql.DbInt"><![CDATA[0]]></Field>
	<Field name="MorigTxtNb" type="com.sunopsis.sql.DbInt"><![CDATA[0]]></Field>
	<Field name="MtxtNb" type="com.sunopsis.sql.DbInt"><![CDATA[0]]></Field>
	<Field name="OrigTxtNb" type="com.sunopsis.sql.DbInt"><![CDATA[0]]></Field>
	<Field name="OtherObjectsNb" type="com.sunopsis.sql.DbInt"><![CDATA[3]]></Field>
	<Field name="PlanAgentNb" type="com.sunopsis.sql.DbInt"><![CDATA[0]]></Field>
	<Field name="StepNb" type="com.sunopsis.sql.DbInt"><![CDATA[0]]></Field>
	<Field name="TxtNb" type="com.sunopsis.sql.DbInt"><![CDATA[0]]></Field>
	<Field name="UeOrigNb" type="com.sunopsis.sql.DbInt"><![CDATA[0]]></Field>
	<Field name="UeUsedNb" type="com.sunopsis.sql.DbInt"><![CDATA[0]]></Field>
	<Field name="VarPlanAgentNb" type="com.sunopsis.sql.DbInt"><![CDATA[0]]></Field>
	<Field name="ScenTxtNb" type="com.sunopsis.sql.DbInt"><![CDATA[0]]></Field>
	<Field name="OdiVersion" type="java.lang.String"><![CDATA[12.2.1]]></Field>
	<Field name="OriginRepositoryID" type="com.sunopsis.sql.DbInt"><![CDATA[1]]></Field>
	<Field name="RepositoryVersion" type="java.lang.String"><![CDATA[05.02.02.09]]></Field>
</Object>
</SunopsisExport>
