<?xml version="1.0" encoding="UTF-8"?>
<SunopsisExport>
<Admin RepositoryVersion="05.02.02.09" IsLegacyIdCompatible="false" />
<Encryption algorithm="AES" keyLength="128" exportKeyHash="uvW3M9xCeklTHYtV7t6Xt9hT1tlXiM6DTzypydK14wM=" keyVect="dZIZozV9r8P5oLWKlc+Tow==" exportKeySalt="5846144a-63ea-4ee4-a940-36ad3ef00c10" containsCipherText="false"/>
<Object class="com.sunopsis.dwg.dbobj.SnpKmTemplate">
		<Field name="FirstDate" type="java.sql.Timestamp"><![CDATA[2020-10-13 17:12:29.0]]></Field>
	<Field name="FirstUser" type="java.lang.String"><![CDATA[SUNOPSIS_INSTALL]]></Field>
	<Field name="GlobalId" type="java.lang.String"><![CDATA[4cd5faaa-91ac-4c23-9871-2fb82a610134]]></Field>
	<Field name="IndChange" type="java.lang.String"><![CDATA[U]]></Field>
	<Field name="IndIsSeeded" type="java.lang.String"><![CDATA[1]]></Field>
	<Field name="IndLangTrans" type="java.lang.String"><![CDATA[1]]></Field>
	<Field name="IndReplNl" type="java.lang.String"><![CDATA[1]]></Field>
	<Field name="IntVersion" type="com.sunopsis.sql.DbInt"><![CDATA[2]]></Field>
	<Field name="IKmTemplate" type="com.sunopsis.sql.DbInt"><![CDATA[171]]></Field>
	<Field name="LangName" type="java.lang.String"><![CDATA[PYTHON]]></Field>
	<Field name="LastDate" type="java.sql.Timestamp"><![CDATA[2020-10-13 17:12:31.0]]></Field>
	<Field name="LastUser" type="java.lang.String"><![CDATA[SUNOPSIS_INSTALL]]></Field>
	<Field name="Name" type="java.lang.String"><![CDATA[SparkJoinCmdDF]]></Field>
	<Field name="TechnoName" type="java.lang.String"><![CDATA[SPARK_PYTHON]]></Field>
	<Field name="TemplateText" type="java.lang.String"><![CDATA[
{# IF ($[IS_DEGENERATED]) #}
$[TGT_ALIAS] = $[SRC_ALIAS]
{# ELSE #}
{# IF ($[IS_NWAY_JOIN_DF] == 'true') #}
{# IF ($[USE_SQL_EXPRESSIONS] == 'true') #}
{# FOR ($[ALL_JOIN_TABLES_DF]) IN ($[JOIN_TABLE]) SEP = '
' #}
$[JOIN_TABLE].registerTempTable("$[JOIN_TABLE]_TMP")
{# ENDFOR #}
$[TGT_ALIAS] = sqlContext.sql("select * from {# FOR ($[ALL_JOIN_TABLES_DF]) IN ($[JOIN_TABLE]) SEP = ', ' #}$[JOIN_TABLE]_TMP{# ENDFOR #} where $[JOIN_COND_DF]")
{# ELSE #}
$[TGT_ALIAS] = $[LEFT_TABLE_DF]$[ALL_JOINS_DF]
$[TGT_ALIAS] = $[TGT_ALIAS].filter($[JOIN_COND_DF])
{# ENDIF #}
{# ELSIF ($[IS_DERIVED] == 'true' and $[JOIN_TYPE_DF] == 'inner') #}
{# IF ($[USE_SQL_EXPRESSIONS] == 'true') #}
$[LEFT_TABLE_DF].registerTempTable("$[LEFT_TABLE_DF]_TMP")
$[RIGHT_TABLE_DF].registerTempTable("$[RIGHT_TABLE_DF]_TMP")
$[TGT_ALIAS] = sqlContext.sql("select * from $[LEFT_TABLE_DF]_TMP cross join $[RIGHT_TABLE_DF]_TMP")
$[TGT_ALIAS] = $[TGT_ALIAS].filter("$[JOIN_COND_DF]")
{# ELSE #}
if sparkVersion > 200:
  $[TGT_ALIAS] = $[LEFT_TABLE_DF].crossJoin($[RIGHT_TABLE_DF])
  $[TGT_ALIAS] = $[TGT_ALIAS].filter($[JOIN_COND_DF])
else:
  raise Exception( "Cross join syntax for DataFrames only available in Spark 2.0 and later." )
{# ENDIF #}
{# ELSE #}
{# IF ($[USE_SQL_EXPRESSIONS] == 'true') #}
$[LEFT_TABLE_DF].registerTempTable("$[LEFT_TABLE_DF]_TMP")
$[RIGHT_TABLE_DF].registerTempTable("$[RIGHT_TABLE_DF]_TMP")
{# IF ($[JOIN_TYPE_DF] == 'cross') #}
$[TGT_ALIAS] = sqlContext.sql("select * from $[LEFT_TABLE_DF]_TMP $[JOIN_TYPE_DF] join $[RIGHT_TABLE_DF]_TMP")
{# ELSE #}
$[TGT_ALIAS] = sqlContext.sql("select * from $[LEFT_TABLE_DF]_TMP $[JOIN_TYPE_DF] join $[RIGHT_TABLE_DF]_TMP on $[JOIN_COND_DF]")
{# ENDIF #}
{# ELSE #}
{# IF ($[JOIN_TYPE_DF] == 'cross') #}
if sparkVersion > 200:
  $[TGT_ALIAS] = $[LEFT_TABLE_DF].crossJoin($[RIGHT_TABLE_DF])
else:
  raise Exception( "Cross join syntax for DataFrames only available in Spark 2.0 and later." )

{# ELSE #}
$[TGT_ALIAS] = $[LEFT_TABLE_DF].join($[RIGHT_TABLE_DF],$[JOIN_COND_DF],'$[JOIN_TYPE_DF]')
{# ENDIF #}
{# ENDIF #}
{# ENDIF #}
{# ENDIF #}

{# IF ($[SPARK_STREAMING_DEBUG] == 'true') #}
print("========= %s   : $[TGT_ALIAS] =========" % type($[TGT_ALIAS]).__name__)
$[TGT_ALIAS].show()
$[TGT_ALIAS].printSchema()
{# ENDIF #}

{# INCLUDE = 'SparkPartitionRedistributeAndSortDF' #}
]]></Field>
	<Field name="TemplateVersion" type="java.lang.String">null</Field>
</Object>
<Object class="com.sunopsis.dwg.dbobj.SnpTemplateJoin">
		<Field name="GlobalId" type="java.lang.String"><![CDATA[8d1ba8cc-31f2-4bd5-8b52-2ac156f1ea8f]]></Field>
	<Field name="IKmTemplate" type="com.sunopsis.sql.DbInt"><![CDATA[171]]></Field>
	<Field name="IKmTemplateRef" type="com.sunopsis.sql.DbInt"><![CDATA[176]]></Field>
</Object>
<Object class="com.sunopsis.dwg.dbobj.SnpTemplateJoin">
		<Field name="GlobalId" type="java.lang.String"><![CDATA[afbc0f04-fe07-48c6-8f58-28b45366192f]]></Field>
	<Field name="IKmTemplate" type="com.sunopsis.sql.DbInt"><![CDATA[122]]></Field>
	<Field name="IKmTemplateRef" type="com.sunopsis.sql.DbInt"><![CDATA[171]]></Field>
</Object>
<Object class="com.sunopsis.dwg.dbobj.SnpFKXRef">
		<Field name="RefKey" type="java.lang.String"><![CDATA[SNP_KMTEMPLATE.171]]></Field>
	<Field name="RefObjGlobalId" type="java.lang.String"><![CDATA[4cd5faaa-91ac-4c23-9871-2fb82a610134]]></Field>
 <Field name="RefObjFQName" type="java.lang.String"><![CDATA[SparkJoinCmdDF]]></Field>
 <Field name="RefObjFQType" type="java.lang.String"><![CDATA[SNP_KMTEMPLATE]]></Field>
 <Field name="RefObjFQNameLengths" type="java.lang.String"><![CDATA[14]]></Field>
</Object>
<Object class="com.sunopsis.dwg.dbobj.SnpFKXRef">
		<Field name="RefKey" type="java.lang.String"><![CDATA[SNP_KMTEMPLATE.176]]></Field>
	<Field name="RefObjGlobalId" type="java.lang.String"><![CDATA[0519558e-4d77-490a-bacb-69b2a2b2fad5]]></Field>
 <Field name="RefObjFQName" type="java.lang.String"><![CDATA[SparkPartitionRedistributeAndSortDF]]></Field>
 <Field name="RefObjFQType" type="java.lang.String"><![CDATA[SNP_KMTEMPLATE]]></Field>
 <Field name="RefObjFQNameLengths" type="java.lang.String"><![CDATA[35]]></Field>
</Object>
<Object class="com.sunopsis.dwg.dbobj.SnpFKXRef">
		<Field name="RefKey" type="java.lang.String"><![CDATA[SNP_KMTEMPLATE.122]]></Field>
	<Field name="RefObjGlobalId" type="java.lang.String"><![CDATA[fa46eda2-2d00-11e6-9432-00163e1ffd72]]></Field>
 <Field name="RefObjFQName" type="java.lang.String"><![CDATA[SparkJoinCmd]]></Field>
 <Field name="RefObjFQType" type="java.lang.String"><![CDATA[SNP_KMTEMPLATE]]></Field>
 <Field name="RefObjFQNameLengths" type="java.lang.String"><![CDATA[12]]></Field>
</Object>
<Object class="com.sunopsis.dwg.DwgExportSummary">
		<Field name="ExpTxtNb" type="com.sunopsis.sql.DbInt"><![CDATA[0]]></Field>
	<Field name="InstObjNb" type="com.sunopsis.sql.DbInt"><![CDATA[0]]></Field>
	<Field name="JoinColNb" type="com.sunopsis.sql.DbInt"><![CDATA[0]]></Field>
	<Field name="JoinNb" type="com.sunopsis.sql.DbInt"><![CDATA[0]]></Field>
	<Field name="KeyColNb" type="com.sunopsis.sql.DbInt"><![CDATA[0]]></Field>
	<Field name="KeyNb" type="com.sunopsis.sql.DbInt"><![CDATA[0]]></Field>
	<Field name="LinkDiagNb" type="com.sunopsis.sql.DbInt"><![CDATA[0]]></Field>
	<Field name="MorigTxtNb" type="com.sunopsis.sql.DbInt"><![CDATA[0]]></Field>
	<Field name="MtxtNb" type="com.sunopsis.sql.DbInt"><![CDATA[0]]></Field>
	<Field name="OrigTxtNb" type="com.sunopsis.sql.DbInt"><![CDATA[0]]></Field>
	<Field name="OtherObjectsNb" type="com.sunopsis.sql.DbInt"><![CDATA[3]]></Field>
	<Field name="PlanAgentNb" type="com.sunopsis.sql.DbInt"><![CDATA[0]]></Field>
	<Field name="StepNb" type="com.sunopsis.sql.DbInt"><![CDATA[0]]></Field>
	<Field name="TxtNb" type="com.sunopsis.sql.DbInt"><![CDATA[0]]></Field>
	<Field name="UeOrigNb" type="com.sunopsis.sql.DbInt"><![CDATA[0]]></Field>
	<Field name="UeUsedNb" type="com.sunopsis.sql.DbInt"><![CDATA[0]]></Field>
	<Field name="VarPlanAgentNb" type="com.sunopsis.sql.DbInt"><![CDATA[0]]></Field>
	<Field name="ScenTxtNb" type="com.sunopsis.sql.DbInt"><![CDATA[0]]></Field>
	<Field name="OdiVersion" type="java.lang.String"><![CDATA[12.2.1]]></Field>
	<Field name="OriginRepositoryID" type="com.sunopsis.sql.DbInt"><![CDATA[1]]></Field>
	<Field name="RepositoryVersion" type="java.lang.String"><![CDATA[05.02.02.09]]></Field>
</Object>
</SunopsisExport>
