<?xml version="1.0" encoding="UTF-8"?>
<SunopsisExport>
<Admin RepositoryVersion="05.02.02.09" IsLegacyIdCompatible="false" />
<Encryption algorithm="AES" keyLength="128" exportKeyHash="ZcivpDbcvIddA0EYOKLPEONXWfOacR+4S4APtyR/w5M=" keyVect="3/uc9QonIwog+psb02Hfeg==" exportKeySalt="78361e1e-a2b7-47cc-bb8a-4aea726d1343" containsCipherText="false"/>
<Object class="com.sunopsis.dwg.dbobj.SnpKmTemplate">
		<Field name="FirstDate" type="java.sql.Timestamp"><![CDATA[2020-10-13 17:12:29.0]]></Field>
	<Field name="FirstUser" type="java.lang.String"><![CDATA[SUNOPSIS_INSTALL]]></Field>
	<Field name="GlobalId" type="java.lang.String"><![CDATA[fa46e640-2d00-11e6-941a-00163e1ffd72]]></Field>
	<Field name="IndChange" type="java.lang.String"><![CDATA[U]]></Field>
	<Field name="IndIsSeeded" type="java.lang.String"><![CDATA[1]]></Field>
	<Field name="IndLangTrans" type="java.lang.String"><![CDATA[1]]></Field>
	<Field name="IndReplNl" type="java.lang.String"><![CDATA[1]]></Field>
	<Field name="IntVersion" type="com.sunopsis.sql.DbInt"><![CDATA[2]]></Field>
	<Field name="IKmTemplate" type="com.sunopsis.sql.DbInt"><![CDATA[131]]></Field>
	<Field name="LangName" type="java.lang.String"><![CDATA[PYTHON]]></Field>
	<Field name="LastDate" type="java.sql.Timestamp"><![CDATA[2020-10-13 17:12:31.0]]></Field>
	<Field name="LastUser" type="java.lang.String"><![CDATA[SUNOPSIS_INSTALL]]></Field>
	<Field name="Name" type="java.lang.String"><![CDATA[SparkExpressionCmd]]></Field>
	<Field name="TechnoName" type="java.lang.String"><![CDATA[SPARK_PYTHON]]></Field>
	<Field name="TemplateText" type="java.lang.String"><![CDATA[
{# IF ($[USE_DATAFRAMES] == 'true') #}
{# INCLUDE = 'SparkExpressionCmdDF' #}
{# ELSE #}
$[TGT_ALIAS] = $[SRC_ALIASES.get(0)].map(lambda $[SRC_RDD_SHAPE.get(0)]:($[SRC_RDD_SHAPE.get(0)],Row(**{{# FOR ($[TGT_ATTREXPRS],$[TGT_ATTRNAMES]) IN ($[TGT_ATTREXPR],$[TGT_ATTRNAME]) SEP = ', ' #}"$[TGT_ATTRNAME]":safeExpr(lambda:$[TGT_ATTREXPR],None){# ENDFOR #}})))
{# IF ($[SPARK_STREAMING_DEBUG] == 'true') #}
print("========= %s   : $[TGT_ALIAS] =========" % type($[TGT_ALIAS]).__name__)
{# IF ($[STREAMING_MODE] == 'true')#}
$[TGT_ALIAS].pprint()
{# ELSE #}
for line in $[TGT_ALIAS].collect():
    print line
{# ENDIF #}
{# ENDIF #}
{# INCLUDE = 'SparkPartitionRedistributeAndSort' #}
{# ENDIF #}
]]></Field>
	<Field name="TemplateVersion" type="java.lang.String">null</Field>
</Object>
<Object class="com.sunopsis.dwg.dbobj.SnpTemplateJoin">
		<Field name="GlobalId" type="java.lang.String"><![CDATA[64614284-9d2f-4a06-bd4a-b8117a313fc1]]></Field>
	<Field name="IKmTemplate" type="com.sunopsis.sql.DbInt"><![CDATA[131]]></Field>
	<Field name="IKmTemplateRef" type="com.sunopsis.sql.DbInt"><![CDATA[144]]></Field>
</Object>
<Object class="com.sunopsis.dwg.dbobj.SnpTemplateJoin">
		<Field name="GlobalId" type="java.lang.String"><![CDATA[e61f40e3-eda2-4a2d-80f1-9b4d649fc4e1]]></Field>
	<Field name="IKmTemplate" type="com.sunopsis.sql.DbInt"><![CDATA[131]]></Field>
	<Field name="IKmTemplateRef" type="com.sunopsis.sql.DbInt"><![CDATA[169]]></Field>
</Object>
<Object class="com.sunopsis.dwg.dbobj.SnpTemplateJoin">
		<Field name="GlobalId" type="java.lang.String"><![CDATA[c4c53533-885f-4e02-b24d-58d0f8271aa6]]></Field>
	<Field name="IKmTemplate" type="com.sunopsis.sql.DbInt"><![CDATA[131]]></Field>
	<Field name="IKmTemplateRef" type="com.sunopsis.sql.DbInt"><![CDATA[176]]></Field>
</Object>
<Object class="com.sunopsis.dwg.dbobj.SnpKmTemplateJoin">
		<Field name="GlobalId" type="java.lang.String"><![CDATA[2310b412-1463-4887-b2fa-1d560ff48840]]></Field>
	<Field name="ISnpKmTemplate" type="com.sunopsis.sql.DbInt"><![CDATA[131]]></Field>
	<Field name="ISnpTrt" type="com.sunopsis.sql.DbInt"><![CDATA[151]]></Field>
</Object>
<Object class="com.sunopsis.dwg.dbobj.SnpKmTemplateJoin">
		<Field name="GlobalId" type="java.lang.String"><![CDATA[0479ed2c-4ced-46f0-9477-a44840e60800]]></Field>
	<Field name="ISnpKmTemplate" type="com.sunopsis.sql.DbInt"><![CDATA[131]]></Field>
	<Field name="ISnpTrt" type="com.sunopsis.sql.DbInt"><![CDATA[150]]></Field>
</Object>
<Object class="com.sunopsis.dwg.dbobj.SnpKmTemplateJoin">
		<Field name="GlobalId" type="java.lang.String"><![CDATA[447d64d6-242a-4b22-9be9-73ee354b12e2]]></Field>
	<Field name="ISnpKmTemplate" type="com.sunopsis.sql.DbInt"><![CDATA[131]]></Field>
	<Field name="ISnpTrt" type="com.sunopsis.sql.DbInt"><![CDATA[142]]></Field>
</Object>
<Object class="com.sunopsis.dwg.dbobj.SnpKmTemplateJoin">
		<Field name="GlobalId" type="java.lang.String"><![CDATA[75774c64-3c01-4fb0-a45c-545d373cfaac]]></Field>
	<Field name="ISnpKmTemplate" type="com.sunopsis.sql.DbInt"><![CDATA[131]]></Field>
	<Field name="ISnpTrt" type="com.sunopsis.sql.DbInt"><![CDATA[144]]></Field>
</Object>
<Object class="com.sunopsis.dwg.dbobj.SnpKmTemplateJoin">
		<Field name="GlobalId" type="java.lang.String"><![CDATA[a1c4d404-4559-4b8f-ae98-965f580c314d]]></Field>
	<Field name="ISnpKmTemplate" type="com.sunopsis.sql.DbInt"><![CDATA[131]]></Field>
	<Field name="ISnpTrt" type="com.sunopsis.sql.DbInt"><![CDATA[143]]></Field>
</Object>
<Object class="com.sunopsis.dwg.dbobj.SnpKmTemplateJoin">
		<Field name="GlobalId" type="java.lang.String"><![CDATA[683fc251-6366-4b01-9797-9b8ced368afe]]></Field>
	<Field name="ISnpKmTemplate" type="com.sunopsis.sql.DbInt"><![CDATA[131]]></Field>
	<Field name="ISnpTrt" type="com.sunopsis.sql.DbInt"><![CDATA[137]]></Field>
</Object>
<Object class="com.sunopsis.dwg.dbobj.SnpKmTemplateJoin">
		<Field name="GlobalId" type="java.lang.String"><![CDATA[8d3a9fb2-e5f2-4028-8518-4d6cb4a06422]]></Field>
	<Field name="ISnpKmTemplate" type="com.sunopsis.sql.DbInt"><![CDATA[131]]></Field>
	<Field name="ISnpTrt" type="com.sunopsis.sql.DbInt"><![CDATA[148]]></Field>
</Object>
<Object class="com.sunopsis.dwg.dbobj.SnpKmTemplateJoin">
		<Field name="GlobalId" type="java.lang.String"><![CDATA[4e2d499c-3028-49b9-854e-525df05d7d8a]]></Field>
	<Field name="ISnpKmTemplate" type="com.sunopsis.sql.DbInt"><![CDATA[131]]></Field>
	<Field name="ISnpTrt" type="com.sunopsis.sql.DbInt"><![CDATA[146]]></Field>
</Object>
<Object class="com.sunopsis.dwg.dbobj.SnpKmTemplateJoin">
		<Field name="GlobalId" type="java.lang.String"><![CDATA[b969a2f9-425a-4e38-8862-256e58ee5624]]></Field>
	<Field name="ISnpKmTemplate" type="com.sunopsis.sql.DbInt"><![CDATA[131]]></Field>
	<Field name="ISnpTrt" type="com.sunopsis.sql.DbInt"><![CDATA[165]]></Field>
</Object>
<Object class="com.sunopsis.dwg.dbobj.SnpFKXRef">
		<Field name="RefKey" type="java.lang.String"><![CDATA[SNP_KMTEMPLATE.131]]></Field>
	<Field name="RefObjGlobalId" type="java.lang.String"><![CDATA[fa46e640-2d00-11e6-941a-00163e1ffd72]]></Field>
 <Field name="RefObjFQName" type="java.lang.String"><![CDATA[SparkExpressionCmd]]></Field>
 <Field name="RefObjFQType" type="java.lang.String"><![CDATA[SNP_KMTEMPLATE]]></Field>
 <Field name="RefObjFQNameLengths" type="java.lang.String"><![CDATA[18]]></Field>
</Object>
<Object class="com.sunopsis.dwg.dbobj.SnpFKXRef">
		<Field name="RefKey" type="java.lang.String"><![CDATA[SNP_KMTEMPLATE.144]]></Field>
	<Field name="RefObjGlobalId" type="java.lang.String"><![CDATA[97fe9946-a4d5-4618-a15a-8d5b13a74326]]></Field>
 <Field name="RefObjFQName" type="java.lang.String"><![CDATA[SparkPartitionRedistributeAndSort]]></Field>
 <Field name="RefObjFQType" type="java.lang.String"><![CDATA[SNP_KMTEMPLATE]]></Field>
 <Field name="RefObjFQNameLengths" type="java.lang.String"><![CDATA[33]]></Field>
</Object>
<Object class="com.sunopsis.dwg.dbobj.SnpFKXRef">
		<Field name="RefKey" type="java.lang.String"><![CDATA[SNP_KMTEMPLATE.169]]></Field>
	<Field name="RefObjGlobalId" type="java.lang.String"><![CDATA[71d78523-af7e-4b47-8d47-be3edbc409eb]]></Field>
 <Field name="RefObjFQName" type="java.lang.String"><![CDATA[SparkExpressionCmdDF]]></Field>
 <Field name="RefObjFQType" type="java.lang.String"><![CDATA[SNP_KMTEMPLATE]]></Field>
 <Field name="RefObjFQNameLengths" type="java.lang.String"><![CDATA[20]]></Field>
</Object>
<Object class="com.sunopsis.dwg.dbobj.SnpFKXRef">
		<Field name="RefKey" type="java.lang.String"><![CDATA[SNP_KMTEMPLATE.176]]></Field>
	<Field name="RefObjGlobalId" type="java.lang.String"><![CDATA[0519558e-4d77-490a-bacb-69b2a2b2fad5]]></Field>
 <Field name="RefObjFQName" type="java.lang.String"><![CDATA[SparkPartitionRedistributeAndSortDF]]></Field>
 <Field name="RefObjFQType" type="java.lang.String"><![CDATA[SNP_KMTEMPLATE]]></Field>
 <Field name="RefObjFQNameLengths" type="java.lang.String"><![CDATA[35]]></Field>
</Object>
<Object class="com.sunopsis.dwg.dbobj.SnpFKXRef">
		<Field name="RefKey" type="java.lang.String"><![CDATA[SNP_TRT.151]]></Field>
	<Field name="RefObjGlobalId" type="java.lang.String"><![CDATA[28C4768839C04BAEE053CCC0E40AAAF7]]></Field>
 <Field name="RefObjFQName" type="java.lang.String"><![CDATA[LKM Spark to Cassandra]]></Field>
 <Field name="RefObjFQType" type="java.lang.String"><![CDATA[SNP_TRT]]></Field>
 <Field name="RefObjFQNameLengths" type="java.lang.String"><![CDATA[22]]></Field>
</Object>
<Object class="com.sunopsis.dwg.dbobj.SnpFKXRef">
		<Field name="RefKey" type="java.lang.String"><![CDATA[SNP_TRT.150]]></Field>
	<Field name="RefObjGlobalId" type="java.lang.String"><![CDATA[1FD1D82B9F005A53E053CCC0E40AC733]]></Field>
 <Field name="RefObjFQName" type="java.lang.String"><![CDATA[LKM Spark to SQL]]></Field>
 <Field name="RefObjFQType" type="java.lang.String"><![CDATA[SNP_TRT]]></Field>
 <Field name="RefObjFQNameLengths" type="java.lang.String"><![CDATA[16]]></Field>
</Object>
<Object class="com.sunopsis.dwg.dbobj.SnpFKXRef">
		<Field name="RefKey" type="java.lang.String"><![CDATA[SNP_TRT.142]]></Field>
	<Field name="RefObjGlobalId" type="java.lang.String"><![CDATA[2B7D95B0B8A32C45E053E603C40A5DCB]]></Field>
 <Field name="RefObjFQName" type="java.lang.String"><![CDATA[LKM Spark to HDFS]]></Field>
 <Field name="RefObjFQType" type="java.lang.String"><![CDATA[SNP_TRT]]></Field>
 <Field name="RefObjFQNameLengths" type="java.lang.String"><![CDATA[17]]></Field>
</Object>
<Object class="com.sunopsis.dwg.dbobj.SnpFKXRef">
		<Field name="RefKey" type="java.lang.String"><![CDATA[SNP_TRT.144]]></Field>
	<Field name="RefObjGlobalId" type="java.lang.String"><![CDATA[995beb67-0645-4aa4-bb49-5bce5ab0c79a]]></Field>
 <Field name="RefObjFQName" type="java.lang.String"><![CDATA[LKM Spark to Storage Cloud Service]]></Field>
 <Field name="RefObjFQType" type="java.lang.String"><![CDATA[SNP_TRT]]></Field>
 <Field name="RefObjFQNameLengths" type="java.lang.String"><![CDATA[34]]></Field>
</Object>
<Object class="com.sunopsis.dwg.dbobj.SnpFKXRef">
		<Field name="RefKey" type="java.lang.String"><![CDATA[SNP_TRT.143]]></Field>
	<Field name="RefObjGlobalId" type="java.lang.String"><![CDATA[dc7106dd-f608-4749-bd72-076f94908725]]></Field>
 <Field name="RefObjFQName" type="java.lang.String"><![CDATA[LKM Spark to Object Storage]]></Field>
 <Field name="RefObjFQType" type="java.lang.String"><![CDATA[SNP_TRT]]></Field>
 <Field name="RefObjFQNameLengths" type="java.lang.String"><![CDATA[27]]></Field>
</Object>
<Object class="com.sunopsis.dwg.dbobj.SnpFKXRef">
		<Field name="RefKey" type="java.lang.String"><![CDATA[SNP_TRT.137]]></Field>
	<Field name="RefObjGlobalId" type="java.lang.String"><![CDATA[1986feab-eca2-4f5a-96a8-ecf827ac7cda]]></Field>
 <Field name="RefObjFQName" type="java.lang.String"><![CDATA[LKM Spark to File]]></Field>
 <Field name="RefObjFQType" type="java.lang.String"><![CDATA[SNP_TRT]]></Field>
 <Field name="RefObjFQNameLengths" type="java.lang.String"><![CDATA[17]]></Field>
</Object>
<Object class="com.sunopsis.dwg.dbobj.SnpFKXRef">
		<Field name="RefKey" type="java.lang.String"><![CDATA[SNP_TRT.148]]></Field>
	<Field name="RefObjGlobalId" type="java.lang.String"><![CDATA[dabbcab5-caeb-423c-b6f2-bfb106747464]]></Field>
 <Field name="RefObjFQName" type="java.lang.String"><![CDATA[LKM Spark to Kafka]]></Field>
 <Field name="RefObjFQType" type="java.lang.String"><![CDATA[SNP_TRT]]></Field>
 <Field name="RefObjFQNameLengths" type="java.lang.String"><![CDATA[18]]></Field>
</Object>
<Object class="com.sunopsis.dwg.dbobj.SnpFKXRef">
		<Field name="RefKey" type="java.lang.String"><![CDATA[SNP_TRT.146]]></Field>
	<Field name="RefObjGlobalId" type="java.lang.String"><![CDATA[c2f113d5-e22b-4237-b25c-545872875536]]></Field>
 <Field name="RefObjFQName" type="java.lang.String"><![CDATA[LKM Spark to Hive]]></Field>
 <Field name="RefObjFQType" type="java.lang.String"><![CDATA[SNP_TRT]]></Field>
 <Field name="RefObjFQNameLengths" type="java.lang.String"><![CDATA[17]]></Field>
</Object>
<Object class="com.sunopsis.dwg.dbobj.SnpFKXRef">
		<Field name="RefKey" type="java.lang.String"><![CDATA[SNP_TRT.165]]></Field>
	<Field name="RefObjGlobalId" type="java.lang.String"><![CDATA[310d86cf-27e0-48c0-ae73-82685449bcce]]></Field>
 <Field name="RefObjFQName" type="java.lang.String"><![CDATA[IKM Spark Table Function]]></Field>
 <Field name="RefObjFQType" type="java.lang.String"><![CDATA[SNP_TRT]]></Field>
 <Field name="RefObjFQNameLengths" type="java.lang.String"><![CDATA[24]]></Field>
</Object>
<Object class="com.sunopsis.dwg.DwgExportSummary">
		<Field name="ExpTxtNb" type="com.sunopsis.sql.DbInt"><![CDATA[0]]></Field>
	<Field name="InstObjNb" type="com.sunopsis.sql.DbInt"><![CDATA[0]]></Field>
	<Field name="JoinColNb" type="com.sunopsis.sql.DbInt"><![CDATA[0]]></Field>
	<Field name="JoinNb" type="com.sunopsis.sql.DbInt"><![CDATA[0]]></Field>
	<Field name="KeyColNb" type="com.sunopsis.sql.DbInt"><![CDATA[0]]></Field>
	<Field name="KeyNb" type="com.sunopsis.sql.DbInt"><![CDATA[0]]></Field>
	<Field name="LinkDiagNb" type="com.sunopsis.sql.DbInt"><![CDATA[0]]></Field>
	<Field name="MorigTxtNb" type="com.sunopsis.sql.DbInt"><![CDATA[0]]></Field>
	<Field name="MtxtNb" type="com.sunopsis.sql.DbInt"><![CDATA[0]]></Field>
	<Field name="OrigTxtNb" type="com.sunopsis.sql.DbInt"><![CDATA[0]]></Field>
	<Field name="OtherObjectsNb" type="com.sunopsis.sql.DbInt"><![CDATA[13]]></Field>
	<Field name="PlanAgentNb" type="com.sunopsis.sql.DbInt"><![CDATA[0]]></Field>
	<Field name="StepNb" type="com.sunopsis.sql.DbInt"><![CDATA[0]]></Field>
	<Field name="TxtNb" type="com.sunopsis.sql.DbInt"><![CDATA[0]]></Field>
	<Field name="UeOrigNb" type="com.sunopsis.sql.DbInt"><![CDATA[0]]></Field>
	<Field name="UeUsedNb" type="com.sunopsis.sql.DbInt"><![CDATA[0]]></Field>
	<Field name="VarPlanAgentNb" type="com.sunopsis.sql.DbInt"><![CDATA[0]]></Field>
	<Field name="ScenTxtNb" type="com.sunopsis.sql.DbInt"><![CDATA[0]]></Field>
	<Field name="OdiVersion" type="java.lang.String"><![CDATA[12.2.1]]></Field>
	<Field name="OriginRepositoryID" type="com.sunopsis.sql.DbInt"><![CDATA[1]]></Field>
	<Field name="RepositoryVersion" type="java.lang.String"><![CDATA[05.02.02.09]]></Field>
</Object>
</SunopsisExport>
