<?xml version="1.0" encoding="UTF-8"?>
<OdiDeploymentArchive>
   <Name>EXEC_InitialDeploymentArchive</Name>
   <Description>Initial Deployment Archive</Description>
   <DeploymentArchiveType>INITIAL</DeploymentArchiveType>
   <SourceType>ODI</SourceType>
   <SourceInfo>Master:{dburl=jdbc:oracle:thin:@localhost:1521/orcl; dbuser=DEV_ODI_REPO}; Work:{name=WORKREP}</SourceInfo>
   <GlobalId>1b8b05b6-dd03-4f96-ab72-fb2cfc4b29ce</GlobalId>
   <CreatedDate>2020-11-02T00:39:43.947-05:00</CreatedDate>
   <CreatedBy>SUPERVISOR</CreatedBy>
   <ObjectsToUpdate>
      <Object class="oracle.odi.domain.topology.OdiDataServer" globalId="7308fe5e-c70e-4ebb-bd56-853883771b8a" name="orcl_prd" path="/Master Repository/Technologies/Oracle/Physical Architecture/orcl_prd/CONN_orcl_prd.xml" lastupdatedtime="1604293996000" sourcerepositoryid="3c00e313-958a-4047-b00f-66181a1cccaa" objectrepositorytype="MASTER"/>
      <Object class="oracle.odi.domain.topology.OdiDataServer" globalId="828b90ca-5e38-49b7-b6b1-a289107536e5" name="orcl_tst" path="/Master Repository/Technologies/Oracle/Physical Architecture/orcl_tst/CONN_orcl_tst.xml" lastupdatedtime="1604293997000" sourcerepositoryid="3c00e313-958a-4047-b00f-66181a1cccaa" objectrepositorytype="MASTER"/>
      <Object class="oracle.odi.domain.topology.OdiDataServer" globalId="c323f379-55c7-44fe-be16-3e558b746d99" name="orcl_dev" path="/Master Repository/Technologies/Oracle/Physical Architecture/orcl_dev/CONN_orcl_dev.xml" lastupdatedtime="1604293997000" sourcerepositoryid="3c00e313-958a-4047-b00f-66181a1cccaa" objectrepositorytype="MASTER"/>
      <Object class="oracle.odi.domain.topology.OdiDataServer" globalId="7289f03e-0ca6-3787-9268-c74d5e8aaea5" name="MEMORY_ENGINE" path="/Master Repository/Technologies/In_Memory_Engine/Physical Architecture/MEMORY_ENGINE/CONN_MEMORY_ENGINE.xml" lastupdatedtime="1604293268000" sourcerepositoryid="3c00e313-958a-4047-b00f-66181a1cccaa" objectrepositorytype="MASTER"/>
      <Object class="oracle.odi.domain.topology.OdiDataServer" globalId="18897a5c-bda1-3399-9472-b54c6824e6ad" name="SUNOPSIS_MEMORY_ENGINE" path="/Master Repository/Technologies/In_Memory_Engine/Physical Architecture/SUNOPSIS_MEMORY_ENGINE/CONN_SUNOPSIS_MEMORY_ENGINE.xml" lastupdatedtime="1604293268000" sourcerepositoryid="3c00e313-958a-4047-b00f-66181a1cccaa" objectrepositorytype="MASTER"/>
      <Object class="oracle.odi.domain.topology.OdiDataServer" globalId="7cf66dba-3493-3ab1-81cc-6c13ebe03a8d" name="FILE_GENERIC" path="/Master Repository/Technologies/File/Physical Architecture/FILE_GENERIC/CONN_FILE_GENERIC.xml" lastupdatedtime="1604293269000" sourcerepositoryid="3c00e313-958a-4047-b00f-66181a1cccaa" objectrepositorytype="MASTER"/>
      <Object class="oracle.odi.domain.topology.OdiContext" globalId="2a053068-404a-469e-8528-41667bd41c6b" name="Production" path="/Master Repository/Contexts/CONT_Production.xml" lastupdatedtime="1604293998000" sourcerepositoryid="3c00e313-958a-4047-b00f-66181a1cccaa" objectrepositorytype="MASTER"/>
      <Object class="oracle.odi.domain.topology.OdiContext" globalId="86035eee-243b-405c-96da-f2e5e4826454" name="Development" path="/Master Repository/Contexts/CONT_Development.xml" lastupdatedtime="1604293999000" sourcerepositoryid="3c00e313-958a-4047-b00f-66181a1cccaa" objectrepositorytype="MASTER"/>
      <Object class="oracle.odi.domain.topology.OdiContext" globalId="be5c962e-2a73-4cdf-b93b-7c41d3f6c7b5" name="Test" path="/Master Repository/Contexts/CONT_Test.xml" lastupdatedtime="1604293999000" sourcerepositoryid="3c00e313-958a-4047-b00f-66181a1cccaa" objectrepositorytype="MASTER"/>
      <Object class="oracle.odi.domain.topology.OdiContext" globalId="af79390f-548b-3f6e-b5dc-b152c271c701" name="Global" path="/Master Repository/Contexts/CONT_Global.xml" lastupdatedtime="1604293998000" sourcerepositoryid="3c00e313-958a-4047-b00f-66181a1cccaa" objectrepositorytype="MASTER"/>
      <Object class="oracle.odi.domain.topology.OdiLogicalSchema" globalId="3760c594-0eca-47b5-833a-09a6841da6e3" name="HR" path="/Master Repository/Technologies/Oracle/Logical Architecture/LSC_HR.xml" lastupdatedtime="1604294004000" sourcerepositoryid="3c00e313-958a-4047-b00f-66181a1cccaa" objectrepositorytype="MASTER"/>
      <Object class="oracle.odi.domain.topology.OdiLogicalSchema" globalId="c5bb3b65-1790-4027-909d-7cf8ad1955eb" name="SI_HR" path="/Master Repository/Technologies/Oracle/Logical Architecture/LSC_SI_HR.xml" lastupdatedtime="1604294004000" sourcerepositoryid="3c00e313-958a-4047-b00f-66181a1cccaa" objectrepositorytype="MASTER"/>
      <Object class="oracle.odi.domain.topology.OdiLogicalSchema" globalId="85e2554e-2771-3636-9209-5536d662c433" name="File Server for SAP ABAP" path="/Master Repository/Technologies/File/Logical Architecture/LSC_File_Server_for_SAP_ABAP.xml" lastupdatedtime="1604294004000" sourcerepositoryid="3c00e313-958a-4047-b00f-66181a1cccaa" objectrepositorytype="MASTER"/>
      <Object class="oracle.odi.domain.topology.OdiLogicalSchema" globalId="90a83890-2d1c-358b-99d7-425951dc425d" name=" SUNOPSIS_MEMORY_ENGINE" path="/Master Repository/Technologies/In_Memory_Engine/Logical Architecture/LSC__SUNOPSIS_MEMORY_ENGINE.xml" lastupdatedtime="1604294003000" sourcerepositoryid="3c00e313-958a-4047-b00f-66181a1cccaa" objectrepositorytype="MASTER"/>
      <Object class="oracle.odi.domain.topology.OdiLogicalSchema" globalId="67889c61-987f-3566-afcc-9c55d7bd85ae" name=" MEMORY_ENGINE" path="/Master Repository/Technologies/In_Memory_Engine/Logical Architecture/LSC__MEMORY_ENGINE.xml" lastupdatedtime="1604294003000" sourcerepositoryid="3c00e313-958a-4047-b00f-66181a1cccaa" objectrepositorytype="MASTER"/>
      <Object class="oracle.odi.domain.topology.OdiPhysicalSchema" globalId="5bb33106-d59f-4963-a533-d5864d727cbc" name="orcl_prd.POCPRD_HR" path="/Master Repository/Technologies/Oracle/Physical Architecture/orcl_prd/PSC_orcl_prd_POCPRD_HR.xml" lastupdatedtime="1604294000000" sourcerepositoryid="3c00e313-958a-4047-b00f-66181a1cccaa" objectrepositorytype="MASTER"/>
      <Object class="oracle.odi.domain.topology.OdiPhysicalSchema" globalId="aed561f2-728b-4d27-868f-3f3a75a10b35" name="orcl_prd.POCPRD_SI_HR" path="/Master Repository/Technologies/Oracle/Physical Architecture/orcl_prd/PSC_orcl_prd_POCPRD_SI_HR.xml" lastupdatedtime="1604294001000" sourcerepositoryid="3c00e313-958a-4047-b00f-66181a1cccaa" objectrepositorytype="MASTER"/>
      <Object class="oracle.odi.domain.topology.OdiPhysicalSchema" globalId="224b354c-246b-4ce0-8ac8-2984ba637790" name="orcl_tst.POCTST_HR" path="/Master Repository/Technologies/Oracle/Physical Architecture/orcl_tst/PSC_orcl_tst_POCTST_HR.xml" lastupdatedtime="1604294001000" sourcerepositoryid="3c00e313-958a-4047-b00f-66181a1cccaa" objectrepositorytype="MASTER"/>
      <Object class="oracle.odi.domain.topology.OdiPhysicalSchema" globalId="e85dfce0-975d-44e8-99f4-fe35772bc527" name="orcl_tst.POCTST_SI_HR" path="/Master Repository/Technologies/Oracle/Physical Architecture/orcl_tst/PSC_orcl_tst_POCTST_SI_HR.xml" lastupdatedtime="1604294001000" sourcerepositoryid="3c00e313-958a-4047-b00f-66181a1cccaa" objectrepositorytype="MASTER"/>
      <Object class="oracle.odi.domain.topology.OdiPhysicalSchema" globalId="77d0ffed-ca08-41f1-9395-f11db98cdb9b" name="orcl_dev.POCDEV_HR" path="/Master Repository/Technologies/Oracle/Physical Architecture/orcl_dev/PSC_orcl_dev_POCDEV_HR.xml" lastupdatedtime="1604294002000" sourcerepositoryid="3c00e313-958a-4047-b00f-66181a1cccaa" objectrepositorytype="MASTER"/>
      <Object class="oracle.odi.domain.topology.OdiPhysicalSchema" globalId="e46884a6-0eb4-4c41-bcd6-9121e9da3beb" name="orcl_dev.POCDEV_SI_HR" path="/Master Repository/Technologies/Oracle/Physical Architecture/orcl_dev/PSC_orcl_dev_POCDEV_SI_HR.xml" lastupdatedtime="1604294002000" sourcerepositoryid="3c00e313-958a-4047-b00f-66181a1cccaa" objectrepositorytype="MASTER"/>
      <Object class="oracle.odi.domain.topology.OdiPhysicalSchema" globalId="61149740-0c29-32c0-92e5-fdb5696142c8" name="MEMORY_ENGINE_Default" path="/Master Repository/Technologies/In_Memory_Engine/Physical Architecture/MEMORY_ENGINE/PSC_MEMORY_ENGINE_Default.xml" lastupdatedtime="1604293268000" sourcerepositoryid="3c00e313-958a-4047-b00f-66181a1cccaa" objectrepositorytype="MASTER"/>
      <Object class="oracle.odi.domain.topology.OdiPhysicalSchema" globalId="1c6765c1-b25c-3a70-afbb-e9d05fc3f3a5" name="SUNOPSIS_MEMORY_ENGINE_Default" path="/Master Repository/Technologies/In_Memory_Engine/Physical Architecture/SUNOPSIS_MEMORY_ENGINE/PSC_SUNOPSIS_MEMORY_ENGINE_Default.xml" lastupdatedtime="1604293268000" sourcerepositoryid="3c00e313-958a-4047-b00f-66181a1cccaa" objectrepositorytype="MASTER"/>
   </ObjectsToUpdate>
   <ObjectsToDelete/>
</OdiDeploymentArchive>
