<?xml version="1.0" encoding="UTF-8"?>
<SunopsisExport>
<Admin RepositoryVersion="05.02.02.09" IsLegacyIdCompatible="false" />
<Encryption algorithm="AES" keyLength="128" exportKeyHash="Sv/vwW44n56Z1jenVmSZ0UUXSYUheAiQkD4azbOCmbE=" keyVect="psOBjZIwm8AsoURq4G3N6A==" exportKeySalt="a953bff5-ff05-426b-86c0-21ba4505c9c0" containsCipherText="false"/>
<Object class="com.sunopsis.dwg.dbobj.SnpLschema">
		<Field name="ExtVersion" type="java.lang.String">null</Field>
	<Field name="FirstDate" type="java.sql.Timestamp"><![CDATA[2020-10-13 17:09:41.0]]></Field>
	<Field name="FirstUser" type="java.lang.String"><![CDATA[SUNOPSIS_INSTALL]]></Field>
	<Field name="GlobalId" type="java.lang.String"><![CDATA[67889c61-987f-3566-afcc-9c55d7bd85ae]]></Field>
	<Field name="IndChange" type="java.lang.String"><![CDATA[I]]></Field>
	<Field name="IntVersion" type="com.sunopsis.sql.DbInt"><![CDATA[1]]></Field>
	<Field name="ILschema" type="com.sunopsis.sql.DbInt"><![CDATA[3]]></Field>
	<Field name="ITechno" type="com.sunopsis.sql.DbInt"><![CDATA[110]]></Field>
	<Field name="ITgtDbLs" type="com.sunopsis.sql.DbInt"><![CDATA[null]]></Field>
	<Field name="LastDate" type="java.sql.Timestamp"><![CDATA[2020-10-13 17:09:41.0]]></Field>
	<Field name="LastUser" type="java.lang.String"><![CDATA[SUNOPSIS_INSTALL]]></Field>
	<Field name="LschemaName" type="java.lang.String"><![CDATA[ MEMORY_ENGINE]]></Field>
	<Field name="ProcessType" type="java.lang.String">null</Field>
</Object>
<Object class="com.sunopsis.dwg.dbobj.SnpPschemaCont">
		<Field name="FirstDate" type="java.sql.Timestamp"><![CDATA[2020-10-13 17:10:05.0]]></Field>
	<Field name="FirstUser" type="java.lang.String"><![CDATA[SUNOPSIS_INSTALL]]></Field>
	<Field name="GlobalId" type="java.lang.String"><![CDATA[b1f650c2-a876-444a-850f-47abec42a11c]]></Field>
	<Field name="IntVersion" type="com.sunopsis.sql.DbInt"><![CDATA[1]]></Field>
	<Field name="IContext" type="com.sunopsis.sql.DbInt"><![CDATA[2]]></Field>
	<Field name="ILschema" type="com.sunopsis.sql.DbInt"><![CDATA[3]]></Field>
	<Field name="IPschema" type="com.sunopsis.sql.DbInt"><![CDATA[1]]></Field>
	<Field name="LastDate" type="java.sql.Timestamp"><![CDATA[2020-10-13 17:10:05.0]]></Field>
	<Field name="LastUser" type="java.lang.String"><![CDATA[SUNOPSIS_INSTALL]]></Field>
</Object>
<Object class="com.sunopsis.dwg.dbobj.SnpReferencedObject">
		<Field name="IObject" type="com.sunopsis.sql.DbInt"><![CDATA[1700]]></Field>
	<Field name="ObjectPKasString" type="java.lang.String"><![CDATA[2]]></Field>
	<Field name="ObjectAKasString" type="java.lang.String"><![CDATA[PRODUCTION]]></Field>
	<Field name="Description" type="java.lang.String"><![CDATA[SNP_CONTEXT : Production]]></Field>
 <Field name="GlobalId" type="java.lang.String"><![CDATA[2a053068-404a-469e-8528-41667bd41c6b]]></Field>
</Object>
<Object class="com.sunopsis.dwg.dbobj.SnpPschemaCont">
		<Field name="FirstDate" type="java.sql.Timestamp"><![CDATA[2020-10-13 17:10:06.0]]></Field>
	<Field name="FirstUser" type="java.lang.String"><![CDATA[SUNOPSIS_INSTALL]]></Field>
	<Field name="GlobalId" type="java.lang.String"><![CDATA[4c0287e9-2504-4d95-b579-c2916d2a89e3]]></Field>
	<Field name="IntVersion" type="com.sunopsis.sql.DbInt"><![CDATA[1]]></Field>
	<Field name="IContext" type="com.sunopsis.sql.DbInt"><![CDATA[4]]></Field>
	<Field name="ILschema" type="com.sunopsis.sql.DbInt"><![CDATA[3]]></Field>
	<Field name="IPschema" type="com.sunopsis.sql.DbInt"><![CDATA[1]]></Field>
	<Field name="LastDate" type="java.sql.Timestamp"><![CDATA[2020-10-13 17:10:06.0]]></Field>
	<Field name="LastUser" type="java.lang.String"><![CDATA[SUNOPSIS_INSTALL]]></Field>
</Object>
<Object class="com.sunopsis.dwg.dbobj.SnpReferencedObject">
		<Field name="IObject" type="com.sunopsis.sql.DbInt"><![CDATA[1700]]></Field>
	<Field name="ObjectPKasString" type="java.lang.String"><![CDATA[4]]></Field>
	<Field name="ObjectAKasString" type="java.lang.String"><![CDATA[DEVELOPMENT]]></Field>
	<Field name="Description" type="java.lang.String"><![CDATA[SNP_CONTEXT : Development]]></Field>
 <Field name="GlobalId" type="java.lang.String"><![CDATA[86035eee-243b-405c-96da-f2e5e4826454]]></Field>
</Object>
<Object class="com.sunopsis.dwg.dbobj.SnpPschemaCont">
		<Field name="FirstDate" type="java.sql.Timestamp"><![CDATA[2020-10-13 17:10:06.0]]></Field>
	<Field name="FirstUser" type="java.lang.String"><![CDATA[SUNOPSIS_INSTALL]]></Field>
	<Field name="GlobalId" type="java.lang.String"><![CDATA[057ed54f-0c9b-4acd-bceb-432fa1dfab74]]></Field>
	<Field name="IntVersion" type="com.sunopsis.sql.DbInt"><![CDATA[1]]></Field>
	<Field name="IContext" type="com.sunopsis.sql.DbInt"><![CDATA[6]]></Field>
	<Field name="ILschema" type="com.sunopsis.sql.DbInt"><![CDATA[3]]></Field>
	<Field name="IPschema" type="com.sunopsis.sql.DbInt"><![CDATA[1]]></Field>
	<Field name="LastDate" type="java.sql.Timestamp"><![CDATA[2020-10-13 17:10:06.0]]></Field>
	<Field name="LastUser" type="java.lang.String"><![CDATA[SUNOPSIS_INSTALL]]></Field>
</Object>
<Object class="com.sunopsis.dwg.dbobj.SnpReferencedObject">
		<Field name="IObject" type="com.sunopsis.sql.DbInt"><![CDATA[1700]]></Field>
	<Field name="ObjectPKasString" type="java.lang.String"><![CDATA[6]]></Field>
	<Field name="ObjectAKasString" type="java.lang.String"><![CDATA[TEST]]></Field>
	<Field name="Description" type="java.lang.String"><![CDATA[SNP_CONTEXT : Test]]></Field>
 <Field name="GlobalId" type="java.lang.String"><![CDATA[be5c962e-2a73-4cdf-b93b-7c41d3f6c7b5]]></Field>
</Object>
<Object class="com.sunopsis.dwg.dbobj.SnpPschemaCont">
		<Field name="FirstDate" type="java.sql.Timestamp"><![CDATA[2020-10-13 17:10:06.0]]></Field>
	<Field name="FirstUser" type="java.lang.String"><![CDATA[SUNOPSIS_INSTALL]]></Field>
	<Field name="GlobalId" type="java.lang.String"><![CDATA[d614826d-0e95-38ce-ab6c-6336fafbdeac]]></Field>
	<Field name="IntVersion" type="com.sunopsis.sql.DbInt"><![CDATA[1]]></Field>
	<Field name="IContext" type="com.sunopsis.sql.DbInt"><![CDATA[8]]></Field>
	<Field name="ILschema" type="com.sunopsis.sql.DbInt"><![CDATA[3]]></Field>
	<Field name="IPschema" type="com.sunopsis.sql.DbInt"><![CDATA[1]]></Field>
	<Field name="LastDate" type="java.sql.Timestamp"><![CDATA[2020-10-13 17:10:06.0]]></Field>
	<Field name="LastUser" type="java.lang.String"><![CDATA[SUNOPSIS_INSTALL]]></Field>
</Object>
<Object class="com.sunopsis.dwg.dbobj.SnpReferencedObject">
		<Field name="IObject" type="com.sunopsis.sql.DbInt"><![CDATA[1700]]></Field>
	<Field name="ObjectPKasString" type="java.lang.String"><![CDATA[8]]></Field>
	<Field name="ObjectAKasString" type="java.lang.String"><![CDATA[GLOBAL]]></Field>
	<Field name="Description" type="java.lang.String"><![CDATA[SNP_CONTEXT : Global]]></Field>
 <Field name="GlobalId" type="java.lang.String"><![CDATA[af79390f-548b-3f6e-b5dc-b152c271c701]]></Field>
</Object>
<Object class="com.sunopsis.dwg.dbobj.SnpFKXRef">
		<Field name="RefKey" type="java.lang.String"><![CDATA[SNP_TECHNO.110]]></Field>
	<Field name="RefObjGlobalId" type="java.lang.String"><![CDATA[e84170c6-66f0-3c4a-8fe7-dbca246e5b24]]></Field>
 <Field name="RefObjFQName" type="java.lang.String"><![CDATA[In-Memory Engine]]></Field>
 <Field name="RefObjFQType" type="java.lang.String"><![CDATA[SNP_TECHNO]]></Field>
 <Field name="RefObjFQNameLengths" type="java.lang.String"><![CDATA[16]]></Field>
</Object>
<Object class="com.sunopsis.dwg.dbobj.SnpFKXRef">
		<Field name="RefKey" type="java.lang.String"><![CDATA[SNP_CONTEXT.2]]></Field>
	<Field name="RefObjGlobalId" type="java.lang.String"><![CDATA[2a053068-404a-469e-8528-41667bd41c6b]]></Field>
 <Field name="RefObjFQName" type="java.lang.String"><![CDATA[Production]]></Field>
 <Field name="RefObjFQType" type="java.lang.String"><![CDATA[SNP_CONTEXT]]></Field>
 <Field name="RefObjFQNameLengths" type="java.lang.String"><![CDATA[10]]></Field>
</Object>
<Object class="com.sunopsis.dwg.dbobj.SnpFKXRef">
		<Field name="RefKey" type="java.lang.String"><![CDATA[SNP_LSCHEMA.3]]></Field>
	<Field name="RefObjGlobalId" type="java.lang.String"><![CDATA[67889c61-987f-3566-afcc-9c55d7bd85ae]]></Field>
 <Field name="RefObjFQName" type="java.lang.String"><![CDATA[In-Memory Engine. MEMORY_ENGINE]]></Field>
 <Field name="RefObjFQType" type="java.lang.String"><![CDATA[SNP_TECHNO.SNP_LSCHEMA]]></Field>
 <Field name="RefObjFQNameLengths" type="java.lang.String"><![CDATA[16.14]]></Field>
</Object>
<Object class="com.sunopsis.dwg.dbobj.SnpFKXRef">
		<Field name="RefKey" type="java.lang.String"><![CDATA[SNP_PSCHEMA.1]]></Field>
	<Field name="RefObjGlobalId" type="java.lang.String"><![CDATA[61149740-0c29-32c0-92e5-fdb5696142c8]]></Field>
 <Field name="RefObjFQName" type="java.lang.String"><![CDATA[In-Memory Engine.MEMORY_ENGINE.MEMORY_ENGINE_Default]]></Field>
 <Field name="RefObjFQType" type="java.lang.String"><![CDATA[SNP_TECHNO.SNP_CONNECT.SNP_PSCHEMA]]></Field>
 <Field name="RefObjFQNameLengths" type="java.lang.String"><![CDATA[16.13.21]]></Field>
</Object>
<Object class="com.sunopsis.dwg.dbobj.SnpFKXRef">
		<Field name="RefKey" type="java.lang.String"><![CDATA[SNP_CONTEXT.4]]></Field>
	<Field name="RefObjGlobalId" type="java.lang.String"><![CDATA[86035eee-243b-405c-96da-f2e5e4826454]]></Field>
 <Field name="RefObjFQName" type="java.lang.String"><![CDATA[Development]]></Field>
 <Field name="RefObjFQType" type="java.lang.String"><![CDATA[SNP_CONTEXT]]></Field>
 <Field name="RefObjFQNameLengths" type="java.lang.String"><![CDATA[11]]></Field>
</Object>
<Object class="com.sunopsis.dwg.dbobj.SnpFKXRef">
		<Field name="RefKey" type="java.lang.String"><![CDATA[SNP_CONTEXT.6]]></Field>
	<Field name="RefObjGlobalId" type="java.lang.String"><![CDATA[be5c962e-2a73-4cdf-b93b-7c41d3f6c7b5]]></Field>
 <Field name="RefObjFQName" type="java.lang.String"><![CDATA[Test]]></Field>
 <Field name="RefObjFQType" type="java.lang.String"><![CDATA[SNP_CONTEXT]]></Field>
 <Field name="RefObjFQNameLengths" type="java.lang.String"><![CDATA[4]]></Field>
</Object>
<Object class="com.sunopsis.dwg.dbobj.SnpFKXRef">
		<Field name="RefKey" type="java.lang.String"><![CDATA[SNP_CONTEXT.8]]></Field>
	<Field name="RefObjGlobalId" type="java.lang.String"><![CDATA[af79390f-548b-3f6e-b5dc-b152c271c701]]></Field>
 <Field name="RefObjFQName" type="java.lang.String"><![CDATA[Global]]></Field>
 <Field name="RefObjFQType" type="java.lang.String"><![CDATA[SNP_CONTEXT]]></Field>
 <Field name="RefObjFQNameLengths" type="java.lang.String"><![CDATA[6]]></Field>
</Object>
<Object class="com.sunopsis.dwg.DwgExportSummary">
		<Field name="ExpTxtNb" type="com.sunopsis.sql.DbInt"><![CDATA[0]]></Field>
	<Field name="InstObjNb" type="com.sunopsis.sql.DbInt"><![CDATA[0]]></Field>
	<Field name="JoinColNb" type="com.sunopsis.sql.DbInt"><![CDATA[0]]></Field>
	<Field name="JoinNb" type="com.sunopsis.sql.DbInt"><![CDATA[0]]></Field>
	<Field name="KeyColNb" type="com.sunopsis.sql.DbInt"><![CDATA[0]]></Field>
	<Field name="KeyNb" type="com.sunopsis.sql.DbInt"><![CDATA[0]]></Field>
	<Field name="LinkDiagNb" type="com.sunopsis.sql.DbInt"><![CDATA[0]]></Field>
	<Field name="MorigTxtNb" type="com.sunopsis.sql.DbInt"><![CDATA[0]]></Field>
	<Field name="MtxtNb" type="com.sunopsis.sql.DbInt"><![CDATA[0]]></Field>
	<Field name="OrigTxtNb" type="com.sunopsis.sql.DbInt"><![CDATA[0]]></Field>
	<Field name="OtherObjectsNb" type="com.sunopsis.sql.DbInt"><![CDATA[5]]></Field>
	<Field name="PlanAgentNb" type="com.sunopsis.sql.DbInt"><![CDATA[0]]></Field>
	<Field name="StepNb" type="com.sunopsis.sql.DbInt"><![CDATA[0]]></Field>
	<Field name="TxtNb" type="com.sunopsis.sql.DbInt"><![CDATA[0]]></Field>
	<Field name="UeOrigNb" type="com.sunopsis.sql.DbInt"><![CDATA[0]]></Field>
	<Field name="UeUsedNb" type="com.sunopsis.sql.DbInt"><![CDATA[0]]></Field>
	<Field name="VarPlanAgentNb" type="com.sunopsis.sql.DbInt"><![CDATA[0]]></Field>
	<Field name="ScenTxtNb" type="com.sunopsis.sql.DbInt"><![CDATA[0]]></Field>
	<Field name="OdiVersion" type="java.lang.String"><![CDATA[12.2.1]]></Field>
	<Field name="OriginRepositoryID" type="com.sunopsis.sql.DbInt"><![CDATA[0]]></Field>
	<Field name="RepositoryVersion" type="java.lang.String"><![CDATA[05.02.02.09]]></Field>
</Object>
</SunopsisExport>
