<?xml version="1.0" encoding="UTF-8"?>
<SunopsisExport>
<Admin RepositoryVersion="05.02.02.09" IsLegacyIdCompatible="false" />
<Encryption algorithm="AES" keyLength="128" exportKeyHash="XZtj2gPWMwZfu+xryM9JyG2eVdzy6+af0gAl9zf1jls=" keyVect="TzQ6lwaVVS0l79iLstP1nw==" exportKeySalt="55d2928e-5e05-4ec1-beff-9f4fcccf1560" containsCipherText="false"/>
<Object class="com.sunopsis.dwg.dbobj.SnpKmTemplate">
		<Field name="FirstDate" type="java.sql.Timestamp"><![CDATA[2020-10-13 17:12:29.0]]></Field>
	<Field name="FirstUser" type="java.lang.String"><![CDATA[SUNOPSIS_INSTALL]]></Field>
	<Field name="GlobalId" type="java.lang.String"><![CDATA[fa46e276-2d00-11e6-9408-00163e1ffd72]]></Field>
	<Field name="IndChange" type="java.lang.String"><![CDATA[U]]></Field>
	<Field name="IndIsSeeded" type="java.lang.String"><![CDATA[1]]></Field>
	<Field name="IndLangTrans" type="java.lang.String"><![CDATA[1]]></Field>
	<Field name="IndReplNl" type="java.lang.String"><![CDATA[1]]></Field>
	<Field name="IntVersion" type="com.sunopsis.sql.DbInt"><![CDATA[2]]></Field>
	<Field name="IKmTemplate" type="com.sunopsis.sql.DbInt"><![CDATA[109]]></Field>
	<Field name="LangName" type="java.lang.String"><![CDATA[PYTHON]]></Field>
	<Field name="LastDate" type="java.sql.Timestamp"><![CDATA[2020-10-13 17:12:31.0]]></Field>
	<Field name="LastUser" type="java.lang.String"><![CDATA[SUNOPSIS_INSTALL]]></Field>
	<Field name="Name" type="java.lang.String"><![CDATA[SparkLoadCmdStreaming]]></Field>
	<Field name="TechnoName" type="java.lang.String"><![CDATA[SPARK_PYTHON]]></Field>
	<Field name="TemplateText" type="java.lang.String"><![CDATA[
{# INCLUDE = 'ImportModules' #}
{# IF ($[LOAD_FUNCTION] == 'jsonFile') #}
$[TGT_ALIAS] = $[STREAMING_CONTEXT].textFileStream(protocol+strLoc)
{# INCLUDE = 'SparkLoadCmdJsonStreamingCMPLX' #}

{# ELSIF ( ( $[TECHNOLOGY_TYPE] == 'HDFS' or $[TECHNOLOGY_TYPE] == 'ORACLE_OBJECT_STORAGE' or $[TECHNOLOGY_TYPE] == 'ORACLE_SCS') and $[LOAD_FUNCTION] == 'json') #}
$[TGT_ALIAS] = $[STREAMING_CONTEXT].textFileStream(protocol+strLoc)
{# INCLUDE = 'SparkLoadCmdJsonStreamingCMPLX' #}
{# ELSE #}
{# IF ($[LOAD_FUNCTION] == 'testDataStream') #}
{# INCLUDE = 'SparkLoadCmdTestDataStreaming' #}
{# ELSE #}
$[TGT_ALIAS] = $[STREAMING_CONTEXT].$[LOAD_FUNCTION]($[LOAD_FUNC_ARGS])
{# ENDIF #}
$[TGT_ALIAS] = $[TGT_ALIAS].filter(lambda x: x != None and len(x) > 0 )
{# IF ($[FIELD_SEP] != 'null') #}
$[TGT_ALIAS] =  $[TGT_ALIAS].map(lambda {# IF ($[KEY_SUPPORT] == 'true') #}(key,strLine): strLine.split("$[FIELD_SEP]"){# ELSE #}strLine: strLine.split("$[FIELD_SEP]"){# ENDIF #}){# IF ($[GENERATE_INPUT_SCHEMA_DEF] == 'true') #}.map(lambda data:Row($[INPUT_SCHEMA_DEF])){# ENDIF #}{# ENDIF #}
{# ENDIF #}
{# IF ($[TECHNOLOGY_TYPE] == 'KAFKA') #}
{# IF ($[FILE_FORMAT] == 'JSON') #}
$[TGT_ALIAS] = $[TGT_ALIAS].map(lambda (k, v): v)
{# INCLUDE = 'SparkLoadCmdJsonStreamingCMPLX' #}
{# ELSIF ($[FILE_FORMAT] == 'AVRO') #}
{# INCLUDE = 'SparkAvroComplexTypeLoad' #}
{# INCLUDE = 'SparkLoadCmdJsonStreamingCMPLX' #}
{# ENDIF #}
{# ENDIF #}
{# IF ($[SPARK_STREAMING_DEBUG] == 'true') #}
$[TGT_ALIAS].pprint()
{# ENDIF #}
    ]]></Field>
	<Field name="TemplateVersion" type="java.lang.String">null</Field>
</Object>
<Object class="com.sunopsis.dwg.dbobj.SnpTemplateJoin">
		<Field name="GlobalId" type="java.lang.String"><![CDATA[e3edb67d-f644-48dc-b2f0-664543b7a83e]]></Field>
	<Field name="IKmTemplate" type="com.sunopsis.sql.DbInt"><![CDATA[109]]></Field>
	<Field name="IKmTemplateRef" type="com.sunopsis.sql.DbInt"><![CDATA[110]]></Field>
</Object>
<Object class="com.sunopsis.dwg.dbobj.SnpTemplateJoin">
		<Field name="GlobalId" type="java.lang.String"><![CDATA[4a18fe3e-8012-49e5-84d7-57a2e0003595]]></Field>
	<Field name="IKmTemplate" type="com.sunopsis.sql.DbInt"><![CDATA[109]]></Field>
	<Field name="IKmTemplateRef" type="com.sunopsis.sql.DbInt"><![CDATA[126]]></Field>
</Object>
<Object class="com.sunopsis.dwg.dbobj.SnpTemplateJoin">
		<Field name="GlobalId" type="java.lang.String"><![CDATA[82e6bac4-d065-4bef-8826-b3b49c9cd38f]]></Field>
	<Field name="IKmTemplate" type="com.sunopsis.sql.DbInt"><![CDATA[109]]></Field>
	<Field name="IKmTemplateRef" type="com.sunopsis.sql.DbInt"><![CDATA[148]]></Field>
</Object>
<Object class="com.sunopsis.dwg.dbobj.SnpTemplateJoin">
		<Field name="GlobalId" type="java.lang.String"><![CDATA[2277070d-901e-497e-9ce6-2794d3f853af]]></Field>
	<Field name="IKmTemplate" type="com.sunopsis.sql.DbInt"><![CDATA[109]]></Field>
	<Field name="IKmTemplateRef" type="com.sunopsis.sql.DbInt"><![CDATA[149]]></Field>
</Object>
<Object class="com.sunopsis.dwg.dbobj.SnpTemplateJoin">
		<Field name="GlobalId" type="java.lang.String"><![CDATA[727fcd83-6dbe-4acc-98a5-5c7de3b833bc]]></Field>
	<Field name="IKmTemplate" type="com.sunopsis.sql.DbInt"><![CDATA[108]]></Field>
	<Field name="IKmTemplateRef" type="com.sunopsis.sql.DbInt"><![CDATA[109]]></Field>
</Object>
<Object class="com.sunopsis.dwg.dbobj.SnpFKXRef">
		<Field name="RefKey" type="java.lang.String"><![CDATA[SNP_KMTEMPLATE.109]]></Field>
	<Field name="RefObjGlobalId" type="java.lang.String"><![CDATA[fa46e276-2d00-11e6-9408-00163e1ffd72]]></Field>
 <Field name="RefObjFQName" type="java.lang.String"><![CDATA[SparkLoadCmdStreaming]]></Field>
 <Field name="RefObjFQType" type="java.lang.String"><![CDATA[SNP_KMTEMPLATE]]></Field>
 <Field name="RefObjFQNameLengths" type="java.lang.String"><![CDATA[21]]></Field>
</Object>
<Object class="com.sunopsis.dwg.dbobj.SnpFKXRef">
		<Field name="RefKey" type="java.lang.String"><![CDATA[SNP_KMTEMPLATE.110]]></Field>
	<Field name="RefObjGlobalId" type="java.lang.String"><![CDATA[fa46e2c6-2d00-11e6-940a-00163e1ffd72]]></Field>
 <Field name="RefObjFQName" type="java.lang.String"><![CDATA[SparkLoadCmdTestDataStreaming]]></Field>
 <Field name="RefObjFQType" type="java.lang.String"><![CDATA[SNP_KMTEMPLATE]]></Field>
 <Field name="RefObjFQNameLengths" type="java.lang.String"><![CDATA[29]]></Field>
</Object>
<Object class="com.sunopsis.dwg.dbobj.SnpFKXRef">
		<Field name="RefKey" type="java.lang.String"><![CDATA[SNP_KMTEMPLATE.126]]></Field>
	<Field name="RefObjGlobalId" type="java.lang.String"><![CDATA[fa46e974-2d00-11e6-941e-00163e1ffd72]]></Field>
 <Field name="RefObjFQName" type="java.lang.String"><![CDATA[ImportModules]]></Field>
 <Field name="RefObjFQType" type="java.lang.String"><![CDATA[SNP_KMTEMPLATE]]></Field>
 <Field name="RefObjFQNameLengths" type="java.lang.String"><![CDATA[13]]></Field>
</Object>
<Object class="com.sunopsis.dwg.dbobj.SnpFKXRef">
		<Field name="RefKey" type="java.lang.String"><![CDATA[SNP_KMTEMPLATE.148]]></Field>
	<Field name="RefObjGlobalId" type="java.lang.String"><![CDATA[45D20C96F57E0491E053E603C40AB7AF]]></Field>
 <Field name="RefObjFQName" type="java.lang.String"><![CDATA[SparkLoadCmdJsonStreamingCMPLX]]></Field>
 <Field name="RefObjFQType" type="java.lang.String"><![CDATA[SNP_KMTEMPLATE]]></Field>
 <Field name="RefObjFQNameLengths" type="java.lang.String"><![CDATA[30]]></Field>
</Object>
<Object class="com.sunopsis.dwg.dbobj.SnpFKXRef">
		<Field name="RefKey" type="java.lang.String"><![CDATA[SNP_KMTEMPLATE.149]]></Field>
	<Field name="RefObjGlobalId" type="java.lang.String"><![CDATA[47A0B8140117EC97E053E603C40A5096]]></Field>
 <Field name="RefObjFQName" type="java.lang.String"><![CDATA[SparkAvroComplexTypeLoad]]></Field>
 <Field name="RefObjFQType" type="java.lang.String"><![CDATA[SNP_KMTEMPLATE]]></Field>
 <Field name="RefObjFQNameLengths" type="java.lang.String"><![CDATA[24]]></Field>
</Object>
<Object class="com.sunopsis.dwg.dbobj.SnpFKXRef">
		<Field name="RefKey" type="java.lang.String"><![CDATA[SNP_KMTEMPLATE.108]]></Field>
	<Field name="RefObjGlobalId" type="java.lang.String"><![CDATA[fa46e24e-2d00-11e6-9407-00163e1ffd72]]></Field>
 <Field name="RefObjFQName" type="java.lang.String"><![CDATA[SparkLoadCmd]]></Field>
 <Field name="RefObjFQType" type="java.lang.String"><![CDATA[SNP_KMTEMPLATE]]></Field>
 <Field name="RefObjFQNameLengths" type="java.lang.String"><![CDATA[12]]></Field>
</Object>
<Object class="com.sunopsis.dwg.DwgExportSummary">
		<Field name="ExpTxtNb" type="com.sunopsis.sql.DbInt"><![CDATA[0]]></Field>
	<Field name="InstObjNb" type="com.sunopsis.sql.DbInt"><![CDATA[0]]></Field>
	<Field name="JoinColNb" type="com.sunopsis.sql.DbInt"><![CDATA[0]]></Field>
	<Field name="JoinNb" type="com.sunopsis.sql.DbInt"><![CDATA[0]]></Field>
	<Field name="KeyColNb" type="com.sunopsis.sql.DbInt"><![CDATA[0]]></Field>
	<Field name="KeyNb" type="com.sunopsis.sql.DbInt"><![CDATA[0]]></Field>
	<Field name="LinkDiagNb" type="com.sunopsis.sql.DbInt"><![CDATA[0]]></Field>
	<Field name="MorigTxtNb" type="com.sunopsis.sql.DbInt"><![CDATA[0]]></Field>
	<Field name="MtxtNb" type="com.sunopsis.sql.DbInt"><![CDATA[0]]></Field>
	<Field name="OrigTxtNb" type="com.sunopsis.sql.DbInt"><![CDATA[0]]></Field>
	<Field name="OtherObjectsNb" type="com.sunopsis.sql.DbInt"><![CDATA[6]]></Field>
	<Field name="PlanAgentNb" type="com.sunopsis.sql.DbInt"><![CDATA[0]]></Field>
	<Field name="StepNb" type="com.sunopsis.sql.DbInt"><![CDATA[0]]></Field>
	<Field name="TxtNb" type="com.sunopsis.sql.DbInt"><![CDATA[0]]></Field>
	<Field name="UeOrigNb" type="com.sunopsis.sql.DbInt"><![CDATA[0]]></Field>
	<Field name="UeUsedNb" type="com.sunopsis.sql.DbInt"><![CDATA[0]]></Field>
	<Field name="VarPlanAgentNb" type="com.sunopsis.sql.DbInt"><![CDATA[0]]></Field>
	<Field name="ScenTxtNb" type="com.sunopsis.sql.DbInt"><![CDATA[0]]></Field>
	<Field name="OdiVersion" type="java.lang.String"><![CDATA[12.2.1]]></Field>
	<Field name="OriginRepositoryID" type="com.sunopsis.sql.DbInt"><![CDATA[1]]></Field>
	<Field name="RepositoryVersion" type="java.lang.String"><![CDATA[05.02.02.09]]></Field>
</Object>
</SunopsisExport>
