<?xml version="1.0" encoding="UTF-8"?>
<SunopsisExport>
<Admin RepositoryVersion="05.02.02.09" IsLegacyIdCompatible="false" />
<Encryption algorithm="AES" keyLength="128" exportKeyHash="K8axc5WeJIqKrHW4v2BPeJRGDmV3JQi/h7uq/Ff1hkQ=" keyVect="IUw7m3J2mOOF8CtRtylJvw==" exportKeySalt="3715ecc2-c502-4b7f-bb8a-54e18f83d1c3" containsCipherText="false"/>
<Object class="com.sunopsis.dwg.dbobj.SnpKmTemplate">
		<Field name="FirstDate" type="java.sql.Timestamp"><![CDATA[2020-10-13 17:12:29.0]]></Field>
	<Field name="FirstUser" type="java.lang.String"><![CDATA[SUNOPSIS_INSTALL]]></Field>
	<Field name="GlobalId" type="java.lang.String"><![CDATA[fa46ec9e-2d00-11e6-942d-00163e1ffd72]]></Field>
	<Field name="IndChange" type="java.lang.String"><![CDATA[U]]></Field>
	<Field name="IndIsSeeded" type="java.lang.String"><![CDATA[1]]></Field>
	<Field name="IndLangTrans" type="java.lang.String"><![CDATA[1]]></Field>
	<Field name="IndReplNl" type="java.lang.String"><![CDATA[1]]></Field>
	<Field name="IntVersion" type="com.sunopsis.sql.DbInt"><![CDATA[2]]></Field>
	<Field name="IKmTemplate" type="com.sunopsis.sql.DbInt"><![CDATA[117]]></Field>
	<Field name="LangName" type="java.lang.String"><![CDATA[PYTHON]]></Field>
	<Field name="LastDate" type="java.sql.Timestamp"><![CDATA[2020-10-13 17:12:31.0]]></Field>
	<Field name="LastUser" type="java.lang.String"><![CDATA[SUNOPSIS_INSTALL]]></Field>
	<Field name="Name" type="java.lang.String"><![CDATA[SparkLookupCmd]]></Field>
	<Field name="TechnoName" type="java.lang.String"><![CDATA[SPARK_PYTHON]]></Field>
	<Field name="TemplateText" type="java.lang.String"><![CDATA[
{# IF ($[USE_DATAFRAMES] == 'true') #}
{# INCLUDE = 'SparkLookupCmdDF' #}
{# ELSE #}
{# IF ($[STREAMING_MODE] == 'true') #}
{# INCLUDE = 'SparkLookupCmdStreaming' #}
{# ELSE #}
{# IF ($[CACHE_BASED_ON_KEYS] == 'true' )#}
driverKeys = set( $[DRIVER_ALIAS].map(lambda $[DRIVER_ALIAS]:$[DRIVER_KEY]).collect())
$[LOOKUP_ALIAS] = loadLookupSource(sc, driverKeys)
{# ENDIF #}
lookupSource = $[LOOKUP_ALIAS]
lookupDriver = $[DRIVER_ALIAS]
{# IF ($[NO_MATCH] == 'DEFAULT_VALUES') #}
def defaultValue$[LOOKUP_POSTFIX]($[LOOKUP_RDD_SHAPE]): return $[DEFAULT_VALUE_CREATION]
{# ENDIF #}
{# IF ($[SIMPLE_EQUL_LOOKUP] == 'true') #}
lookupDriver = lookupDriver.keyBy(lambda $[DRIVER_RDD_SHAPE]: {# IF ($[SIMPLE_EQUL_LOOKUP] == 'true') #}$[DRIVER_KEY]{# ELSE #}None{# ENDIF #})
{# IF ($[SPARK_STREAMING_DEBUG] == 'true') #}
print("========= %s   : lookupDriver keyBy =========" % type(lookupDriver).__name__)
for line in lookupDriver.collect():
    print line
{# ENDIF #}
lookupSource = lookupSource.keyBy(lambda $[LOOKUP_RDD_SHAPE]: {# IF ($[SIMPLE_EQUL_LOOKUP] == 'true') #}$[LOOKUP_KEY]{# ELSE #}None{# ENDIF #})
{# IF ($[SPARK_STREAMING_DEBUG] == 'true') #}
print("========= %s   : lookupSource keyBy =========" % type(lookupSource).__name__)
for line in lookupSource.collect():
    print line
{# ENDIF #}
{# ENDIF #}
{# IF ($[IS_MAP_SIDE] == 'true') #}
lookupVariable$[LOOKUP_POSTFIX] = lookupSource.{# IF ($[SIMPLE_EQUL_LOOKUP] == 'true') #}groupByKey().collectAsMap(){# ELSE #}collect(){# ENDIF #}
{# IF ($[SPARK_STREAMING_DEBUG] == 'true') #}
print("========= %s   : lookupVariable$[LOOKUP_POSTFIX] =========" % type(lookupVariable$[LOOKUP_POSTFIX]).__name__)
if type(lookupVariable$[LOOKUP_POSTFIX]).__name__ == 'dict' :
  for k,v in lookupVariable$[LOOKUP_POSTFIX].iteritems() :
    print k
    for line in v:
      print line
else :
  for v in lookupVariable$[LOOKUP_POSTFIX] :
    print v
{# ENDIF #}
lookupVariable$[LOOKUP_POSTFIX] = sc.broadcast(lookupVariable$[LOOKUP_POSTFIX])
def joinFunc$[LOOKUP_POSTFIX](iterator):
  lookupMap = lookupVariable$[LOOKUP_POSTFIX].value
  for elem in iterator:
{# IF ($[SIMPLE_EQUL_LOOKUP] == 'true') #}
{# IF ($[NO_MATCH] == 'NO_ROW') #}
    yield (elem[1], lookupMap.get(elem[0]).data if  lookupMap.has_key(elem[0]) else [])
{# ELSE #}
    yield (elem[1], lookupMap.get(elem[0]).data if  lookupMap.has_key(elem[0]) else [defaultValue$[LOOKUP_POSTFIX](elem[1])])
{# ENDIF #}
{# ELSE #}
    $[DRIVER_RDD_SHAPE] = elem
    matchedLines = filter(lambda $[LOOKUP_RDD_SHAPE] : safeExpr(lambda : $[LOOKUP_COND] , False), lookupMap)
{# IF ($[NO_MATCH] == 'NO_ROW') #}
    yield (elem, matchedLines if len(matchedLines) > 0 else [])
{# ELSE #}
    yield (elem, matchedLines if len(matchedLines) > 0 else [defaultValue$[LOOKUP_POSTFIX](elem)])
{# ENDIF #}
{# ENDIF #}
lookupResult = lookupDriver.mapPartitions(joinFunc$[LOOKUP_POSTFIX]){# IF ($[NTHROW] == '-1') #}.flatMapValues(lambda l : l){# ENDIF #}
{# ELSE #}
{# IF ($[SIMPLE_EQUL_LOOKUP] == 'true') #}
{# IF ($[NO_MATCH] == 'NO_ROW') #}
lookupResult = lookupDriver.join(lookupSource{# IF ($[LEVEL_PARALLELISM] > '0') #}, $[LEVEL_PARALLELISM]{# ENDIF #}).mapValues(lambda line: (line[0],line[1])).map(lambda line: line[1])
{# ELSE #}
leftOuterJoinResult = lookupDriver.leftOuterJoin(lookupSource{# IF ($[LEVEL_PARALLELISM] > '0') #}, $[LEVEL_PARALLELISM]{# ENDIF #}).mapValues(lambda line: (line[0],line[1])).map(lambda line: line[1])
{# IF ($[SPARK_STREAMING_DEBUG] == 'true') #}
print("========= %s   : leftOuterJoinResult =========" % type(leftOuterJoinResult).__name__)
for line in leftOuterJoinResult.collect():
    print line
{# ENDIF #}
lookupResult = leftOuterJoinResult.map(lambda (d, l) : (d, l) if l != None else (d, defaultValue$[LOOKUP_POSTFIX](d)))
{# ENDIF #}
{# ELSE #}
cartesianResult = lookupDriver.cartesian(lookupSource)
leftOuterJoinResult = cartesianResult.filter(lambda ($[DRIVER_RDD_SHAPE],$[LOOKUP_RDD_SHAPE]): safeExpr(lambda : $[LOOKUP_COND], False))
{# IF ($[NO_MATCH] == 'NO_ROW') #}
lookupResult = leftOuterJoinResult
{# ELSE #}
subtrahend = leftOuterJoinResult.map(lambda line:line[0])
defaultResult = lookupDriver.subtract(subtrahend).map(lambda line:(line, defaultValue$[LOOKUP_POSTFIX](line)))
lookupResult = leftOuterJoinResult.union(defaultResult)
{# ENDIF #}
{# ENDIF #}
{# ENDIF #}
{# IF ($[NTHROW] != '-1') #}
{# IF ($[IS_MAP_SIDE] == 'false') #}
{# IF ($[SPARK_STREAMING_DEBUG] == 'true') #}
print "========== lookupResult before groupBy ====================================="
for line in lookupResult.collect() :
  print line
{# ENDIF #}
lookupResult = lookupResult.groupByKey().map(lambda (l, v) : (l, list(v)))
{# IF ($[SPARK_STREAMING_DEBUG] == 'true') #}
print "========== lookupResult after groupByKey ====================================="
for line in lookupResult.collect() :
  print "=========="
  print line[0]
  print "=========="
  for line_detail in line[1] :
    print line_detail
{# ENDIF #}
{# IF ($[ERROR_WHEN_MULTIPLE_ROW] == 'true') #}
def checkMultipleRows (v) :
  if len(v) > 1 :
    raise Exception('ODIKM-SPARK-LOOKUP-10000 : Multiple match rows fetched for one of the lookup keys. This exception is triggered because of your lookup component setting for Multiple Match Rows property as "Error : multiple rows will cause a mapping failure".')
  return v;
lookupResult = lookupResult.map(lambda (l, v) : (l, checkMultipleRows(v)))
{# ENDIF #}
{# IF ($[ANY_ROW] == 'false') #}
def sortMultipleRows$[LOOKUP_POSTFIX] (lst) :
  {# FOR ($[LOOKUP_RDD_SHAPES],$[ORDERBY_EXPRS],$[ORDERBY_TYPES_MAP_SIDE]) IN ($[LOOKUP_RDD_SHAPE_ONE],$[ORDERBY_EXPR],$[ORDERBY_TYPE]) SEP = '
  ' #}lst = sorted(lst, key=lambda $[LOOKUP_RDD_SHAPE_ONE]:safeExpr(lambda:$[ORDERBY_EXPR],None), reverse=$[ORDERBY_TYPE]){# ENDFOR #}
  return lst
lookupResult = lookupResult.map(lambda (l, v) : (l, sortMultipleRows$[LOOKUP_POSTFIX](v) if len(v)>1 else v))
{# IF ($[SPARK_STREAMING_DEBUG] == 'true') #}
print "========== lookupResult after sort ====================================="
for line in lookupResult.collect() :
  print "=========="
  print line[0]
  print "=========="
  for line_detail in line[1] :
    print line_detail
{# ENDIF #}
{# ENDIF #}
{# IF ($[RETURN_DEFAULT_IF_NTH_MISSING] == 'true') #}
$[TGT_ALIAS] = lookupResult.map(lambda (l, v) : (l, defaultValue$[LOOKUP_POSTFIX](l)) if len(v)==0 else {# IF ($[NTHROW] == '0') #}(l,v[len(v)-1]){# ELSE #}(l,v[$[NTHROW]-1]) if len(v)>=$[NTHROW] else (l, defaultValue$[LOOKUP_POSTFIX](l)){# ENDIF #})
{# ELSE #}
$[TGT_ALIAS] = lookupResult.map(lambda (l, v) : (l, defaultValue$[LOOKUP_POSTFIX](l)) if len(v)==0 else (l,v[0]) if len(v)==1 else {# IF ($[NTHROW] == '0') #}(l,v[len(v)-1]){# ELSE #}(l,v[$[NTHROW]-1]) if len(v)>=$[NTHROW] else (l, defaultValue$[LOOKUP_POSTFIX](l)){# ENDIF #})
{# ENDIF #}
{# ELSE #}
{# IF ($[ERROR_WHEN_MULTIPLE_ROW] == 'true') #}
def checkMultipleRows (v) :
  if len(v) > 1 :
    raise Exception('ODIKM-SPARK-LOOKUP-10000 : Multiple match rows fetched for one of the lookup keys. This exception is triggered because of your lookup component setting for Multiple Match Rows property as "Error : multiple rows will cause a mapping failure".')
  return v;
lookupResult = lookupResult.map(lambda (l, v) : (l, checkMultipleRows(v)))
{# ENDIF #}
{# IF ($[ANY_ROW] == 'false') #}
def sortMultipleRows$[LOOKUP_POSTFIX] (lst) :
  {# FOR ($[LOOKUP_RDD_SHAPES],$[ORDERBY_EXPRS],$[ORDERBY_TYPES_MAP_SIDE]) IN ($[LOOKUP_RDD_SHAPE_ONE],$[ORDERBY_EXPR],$[ORDERBY_TYPE]) SEP = '
  ' #}lst = sorted(lst, key=lambda $[LOOKUP_RDD_SHAPE_ONE]:safeExpr(lambda:$[ORDERBY_EXPR],None), reverse=$[ORDERBY_TYPE]){# ENDFOR #}
  return lst
lookupResult = lookupResult.map(lambda (l, v) : (l, sortMultipleRows$[LOOKUP_POSTFIX](v) if len(v)> 1 else v))
{# ENDIF #}
{# IF ($[RETURN_DEFAULT_IF_NTH_MISSING] == 'true') #}
$[TGT_ALIAS] = lookupResult.map(lambda (l, v) : (l, defaultValue$[LOOKUP_POSTFIX](l)) if len(v)==0 else {# IF ($[NTHROW] == '0') #}(l,v[len(v)-1]){# ELSE #}(l,v[$[NTHROW]-1]) if len(v)>=$[NTHROW] else (l, defaultValue$[LOOKUP_POSTFIX](l)){# ENDIF #})
{# ELSE #}
$[TGT_ALIAS] = lookupResult.map(lambda (l, v) : (l, defaultValue$[LOOKUP_POSTFIX](l)) if len(v)==0 else (l,v[0]) if len(v)==1 else {# IF ($[NTHROW] == '0') #}(l,v[len(v)-1]){# ELSE #}(l,v[$[NTHROW]-1]) if len(v)>=$[NTHROW] else (l, defaultValue$[LOOKUP_POSTFIX](l)){# ENDIF #})
{# ENDIF #}
{# ENDIF #}
{# ELSE #}
$[TGT_ALIAS] = lookupResult
{# ENDIF #}
{# ENDIF #}
{# INCLUDE = 'SparkPartitionRedistributeAndSort' #}
{# ENDIF #}
    ]]></Field>
	<Field name="TemplateVersion" type="java.lang.String">null</Field>
</Object>
<Object class="com.sunopsis.dwg.dbobj.SnpTemplateJoin">
		<Field name="GlobalId" type="java.lang.String"><![CDATA[4a1bcc2e-f882-477c-92a3-d19223065142]]></Field>
	<Field name="IKmTemplate" type="com.sunopsis.sql.DbInt"><![CDATA[117]]></Field>
	<Field name="IKmTemplateRef" type="com.sunopsis.sql.DbInt"><![CDATA[118]]></Field>
</Object>
<Object class="com.sunopsis.dwg.dbobj.SnpTemplateJoin">
		<Field name="GlobalId" type="java.lang.String"><![CDATA[faf5717e-9a62-4aa6-a187-c25b609321f9]]></Field>
	<Field name="IKmTemplate" type="com.sunopsis.sql.DbInt"><![CDATA[117]]></Field>
	<Field name="IKmTemplateRef" type="com.sunopsis.sql.DbInt"><![CDATA[144]]></Field>
</Object>
<Object class="com.sunopsis.dwg.dbobj.SnpTemplateJoin">
		<Field name="GlobalId" type="java.lang.String"><![CDATA[6018d2d5-ed16-4df0-9b06-b5e880373cbb]]></Field>
	<Field name="IKmTemplate" type="com.sunopsis.sql.DbInt"><![CDATA[117]]></Field>
	<Field name="IKmTemplateRef" type="com.sunopsis.sql.DbInt"><![CDATA[172]]></Field>
</Object>
<Object class="com.sunopsis.dwg.dbobj.SnpTemplateJoin">
		<Field name="GlobalId" type="java.lang.String"><![CDATA[fc23ad74-3721-45cd-b46f-68844ef456f9]]></Field>
	<Field name="IKmTemplate" type="com.sunopsis.sql.DbInt"><![CDATA[117]]></Field>
	<Field name="IKmTemplateRef" type="com.sunopsis.sql.DbInt"><![CDATA[176]]></Field>
</Object>
<Object class="com.sunopsis.dwg.dbobj.SnpKmTemplateJoin">
		<Field name="GlobalId" type="java.lang.String"><![CDATA[6d06fa43-cae4-4329-8fad-ce7d95bb5a2d]]></Field>
	<Field name="ISnpKmTemplate" type="com.sunopsis.sql.DbInt"><![CDATA[117]]></Field>
	<Field name="ISnpTrt" type="com.sunopsis.sql.DbInt"><![CDATA[151]]></Field>
</Object>
<Object class="com.sunopsis.dwg.dbobj.SnpKmTemplateJoin">
		<Field name="GlobalId" type="java.lang.String"><![CDATA[98b6a2ce-b173-4528-af99-e1a18bafa83c]]></Field>
	<Field name="ISnpKmTemplate" type="com.sunopsis.sql.DbInt"><![CDATA[117]]></Field>
	<Field name="ISnpTrt" type="com.sunopsis.sql.DbInt"><![CDATA[165]]></Field>
</Object>
<Object class="com.sunopsis.dwg.dbobj.SnpKmTemplateJoin">
		<Field name="GlobalId" type="java.lang.String"><![CDATA[c978dd0a-aab2-4dac-907e-52cd163f9331]]></Field>
	<Field name="ISnpKmTemplate" type="com.sunopsis.sql.DbInt"><![CDATA[117]]></Field>
	<Field name="ISnpTrt" type="com.sunopsis.sql.DbInt"><![CDATA[143]]></Field>
</Object>
<Object class="com.sunopsis.dwg.dbobj.SnpKmTemplateJoin">
		<Field name="GlobalId" type="java.lang.String"><![CDATA[1f35471e-97de-428d-b004-1858ee29d2be]]></Field>
	<Field name="ISnpKmTemplate" type="com.sunopsis.sql.DbInt"><![CDATA[117]]></Field>
	<Field name="ISnpTrt" type="com.sunopsis.sql.DbInt"><![CDATA[137]]></Field>
</Object>
<Object class="com.sunopsis.dwg.dbobj.SnpKmTemplateJoin">
		<Field name="GlobalId" type="java.lang.String"><![CDATA[9bdd9a48-6a28-41b4-b198-c18a45701051]]></Field>
	<Field name="ISnpKmTemplate" type="com.sunopsis.sql.DbInt"><![CDATA[117]]></Field>
	<Field name="ISnpTrt" type="com.sunopsis.sql.DbInt"><![CDATA[144]]></Field>
</Object>
<Object class="com.sunopsis.dwg.dbobj.SnpKmTemplateJoin">
		<Field name="GlobalId" type="java.lang.String"><![CDATA[5b46f59f-ea4f-4357-9154-9d0765687355]]></Field>
	<Field name="ISnpKmTemplate" type="com.sunopsis.sql.DbInt"><![CDATA[117]]></Field>
	<Field name="ISnpTrt" type="com.sunopsis.sql.DbInt"><![CDATA[142]]></Field>
</Object>
<Object class="com.sunopsis.dwg.dbobj.SnpKmTemplateJoin">
		<Field name="GlobalId" type="java.lang.String"><![CDATA[1b778f47-dbe3-4863-b917-7414efa32ff9]]></Field>
	<Field name="ISnpKmTemplate" type="com.sunopsis.sql.DbInt"><![CDATA[117]]></Field>
	<Field name="ISnpTrt" type="com.sunopsis.sql.DbInt"><![CDATA[146]]></Field>
</Object>
<Object class="com.sunopsis.dwg.dbobj.SnpKmTemplateJoin">
		<Field name="GlobalId" type="java.lang.String"><![CDATA[b7c9552d-c48e-4aa8-842b-3982d8eff352]]></Field>
	<Field name="ISnpKmTemplate" type="com.sunopsis.sql.DbInt"><![CDATA[117]]></Field>
	<Field name="ISnpTrt" type="com.sunopsis.sql.DbInt"><![CDATA[150]]></Field>
</Object>
<Object class="com.sunopsis.dwg.dbobj.SnpKmTemplateJoin">
		<Field name="GlobalId" type="java.lang.String"><![CDATA[c8a9ebcb-2bf0-49d3-bf31-a0fc49fe8329]]></Field>
	<Field name="ISnpKmTemplate" type="com.sunopsis.sql.DbInt"><![CDATA[117]]></Field>
	<Field name="ISnpTrt" type="com.sunopsis.sql.DbInt"><![CDATA[148]]></Field>
</Object>
<Object class="com.sunopsis.dwg.dbobj.SnpFKXRef">
		<Field name="RefKey" type="java.lang.String"><![CDATA[SNP_KMTEMPLATE.117]]></Field>
	<Field name="RefObjGlobalId" type="java.lang.String"><![CDATA[fa46ec9e-2d00-11e6-942d-00163e1ffd72]]></Field>
 <Field name="RefObjFQName" type="java.lang.String"><![CDATA[SparkLookupCmd]]></Field>
 <Field name="RefObjFQType" type="java.lang.String"><![CDATA[SNP_KMTEMPLATE]]></Field>
 <Field name="RefObjFQNameLengths" type="java.lang.String"><![CDATA[14]]></Field>
</Object>
<Object class="com.sunopsis.dwg.dbobj.SnpFKXRef">
		<Field name="RefKey" type="java.lang.String"><![CDATA[SNP_KMTEMPLATE.118]]></Field>
	<Field name="RefObjGlobalId" type="java.lang.String"><![CDATA[fa46ecd0-2d00-11e6-942e-00163e1ffd72]]></Field>
 <Field name="RefObjFQName" type="java.lang.String"><![CDATA[SparkLookupCmdStreaming]]></Field>
 <Field name="RefObjFQType" type="java.lang.String"><![CDATA[SNP_KMTEMPLATE]]></Field>
 <Field name="RefObjFQNameLengths" type="java.lang.String"><![CDATA[23]]></Field>
</Object>
<Object class="com.sunopsis.dwg.dbobj.SnpFKXRef">
		<Field name="RefKey" type="java.lang.String"><![CDATA[SNP_KMTEMPLATE.144]]></Field>
	<Field name="RefObjGlobalId" type="java.lang.String"><![CDATA[97fe9946-a4d5-4618-a15a-8d5b13a74326]]></Field>
 <Field name="RefObjFQName" type="java.lang.String"><![CDATA[SparkPartitionRedistributeAndSort]]></Field>
 <Field name="RefObjFQType" type="java.lang.String"><![CDATA[SNP_KMTEMPLATE]]></Field>
 <Field name="RefObjFQNameLengths" type="java.lang.String"><![CDATA[33]]></Field>
</Object>
<Object class="com.sunopsis.dwg.dbobj.SnpFKXRef">
		<Field name="RefKey" type="java.lang.String"><![CDATA[SNP_KMTEMPLATE.172]]></Field>
	<Field name="RefObjGlobalId" type="java.lang.String"><![CDATA[c5f54dca-279c-4de1-a552-1e270cbca8f8]]></Field>
 <Field name="RefObjFQName" type="java.lang.String"><![CDATA[SparkLookupCmdDF]]></Field>
 <Field name="RefObjFQType" type="java.lang.String"><![CDATA[SNP_KMTEMPLATE]]></Field>
 <Field name="RefObjFQNameLengths" type="java.lang.String"><![CDATA[16]]></Field>
</Object>
<Object class="com.sunopsis.dwg.dbobj.SnpFKXRef">
		<Field name="RefKey" type="java.lang.String"><![CDATA[SNP_KMTEMPLATE.176]]></Field>
	<Field name="RefObjGlobalId" type="java.lang.String"><![CDATA[0519558e-4d77-490a-bacb-69b2a2b2fad5]]></Field>
 <Field name="RefObjFQName" type="java.lang.String"><![CDATA[SparkPartitionRedistributeAndSortDF]]></Field>
 <Field name="RefObjFQType" type="java.lang.String"><![CDATA[SNP_KMTEMPLATE]]></Field>
 <Field name="RefObjFQNameLengths" type="java.lang.String"><![CDATA[35]]></Field>
</Object>
<Object class="com.sunopsis.dwg.dbobj.SnpFKXRef">
		<Field name="RefKey" type="java.lang.String"><![CDATA[SNP_TRT.151]]></Field>
	<Field name="RefObjGlobalId" type="java.lang.String"><![CDATA[28C4768839C04BAEE053CCC0E40AAAF7]]></Field>
 <Field name="RefObjFQName" type="java.lang.String"><![CDATA[LKM Spark to Cassandra]]></Field>
 <Field name="RefObjFQType" type="java.lang.String"><![CDATA[SNP_TRT]]></Field>
 <Field name="RefObjFQNameLengths" type="java.lang.String"><![CDATA[22]]></Field>
</Object>
<Object class="com.sunopsis.dwg.dbobj.SnpFKXRef">
		<Field name="RefKey" type="java.lang.String"><![CDATA[SNP_TRT.165]]></Field>
	<Field name="RefObjGlobalId" type="java.lang.String"><![CDATA[310d86cf-27e0-48c0-ae73-82685449bcce]]></Field>
 <Field name="RefObjFQName" type="java.lang.String"><![CDATA[IKM Spark Table Function]]></Field>
 <Field name="RefObjFQType" type="java.lang.String"><![CDATA[SNP_TRT]]></Field>
 <Field name="RefObjFQNameLengths" type="java.lang.String"><![CDATA[24]]></Field>
</Object>
<Object class="com.sunopsis.dwg.dbobj.SnpFKXRef">
		<Field name="RefKey" type="java.lang.String"><![CDATA[SNP_TRT.143]]></Field>
	<Field name="RefObjGlobalId" type="java.lang.String"><![CDATA[dc7106dd-f608-4749-bd72-076f94908725]]></Field>
 <Field name="RefObjFQName" type="java.lang.String"><![CDATA[LKM Spark to Object Storage]]></Field>
 <Field name="RefObjFQType" type="java.lang.String"><![CDATA[SNP_TRT]]></Field>
 <Field name="RefObjFQNameLengths" type="java.lang.String"><![CDATA[27]]></Field>
</Object>
<Object class="com.sunopsis.dwg.dbobj.SnpFKXRef">
		<Field name="RefKey" type="java.lang.String"><![CDATA[SNP_TRT.137]]></Field>
	<Field name="RefObjGlobalId" type="java.lang.String"><![CDATA[1986feab-eca2-4f5a-96a8-ecf827ac7cda]]></Field>
 <Field name="RefObjFQName" type="java.lang.String"><![CDATA[LKM Spark to File]]></Field>
 <Field name="RefObjFQType" type="java.lang.String"><![CDATA[SNP_TRT]]></Field>
 <Field name="RefObjFQNameLengths" type="java.lang.String"><![CDATA[17]]></Field>
</Object>
<Object class="com.sunopsis.dwg.dbobj.SnpFKXRef">
		<Field name="RefKey" type="java.lang.String"><![CDATA[SNP_TRT.144]]></Field>
	<Field name="RefObjGlobalId" type="java.lang.String"><![CDATA[995beb67-0645-4aa4-bb49-5bce5ab0c79a]]></Field>
 <Field name="RefObjFQName" type="java.lang.String"><![CDATA[LKM Spark to Storage Cloud Service]]></Field>
 <Field name="RefObjFQType" type="java.lang.String"><![CDATA[SNP_TRT]]></Field>
 <Field name="RefObjFQNameLengths" type="java.lang.String"><![CDATA[34]]></Field>
</Object>
<Object class="com.sunopsis.dwg.dbobj.SnpFKXRef">
		<Field name="RefKey" type="java.lang.String"><![CDATA[SNP_TRT.142]]></Field>
	<Field name="RefObjGlobalId" type="java.lang.String"><![CDATA[2B7D95B0B8A32C45E053E603C40A5DCB]]></Field>
 <Field name="RefObjFQName" type="java.lang.String"><![CDATA[LKM Spark to HDFS]]></Field>
 <Field name="RefObjFQType" type="java.lang.String"><![CDATA[SNP_TRT]]></Field>
 <Field name="RefObjFQNameLengths" type="java.lang.String"><![CDATA[17]]></Field>
</Object>
<Object class="com.sunopsis.dwg.dbobj.SnpFKXRef">
		<Field name="RefKey" type="java.lang.String"><![CDATA[SNP_TRT.146]]></Field>
	<Field name="RefObjGlobalId" type="java.lang.String"><![CDATA[c2f113d5-e22b-4237-b25c-545872875536]]></Field>
 <Field name="RefObjFQName" type="java.lang.String"><![CDATA[LKM Spark to Hive]]></Field>
 <Field name="RefObjFQType" type="java.lang.String"><![CDATA[SNP_TRT]]></Field>
 <Field name="RefObjFQNameLengths" type="java.lang.String"><![CDATA[17]]></Field>
</Object>
<Object class="com.sunopsis.dwg.dbobj.SnpFKXRef">
		<Field name="RefKey" type="java.lang.String"><![CDATA[SNP_TRT.150]]></Field>
	<Field name="RefObjGlobalId" type="java.lang.String"><![CDATA[1FD1D82B9F005A53E053CCC0E40AC733]]></Field>
 <Field name="RefObjFQName" type="java.lang.String"><![CDATA[LKM Spark to SQL]]></Field>
 <Field name="RefObjFQType" type="java.lang.String"><![CDATA[SNP_TRT]]></Field>
 <Field name="RefObjFQNameLengths" type="java.lang.String"><![CDATA[16]]></Field>
</Object>
<Object class="com.sunopsis.dwg.dbobj.SnpFKXRef">
		<Field name="RefKey" type="java.lang.String"><![CDATA[SNP_TRT.148]]></Field>
	<Field name="RefObjGlobalId" type="java.lang.String"><![CDATA[dabbcab5-caeb-423c-b6f2-bfb106747464]]></Field>
 <Field name="RefObjFQName" type="java.lang.String"><![CDATA[LKM Spark to Kafka]]></Field>
 <Field name="RefObjFQType" type="java.lang.String"><![CDATA[SNP_TRT]]></Field>
 <Field name="RefObjFQNameLengths" type="java.lang.String"><![CDATA[18]]></Field>
</Object>
<Object class="com.sunopsis.dwg.DwgExportSummary">
		<Field name="ExpTxtNb" type="com.sunopsis.sql.DbInt"><![CDATA[0]]></Field>
	<Field name="InstObjNb" type="com.sunopsis.sql.DbInt"><![CDATA[0]]></Field>
	<Field name="JoinColNb" type="com.sunopsis.sql.DbInt"><![CDATA[0]]></Field>
	<Field name="JoinNb" type="com.sunopsis.sql.DbInt"><![CDATA[0]]></Field>
	<Field name="KeyColNb" type="com.sunopsis.sql.DbInt"><![CDATA[0]]></Field>
	<Field name="KeyNb" type="com.sunopsis.sql.DbInt"><![CDATA[0]]></Field>
	<Field name="LinkDiagNb" type="com.sunopsis.sql.DbInt"><![CDATA[0]]></Field>
	<Field name="MorigTxtNb" type="com.sunopsis.sql.DbInt"><![CDATA[0]]></Field>
	<Field name="MtxtNb" type="com.sunopsis.sql.DbInt"><![CDATA[0]]></Field>
	<Field name="OrigTxtNb" type="com.sunopsis.sql.DbInt"><![CDATA[0]]></Field>
	<Field name="OtherObjectsNb" type="com.sunopsis.sql.DbInt"><![CDATA[14]]></Field>
	<Field name="PlanAgentNb" type="com.sunopsis.sql.DbInt"><![CDATA[0]]></Field>
	<Field name="StepNb" type="com.sunopsis.sql.DbInt"><![CDATA[0]]></Field>
	<Field name="TxtNb" type="com.sunopsis.sql.DbInt"><![CDATA[0]]></Field>
	<Field name="UeOrigNb" type="com.sunopsis.sql.DbInt"><![CDATA[0]]></Field>
	<Field name="UeUsedNb" type="com.sunopsis.sql.DbInt"><![CDATA[0]]></Field>
	<Field name="VarPlanAgentNb" type="com.sunopsis.sql.DbInt"><![CDATA[0]]></Field>
	<Field name="ScenTxtNb" type="com.sunopsis.sql.DbInt"><![CDATA[0]]></Field>
	<Field name="OdiVersion" type="java.lang.String"><![CDATA[12.2.1]]></Field>
	<Field name="OriginRepositoryID" type="com.sunopsis.sql.DbInt"><![CDATA[1]]></Field>
	<Field name="RepositoryVersion" type="java.lang.String"><![CDATA[05.02.02.09]]></Field>
</Object>
</SunopsisExport>
