<?xml version="1.0" encoding="UTF-8"?>
<SunopsisExport>
<Admin RepositoryVersion="05.02.02.09" IsLegacyIdCompatible="false" />
<Encryption algorithm="AES" keyLength="128" exportKeyHash="HszpbuZYHB9EWpI+RX85p2ipJzLnQH9ukm5lXL9YJBk=" keyVect="fVP/M+iyb9MCDhB7KMWabw==" exportKeySalt="e032bd85-6b47-4404-aa8b-83313b1cf95b" containsCipherText="false"/>
<Object class="com.sunopsis.dwg.dbobj.SnpTrt">
		<Field name="CleanupOnError" type="java.lang.String">null</Field>
	<Field name="CompType" type="java.lang.String"><![CDATA[AGGREGATE]]></Field>
	<Field name="DelegateClass" type="java.lang.String"><![CDATA[XKM_Spark_Aggregate]]></Field>
	<Field name="DelegateScript" type="java.lang.String"><![CDATA[
import oracle.odi.domain.odireference.*
import oracle.odi.domain.adapter.*
import oracle.odi.domain.adapter.topology.*
import oracle.odi.domain.adapter.relational.*
import oracle.odi.domain.adapter.project.*
import oracle.odi.domain.adapter.project.IKnowledgeModule.ProcessingType
import oracle.odi.domain.mapping.*
import oracle.odi.domain.mapping.component.*
import oracle.odi.domain.mapping.physical.*
import oracle.odi.domain.mapping.generator.*
import oracle.odi.domain.mapping.expression.*
import oracle.odi.mapping.generation.spark.*
import oracle.odi.mapping.generation.AbstractSyntaxTree.ASTProducerMethod;
import oracle.odi.domain.mapping.generator.KMGeneratorDelegateRegistry.GeneratorDelegateClass;

	
	@GeneratorDelegateClass(componentType=AggregateComponent.COMPONENT_TYPE_NAME, descriptionKey="GeneratorDelegateClass.SparkAggregateCompKM")
	public class XKM_Spark_Aggregate extends SparkKM {

		@ASTProducerMethod(processingType=ProcessingType.SOURCE,producedASTType=SparkScript.class, styleKey="ProcessingStyleKey.SparkAggregate.SELECT")
		SparkScript SELECT(SparkScript inputScript) {
		
			supportDataFrames('XKM Spark Aggregate', true);

			String windowing = getOptionValue("WINDOW_AGGREGATION")
			
			if (windowing != null && windowing != "") {
			  if (!inputScript.isCheckpointEnabled() && Boolean.valueOf(windowing)) {
			    throw new OdiKMException("ODIKM-SPARK-AGGR-10000 : Checkpointing must be enabled when WINDOW_AGGREGATION = true. Set Spark execution unit EKM option spark.checkpointing = True to enable checkpointing.")
			  }
			}
			
			String stateful = getOptionValue("STATEFUL_AGGREGATION")
			
			if (stateful != null && stateful != "") {
			  if (!inputScript.isCheckpointEnabled() && Boolean.valueOf(stateful)) {
			    throw new OdiKMException("ODIKM-SPARK-AGGR-10001 : Checkpointing must be enabled when STATEFUL_AGGREGATION = true. Set Spark execution unit EKM option spark.checkpointing = True to enable checkpointing.")
			  }
			}
		
			SparkGroupCmd groupCmd = new SparkGroupCmd(physicalNode.getTemplateUtils(), physicalNode);
			groupCmd.setAllAggFunctions(physicalNode.getExecutionUnit().getExecutionTechnology().getAggregateFunctionList());

			AggregateComponent aggrComp = (AggregateComponent)component;

			List<MapExpression> groupByExprs = new ArrayList<MapExpression>();
			List<String> groupByAliases = new ArrayList<String>();
			List<MapExpression> directMapExprs = new ArrayList<MapExpression>();
			List<String> directMapAliases = new ArrayList<String>();
			List<MapExpression> simpleAggrExprs = new ArrayList<MapExpression>();
			List<String> simpleAggrFuncs = new ArrayList<String>();
			List<String> simpleAggrAliases = new ArrayList<String>();
			List<MapExpression> complexAggrExprs = new ArrayList<MapExpression>();
			List<String> complexAggrAliases = new ArrayList<String>();
			List<MapExpression> allAggrExprs = new ArrayList<MapExpression>();
			List<String> allAggrAliases = new ArrayList<String>();
			
			int groupby = 0;
			int simpleAggr = 0;
			int complexAggr = 0;
			int directMap = 0;
			int allAggr = 0;
			
			for (MapAttribute attr : aggrComp.getAttributes()) {
				boolean isGroupFunction = false;
				String groupByOption = attr.isGroupFunction().toUpperCase();
				// if the option is AUTO, we try to figure out whether the attribute is in the group by clause, else use the user set yes or no value an attribute must be in the group by if it does NOT participate in an aggregation.
				if (groupByOption.equals("AUTO")) {
					def containsAggregate = attr.getExpression().containsAggregationFunction(physicalNode.getExecutionUnit().getExecutionTechnology())
					if (!containsAggregate) {
					  // check if lower case aggregate function has been used by error
					  def clonedExpr = attr.getExpression().clone()
					  clonedExpr.setText(clonedExpr.getText().toUpperCase())
					  if (clonedExpr.containsAggregationFunction(physicalNode.getExecutionUnit().getExecutionTechnology()))  {
					    if (isDataFramesEnabled ()) {
						isGroupFunction = false
					    } else {
						throw new OdiKMException("ERROR : Attribute expression " + attr.getExpression().getText() + " contains lower case aggregate function call. Aggregate functions must be in upper case.")
					    }
					  } else {
						isGroupFunction = true
					  }
					} else {
                                  isGroupFunction = false
					}
					
				} else if (groupByOption.equals("YES")) {
					isGroupFunction = true;
				}

				if (isGroupFunction) { //group by
					if (attr.getDataType() != null && attr.getDataType().getName().toUpperCase().equals("COMPLEX")) {
					  throw new OdiKMException("ERROR : Complex type attribute " + attr.getName() + " cannot be part of Group By clause, set Group By to No.")
					}
					groupByExprs.add(attr.getExpression());
					groupByAliases.add(attr.getName());
					groupby++;
				} else {
					if (attr.getExpression().containsAggregationFunction(physicalNode.getExecutionUnit().getExecutionTechnology())) {
											
						String exprText = attr.getExpression().getText();
						//Simple expression
						if (attr.getExpression().getFunctionCallList().size() == 1 && exprText.matches(/^[a-zA-Z]+\(([^)]*)\)$/)) {							
							simpleAggrExprs.add(new MapExpression(attr, exprText.substring(exprText.indexOf("(") + 1, exprText.length()-1)));
							simpleAggrFuncs.add(exprText.substring(0, exprText.indexOf("(")));
							simpleAggrAliases.add(attr.getName());
							simpleAggr++;
						} else {
							complexAggrExprs.add(attr.getExpression());
							complexAggrAliases.add(attr.getName());
							complexAggr++;
						}
					} else { 
						// check if lower case aggregate function has been used by error
						def clonedExpr = attr.getExpression().clone()                                              
						clonedExpr.setText(clonedExpr.getText().toUpperCase())
						if (clonedExpr.containsAggregationFunction(physicalNode.getExecutionUnit().getExecutionTechnology()) && !isDataFramesEnabled ())  {
						    throw new OdiKMException("ERROR : Attribute expression " + attr.getExpression().getText() + " contains lower case aggregate function call. Aggregate functions must be in upper case.")
						} else {
						  // direct map
						  directMapExprs.add(attr.getExpression());
						  directMapAliases.add(attr.getName());
						  directMap++;
						}
					}					
				}
				allAggrExprs.add(attr.getExpression());
				allAggrAliases.add(attr.getName());
				allAggr++;
			}

			if (groupby > 0) {
				groupCmd.setGroupByExprs(groupByExprs);
				groupCmd.setGroupByAliases(groupByAliases);
			} else {
				groupCmd.setGroupByExprs(null);
				groupCmd.setGroupByAliases(null);
			}
			if (simpleAggr > 0) {
				groupCmd.setSimpleAggrExprs(simpleAggrExprs);
				groupCmd.setSimpleAggrFuncs(simpleAggrFuncs);
				groupCmd.setSimpleAggrAliases(simpleAggrAliases);
			} else {
				groupCmd.setSimpleAggrExprs(null);
				groupCmd.setSimpleAggrFuncs(null);
				groupCmd.setSimpleAggrAliases(null);
			}

			if (complexAggr > 0) {
				groupCmd.setComplexAggrExprs(complexAggrExprs);
				groupCmd.setComplexAggrAliases(complexAggrAliases);
			} else {
				groupCmd.setComplexAggrExprs(null);
				groupCmd.setComplexAggrAliases(null);
			}
			
			if (allAggr > 0) {
				groupCmd.setAllAggrExprs(allAggrExprs);
				groupCmd.setAllAggrAliases(allAggrAliases);
			} else {
				groupCmd.setAllAggrExprs(null);
				groupCmd.setAllAggrAliases(null);
			}
			
			if (directMap > 0) {
				groupCmd.setDirectMapExprs(directMapExprs);
				groupCmd.setDirectMapAliases(directMapAliases);
			} else {
				groupCmd.setDirectMapExprs(null);
				groupCmd.setDirectMapAliases(null);
			}

			//having condition
			String havingCond = aggrComp.getHavingText();
			if (havingCond == null || havingCond.length() == 0) {
				groupCmd.setHavingCond(null);
			} else {
				groupCmd.setHavingCond(aggrComp.getHaving());
			}
			
			//manual group by clause
			MapExpression manualGroupBy = aggrComp.getManualGroupBy();
			groupCmd.setManualGroupBy(manualGroupBy);
			
			groupCmd.setUseSQLExpressions(getOptionValue("SQL_EXPRESSIONS").equalsIgnoreCase("true") ? true : false)
   
			// Processes WINDOW_AGGREGATION, WINDOWING, WINDOW_LENGTH, and SLIDING_INTERVAL options
			groupCmd.setWindowingValues(groupCmd);
  	
			//set STATEFUL_AGGREGATION option
			def statefulOption = physicalNode.getOptionValue(oracle.odi.domain.adapter.project.IKnowledgeModule.ProcessingType.SOURCE, "STATEFUL_AGGREGATION");
			if (statefulOption != null) {
			  def statefulOptionValue = statefulOption.getOptionValue().toString();
			  if (statefulOptionValue.length() > 0)
				groupCmd.enableStateful(Boolean.valueOf(statefulOptionValue));
			}
  
			//set FORWARD_ONLY_UPDATED_ROWS option
			def updatesOnlyOption = physicalNode.getOptionValue(oracle.odi.domain.adapter.project.IKnowledgeModule.ProcessingType.SOURCE, "FORWARD_ONLY_UPDATED_ROWS");
			if (updatesOnlyOption != null) {
			  def updatesOnlyOptionValue = updatesOnlyOption.getOptionValue().toString();
			  if (updatesOnlyOptionValue.length() > 0)
				groupCmd.enableUpdatesOnly(Boolean.valueOf(updatesOnlyOptionValue));
			}
  
			//set STATE_RETENTION_PERIOD option
			def retentionOption = physicalNode.getOptionValue(oracle.odi.domain.adapter.project.IKnowledgeModule.ProcessingType.SOURCE, "STATE_RETENTION_PERIOD");
			if (retentionOption != null) {
			  def retentionOptionValue = retentionOption.getOptionValue().toString();
			  if (retentionOptionValue.length() > 0) {
				groupCmd.setStateRetention(Integer.valueOf(retentionOptionValue));
			  } else {
  				groupCmd.setStateRetention(0);
			  } 
			}
  	              
			List<SparkScript> scripts = new ArrayList<SparkScript>(1);
			scripts.add(inputScript); 

			SparkScript groupScript = new SparkScript(inputScript.getTemplateUtils(), scripts);
			groupScript.addChild(groupCmd);

			return groupScript;
		}
	}
]]></Field>
	<Field name="ExpectedAstClass" type="java.lang.String">null</Field>
	<Field name="ExtVersion" type="java.lang.String">null</Field>
	<Field name="FirstDate" type="java.sql.Timestamp"><![CDATA[2020-10-13 17:12:38.0]]></Field>
	<Field name="FirstUser" type="java.lang.String"><![CDATA[SUNOPSIS_INSTALL]]></Field>
	<Field name="GlobalId" type="java.lang.String"><![CDATA[9C0898F7-F47B-4614-9515-8429C3D5DF06]]></Field>
	<Field name="IndChange" type="java.lang.String">null</Field>
	<Field name="IndExcludeExUnitBegin" type="java.lang.String"><![CDATA[0]]></Field>
	<Field name="IndExcludeExUnitEnd" type="java.lang.String"><![CDATA[0]]></Field>
	<Field name="IndExcludeExUnitMain" type="java.lang.String"><![CDATA[0]]></Field>
	<Field name="IndExcludeMapBegin" type="java.lang.String"><![CDATA[0]]></Field>
	<Field name="IndExcludeMapCleanup" type="java.lang.String"><![CDATA[0]]></Field>
	<Field name="IndExcludeMapEnd" type="java.lang.String"><![CDATA[0]]></Field>
	<Field name="IndGenerateLoad" type="java.lang.String"><![CDATA[1]]></Field>
	<Field name="IndIsHidden" type="java.lang.String"><![CDATA[0]]></Field>
	<Field name="IndJrnMethod" type="java.lang.String">null</Field>
	<Field name="IndSuppSetBased" type="java.lang.String"><![CDATA[0]]></Field>
	<Field name="IntgType" type="java.lang.String"><![CDATA[SELECT]]></Field>
	<Field name="IntVersion" type="com.sunopsis.sql.DbInt"><![CDATA[1]]></Field>
	<Field name="IsConcurrent" type="java.lang.String">null</Field>
	<Field name="IsSeeded" type="java.lang.String"><![CDATA[1]]></Field>
	<Field name="IBaseCompKm" type="com.sunopsis.sql.DbInt"><![CDATA[133]]></Field>
	<Field name="IFolder" type="com.sunopsis.sql.DbInt"><![CDATA[null]]></Field>
	<Field name="IProject" type="com.sunopsis.sql.DbInt"><![CDATA[null]]></Field>
	<Field name="IScBaseTrt" type="com.sunopsis.sql.DbInt"><![CDATA[null]]></Field>
	<Field name="IScOrigTrt" type="com.sunopsis.sql.DbInt"><![CDATA[null]]></Field>
	<Field name="IScTrt" type="com.sunopsis.sql.DbInt"><![CDATA[null]]></Field>
	<Field name="ITrt" type="com.sunopsis.sql.DbInt"><![CDATA[152]]></Field>
	<Field name="ITxtDelTxt" type="com.sunopsis.sql.DbInt"><![CDATA[null]]></Field>
	<Field name="ITxtTrtTxt" type="com.sunopsis.sql.DbInt"><![CDATA[965]]></Field>
	<Field name="KimMultiDserver" type="java.lang.String"><![CDATA[0]]></Field>
	<Field name="KmDefault" type="java.lang.String"><![CDATA[0]]></Field>
	<Field name="KmLang" type="java.lang.String"><![CDATA[PYTHON]]></Field>
	<Field name="KmSrcLang" type="java.lang.String">null</Field>
	<Field name="KmSrcTechno" type="java.lang.String">null</Field>
	<Field name="KmTechno" type="java.lang.String"><![CDATA[SPARK_PYTHON]]></Field>
	<Field name="KmVersion" type="java.lang.String">null</Field>
	<Field name="LastDate" type="java.sql.Timestamp"><![CDATA[2020-10-13 17:12:38.0]]></Field>
	<Field name="LastUser" type="java.lang.String"><![CDATA[SUNOPSIS_INSTALL]]></Field>
	<Field name="LkmType" type="java.lang.String"><![CDATA[N]]></Field>
	<Field name="LChecksum" type="com.sunopsis.sql.DbInt"><![CDATA[0]]></Field>
	<Field name="LCode" type="java.lang.String">null</Field>
	<Field name="OggJkm" type="java.lang.String">null</Field>
	<Field name="OrdFolder" type="com.sunopsis.sql.DbInt"><![CDATA[null]]></Field>
	<Field name="ProcType" type="java.lang.String"><![CDATA[S]]></Field>
	<Field name="ProdAstType" type="java.lang.String"><![CDATA[oracle.odi.mapping.generation.spark.SparkScript]]></Field>
	<Field name="RepGuid" type="java.lang.String">null</Field>
	<Field name="RepVersion" type="java.lang.String">null</Field>
	<Field name="ScriptPath" type="java.lang.String">null</Field>
	<Field name="ScOrigTrtTag" type="java.lang.String">null</Field>
	<Field name="Subtype" type="java.lang.String"><![CDATA[*]]></Field>
	<Field name="TrtName" type="java.lang.String"><![CDATA[XKM Spark Aggregate]]></Field>
	<Field name="TrtType" type="java.lang.String"><![CDATA[CK]]></Field>
	<Field name="VariableDefs" type="java.lang.String">null</Field>
	<Field name="VLastDate" type="java.sql.Timestamp">null</Field>
</Object>
<Object class="com.sunopsis.dwg.dbobj.SnpUserExitGroup">
		<Field name="GlobalId" type="java.lang.String"><![CDATA[79cd5c9c-cdcf-4031-b255-4b426fe6231a]]></Field>
	<Field name="GroupName" type="java.lang.String"><![CDATA[DataFrames]]></Field>
	<Field name="ITrt" type="com.sunopsis.sql.DbInt"><![CDATA[152]]></Field>
	<Field name="IUserExitGroup" type="com.sunopsis.sql.DbInt"><![CDATA[41]]></Field>
	<Field name="Position" type="com.sunopsis.sql.DbInt"><![CDATA[1]]></Field>
</Object>
<Object class="com.sunopsis.dwg.dbobj.SnpUserExit">
		<Field name="ExprITxt" type="com.sunopsis.sql.DbInt"><![CDATA[966]]></Field>
	<Field name="ExtVersion" type="java.lang.String">null</Field>
	<Field name="GlobalId" type="java.lang.String"><![CDATA[50c701b8-3823-4577-914d-6df305b2677c]]></Field>
	<Field name="IndChange" type="java.lang.String">null</Field>
	<Field name="ITrt" type="com.sunopsis.sql.DbInt"><![CDATA[152]]></Field>
	<Field name="ITxtUeHelp" type="com.sunopsis.sql.DbInt"><![CDATA[967]]></Field>
	<Field name="ITxtValue" type="com.sunopsis.sql.DbInt"><![CDATA[null]]></Field>
	<Field name="IUserExit" type="com.sunopsis.sql.DbInt"><![CDATA[379]]></Field>
	<Field name="IUserExitGroup" type="com.sunopsis.sql.DbInt"><![CDATA[41]]></Field>
	<Field name="Position" type="com.sunopsis.sql.DbInt"><![CDATA[7]]></Field>
	<Field name="ShortValue" type="java.lang.String"><![CDATA[1]]></Field>
	<Field name="Subtypes" type="java.lang.String">null</Field>
	<Field name="UeName" type="java.lang.String"><![CDATA[SQL_EXPRESSIONS]]></Field>
	<Field name="UeSdesc" type="java.lang.String"><![CDATA[Use SQL Expressions]]></Field>
	<Field name="UeType" type="java.lang.String"><![CDATA[C]]></Field>
</Object>
<Object class="com.sunopsis.dwg.dbobj.SnpTxtHeader">
		<Field name="Enc" type="java.lang.String"><![CDATA[0]]></Field>
	<Field name="EncKey" type="java.lang.String">null</Field>
 <Field name="EncKeyVect" type="java.lang.String">null</Field>
	<Field name="GlobalId" type="java.lang.String"><![CDATA[2cfa6676-5337-467a-9534-3e1e29ee56ba]]></Field>
	<Field name="ITxt" type="com.sunopsis.sql.DbInt"><![CDATA[966]]></Field>
	<Field name="ITxtOrig" type="com.sunopsis.sql.DbInt"><![CDATA[105]]></Field>
	<Field name="SqlIndGrp" type="java.lang.String"><![CDATA[0]]></Field>
 <Field name="Txt" type="java.lang.String"><![CDATA[return (isStreaming)?"show=false,enable=false":"show=true,enable=true";]]></Field>
</Object>
<Object class="com.sunopsis.dwg.dbobj.SnpOrigTxt">
		<Field name="GlobalId" type="java.lang.String">null</Field>
	<Field name="ITxtOrig" type="com.sunopsis.sql.DbInt"><![CDATA[105]]></Field>
	<Field name="OrigineName" type="java.lang.String"><![CDATA[Column description]]></Field>
	<Field name="SnpsCol" type="java.lang.String"><![CDATA[I_TXT_COL_DESC]]></Field>
	<Field name="SnpsTable" type="java.lang.String"><![CDATA[SNP_COL]]></Field>
</Object>
<Object class="com.sunopsis.dwg.dbobj.SnpTxtHeader">
		<Field name="Enc" type="java.lang.String"><![CDATA[0]]></Field>
	<Field name="EncKey" type="java.lang.String">null</Field>
 <Field name="EncKeyVect" type="java.lang.String">null</Field>
	<Field name="GlobalId" type="java.lang.String"><![CDATA[de84fcb5-c79f-4f12-861f-4025116551cf]]></Field>
	<Field name="ITxt" type="com.sunopsis.sql.DbInt"><![CDATA[967]]></Field>
	<Field name="ITxtOrig" type="com.sunopsis.sql.DbInt"><![CDATA[111]]></Field>
	<Field name="SqlIndGrp" type="java.lang.String"><![CDATA[0]]></Field>
 <Field name="Txt" type="java.lang.String"><![CDATA[
Set this option to True if you are using generic SQL syntax for aggregate expressions.
Set this option to False if you are using Spark Python syntax for aggregate expressions.
NOTE:
If this option is set to False (non-default), and expression is a constant - specify expression as lit(<my constant value>) 
Check pyspark.sql.functions module reference for more info about lit function:
pyspark.sql.functions.lit(col) - Creates a Column of literal value.  
  ]]></Field>
</Object>
<Object class="com.sunopsis.dwg.dbobj.SnpOrigTxt">
		<Field name="GlobalId" type="java.lang.String">null</Field>
	<Field name="ITxtOrig" type="com.sunopsis.sql.DbInt"><![CDATA[111]]></Field>
	<Field name="OrigineName" type="java.lang.String"><![CDATA[User Exit help]]></Field>
	<Field name="SnpsCol" type="java.lang.String"><![CDATA[I_TXT_UE_HELP]]></Field>
	<Field name="SnpsTable" type="java.lang.String"><![CDATA[SNP_USER_EXIT]]></Field>
</Object>
<Object class="com.sunopsis.dwg.dbobj.SnpReferencedObject">
		<Field name="IObject" type="com.sunopsis.sql.DbInt"><![CDATA[3600]]></Field>
	<Field name="ObjectPKasString" type="java.lang.String"><![CDATA[133]]></Field>
	<Field name="ObjectAKasString" type="java.lang.String"><![CDATA[]]></Field>
	<Field name="Description" type="java.lang.String"><![CDATA[SNP_TRT : SparkKM]]></Field>
 <Field name="GlobalId" type="java.lang.String"><![CDATA[739e7da4-f732-4455-8936-782fafe91869]]></Field>
</Object>
<Object class="com.sunopsis.dwg.dbobj.SnpTxtHeader">
		<Field name="Enc" type="java.lang.String"><![CDATA[0]]></Field>
	<Field name="EncKey" type="java.lang.String">null</Field>
 <Field name="EncKeyVect" type="java.lang.String">null</Field>
	<Field name="GlobalId" type="java.lang.String"><![CDATA[ff586038-b432-4e78-a131-71563a803003]]></Field>
	<Field name="ITxt" type="com.sunopsis.sql.DbInt"><![CDATA[965]]></Field>
	<Field name="ITxtOrig" type="com.sunopsis.sql.DbInt"><![CDATA[107]]></Field>
	<Field name="SqlIndGrp" type="java.lang.String"><![CDATA[0]]></Field>
 <Field name="Txt" type="java.lang.String"><![CDATA[
COMPONENT NAME: XKM Spark Aggregate
COMPONENT VERSION: 1
AUTHOR: Oracle
COMPATIBILITY: ODI 12.1.3.0.1 or above

DESCRIPTION:

Aggregates data from multiple rows using various aggregate functions such as SUM, MIN, MAX and GROUP BY clause.	     
	]]></Field>
</Object>
<Object class="com.sunopsis.dwg.dbobj.SnpOrigTxt">
		<Field name="GlobalId" type="java.lang.String">null</Field>
	<Field name="ITxtOrig" type="com.sunopsis.sql.DbInt"><![CDATA[107]]></Field>
	<Field name="OrigineName" type="java.lang.String"><![CDATA[Edit Command]]></Field>
	<Field name="SnpsCol" type="java.lang.String"><![CDATA[I_TXT_TRT_TXT]]></Field>
	<Field name="SnpsTable" type="java.lang.String"><![CDATA[SNP_TRT]]></Field>
</Object>
<Object class="com.sunopsis.dwg.dbobj.SnpUserExit">
		<Field name="ExprITxt" type="com.sunopsis.sql.DbInt"><![CDATA[968]]></Field>
	<Field name="ExtVersion" type="java.lang.String">null</Field>
	<Field name="GlobalId" type="java.lang.String"><![CDATA[22D05104BF402F8FE053CCC0E40A8AB6]]></Field>
	<Field name="IndChange" type="java.lang.String">null</Field>
	<Field name="ITrt" type="com.sunopsis.sql.DbInt"><![CDATA[152]]></Field>
	<Field name="ITxtUeHelp" type="com.sunopsis.sql.DbInt"><![CDATA[969]]></Field>
	<Field name="ITxtValue" type="com.sunopsis.sql.DbInt"><![CDATA[null]]></Field>
	<Field name="IUserExit" type="com.sunopsis.sql.DbInt"><![CDATA[380]]></Field>
	<Field name="IUserExitGroup" type="com.sunopsis.sql.DbInt"><![CDATA[null]]></Field>
	<Field name="Position" type="com.sunopsis.sql.DbInt"><![CDATA[1]]></Field>
	<Field name="ShortValue" type="java.lang.String"><![CDATA[0]]></Field>
	<Field name="Subtypes" type="java.lang.String">null</Field>
	<Field name="UeName" type="java.lang.String"><![CDATA[WINDOW_AGGREGATION]]></Field>
	<Field name="UeSdesc" type="java.lang.String"><![CDATA[Enable window aggregation]]></Field>
	<Field name="UeType" type="java.lang.String"><![CDATA[C]]></Field>
</Object>
<Object class="com.sunopsis.dwg.dbobj.SnpTxtHeader">
		<Field name="Enc" type="java.lang.String"><![CDATA[0]]></Field>
	<Field name="EncKey" type="java.lang.String">null</Field>
 <Field name="EncKeyVect" type="java.lang.String">null</Field>
	<Field name="GlobalId" type="java.lang.String"><![CDATA[9d6f26c4-ea21-42a3-8f39-cc5a34b408a5]]></Field>
	<Field name="ITxt" type="com.sunopsis.sql.DbInt"><![CDATA[968]]></Field>
	<Field name="ITxtOrig" type="com.sunopsis.sql.DbInt"><![CDATA[105]]></Field>
	<Field name="SqlIndGrp" type="java.lang.String"><![CDATA[0]]></Field>
 <Field name="Txt" type="java.lang.String"><![CDATA[return (isStreaming)? options.getValue("STATEFUL_AGGREGATION").equals("false")?"show=true,enable=true":"show=true,enable=false":"show=false,enable=false";]]></Field>
</Object>
<Object class="com.sunopsis.dwg.dbobj.SnpTxtHeader">
		<Field name="Enc" type="java.lang.String"><![CDATA[0]]></Field>
	<Field name="EncKey" type="java.lang.String">null</Field>
 <Field name="EncKeyVect" type="java.lang.String">null</Field>
	<Field name="GlobalId" type="java.lang.String"><![CDATA[907f60b5-1f6a-4981-982c-b796d38c8811]]></Field>
	<Field name="ITxt" type="com.sunopsis.sql.DbInt"><![CDATA[969]]></Field>
	<Field name="ITxtOrig" type="com.sunopsis.sql.DbInt"><![CDATA[111]]></Field>
	<Field name="SqlIndGrp" type="java.lang.String"><![CDATA[0]]></Field>
 <Field name="Txt" type="java.lang.String"><![CDATA[
This option enables window aggregation. To be used in combination with WINDOW_LENGTH and SLIDING_INTERVAL options.
For more information regarding Spark Window oprations refer to Spark Programming Guide:	
http://spark.apache.org/docs/latest/streaming-programming-guide.html#window-operations	
	]]></Field>
</Object>
<Object class="com.sunopsis.dwg.dbobj.SnpUserExit">
		<Field name="ExprITxt" type="com.sunopsis.sql.DbInt"><![CDATA[970]]></Field>
	<Field name="ExtVersion" type="java.lang.String">null</Field>
	<Field name="GlobalId" type="java.lang.String"><![CDATA[04c9b419-70f5-4e14-9eb3-5b656198dd40]]></Field>
	<Field name="IndChange" type="java.lang.String">null</Field>
	<Field name="ITrt" type="com.sunopsis.sql.DbInt"><![CDATA[152]]></Field>
	<Field name="ITxtUeHelp" type="com.sunopsis.sql.DbInt"><![CDATA[971]]></Field>
	<Field name="ITxtValue" type="com.sunopsis.sql.DbInt"><![CDATA[null]]></Field>
	<Field name="IUserExit" type="com.sunopsis.sql.DbInt"><![CDATA[381]]></Field>
	<Field name="IUserExitGroup" type="com.sunopsis.sql.DbInt"><![CDATA[null]]></Field>
	<Field name="Position" type="com.sunopsis.sql.DbInt"><![CDATA[2]]></Field>
	<Field name="ShortValue" type="java.lang.String"><![CDATA[3]]></Field>
	<Field name="Subtypes" type="java.lang.String">null</Field>
	<Field name="UeName" type="java.lang.String"><![CDATA[WINDOW_LENGTH]]></Field>
	<Field name="UeSdesc" type="java.lang.String"><![CDATA[The duration of window in windowed computations]]></Field>
	<Field name="UeType" type="java.lang.String"><![CDATA[V]]></Field>
</Object>
<Object class="com.sunopsis.dwg.dbobj.SnpTxtHeader">
		<Field name="Enc" type="java.lang.String"><![CDATA[0]]></Field>
	<Field name="EncKey" type="java.lang.String">null</Field>
 <Field name="EncKeyVect" type="java.lang.String">null</Field>
	<Field name="GlobalId" type="java.lang.String"><![CDATA[4e6ef1e3-e3d8-4008-9230-c7d0780054d9]]></Field>
	<Field name="ITxt" type="com.sunopsis.sql.DbInt"><![CDATA[970]]></Field>
	<Field name="ITxtOrig" type="com.sunopsis.sql.DbInt"><![CDATA[105]]></Field>
	<Field name="SqlIndGrp" type="java.lang.String"><![CDATA[0]]></Field>
 <Field name="Txt" type="java.lang.String"><![CDATA[return (isStreaming)? options.getValue("WINDOW_AGGREGATION").equals("true")?"show=true,enable=true":"show=false,enable=false":"show=false,enable=false";]]></Field>
</Object>
<Object class="com.sunopsis.dwg.dbobj.SnpTxtHeader">
		<Field name="Enc" type="java.lang.String"><![CDATA[0]]></Field>
	<Field name="EncKey" type="java.lang.String">null</Field>
 <Field name="EncKeyVect" type="java.lang.String">null</Field>
	<Field name="GlobalId" type="java.lang.String"><![CDATA[1efd978d-71c2-4fb3-9d85-7e19e2cc23e1]]></Field>
	<Field name="ITxt" type="com.sunopsis.sql.DbInt"><![CDATA[971]]></Field>
	<Field name="ITxtOrig" type="com.sunopsis.sql.DbInt"><![CDATA[111]]></Field>
	<Field name="SqlIndGrp" type="java.lang.String"><![CDATA[0]]></Field>
 <Field name="Txt" type="java.lang.String"><![CDATA[
This option defines the duration of aggregation window in number of batch intervals. 
Default = 3. It will be later multiplied by the batch duration to give us the absolute Window duration. 
Example if WINDOW_LENGTH = 3 and spark.batchDuration = 10, the Window length used in Spark will be 30.	
	]]></Field>
</Object>
<Object class="com.sunopsis.dwg.dbobj.SnpUserExit">
		<Field name="ExprITxt" type="com.sunopsis.sql.DbInt"><![CDATA[972]]></Field>
	<Field name="ExtVersion" type="java.lang.String">null</Field>
	<Field name="GlobalId" type="java.lang.String"><![CDATA[d9a740f4-97fd-4243-b236-070183690638]]></Field>
	<Field name="IndChange" type="java.lang.String">null</Field>
	<Field name="ITrt" type="com.sunopsis.sql.DbInt"><![CDATA[152]]></Field>
	<Field name="ITxtUeHelp" type="com.sunopsis.sql.DbInt"><![CDATA[973]]></Field>
	<Field name="ITxtValue" type="com.sunopsis.sql.DbInt"><![CDATA[null]]></Field>
	<Field name="IUserExit" type="com.sunopsis.sql.DbInt"><![CDATA[382]]></Field>
	<Field name="IUserExitGroup" type="com.sunopsis.sql.DbInt"><![CDATA[null]]></Field>
	<Field name="Position" type="com.sunopsis.sql.DbInt"><![CDATA[3]]></Field>
	<Field name="ShortValue" type="java.lang.String"><![CDATA[2]]></Field>
	<Field name="Subtypes" type="java.lang.String">null</Field>
	<Field name="UeName" type="java.lang.String"><![CDATA[SLIDING_INTERVAL]]></Field>
	<Field name="UeSdesc" type="java.lang.String"><![CDATA[The interval at which the window operation is performed]]></Field>
	<Field name="UeType" type="java.lang.String"><![CDATA[V]]></Field>
</Object>
<Object class="com.sunopsis.dwg.dbobj.SnpTxtHeader">
		<Field name="Enc" type="java.lang.String"><![CDATA[0]]></Field>
	<Field name="EncKey" type="java.lang.String">null</Field>
 <Field name="EncKeyVect" type="java.lang.String">null</Field>
	<Field name="GlobalId" type="java.lang.String"><![CDATA[831818c4-f9b7-4735-949b-b02078c227d3]]></Field>
	<Field name="ITxt" type="com.sunopsis.sql.DbInt"><![CDATA[972]]></Field>
	<Field name="ITxtOrig" type="com.sunopsis.sql.DbInt"><![CDATA[105]]></Field>
	<Field name="SqlIndGrp" type="java.lang.String"><![CDATA[0]]></Field>
 <Field name="Txt" type="java.lang.String"><![CDATA[return (isStreaming)? options.getValue("WINDOW_AGGREGATION").equals("true")?"show=true,enable=true":"show=false,enable=false":"show=false,enable=false";]]></Field>
</Object>
<Object class="com.sunopsis.dwg.dbobj.SnpTxtHeader">
		<Field name="Enc" type="java.lang.String"><![CDATA[0]]></Field>
	<Field name="EncKey" type="java.lang.String">null</Field>
 <Field name="EncKeyVect" type="java.lang.String">null</Field>
	<Field name="GlobalId" type="java.lang.String"><![CDATA[a1b74983-b6f6-483e-a9df-1f75554cfe74]]></Field>
	<Field name="ITxt" type="com.sunopsis.sql.DbInt"><![CDATA[973]]></Field>
	<Field name="ITxtOrig" type="com.sunopsis.sql.DbInt"><![CDATA[111]]></Field>
	<Field name="SqlIndGrp" type="java.lang.String"><![CDATA[0]]></Field>
 <Field name="Txt" type="java.lang.String"><![CDATA[
This option defines the interval at which the window operation is performed in number of batch intervals. 
Default = 2. It will be later multiplied by the batch duration to give us the absolute value of Sliding interval. 
Example if SLIDING_INTERVAL = 2 and spark.batchDuration = 10, the Sliding interval used in Spark will be 20.	
Using a SLIDING_INTERVAL > 1 results in fewer RDDs being generated. 
The aggregation component will only output an RDD every SLIDING_INTERVAL batches. 
In case of complex mappings using e.g. joins this lower output frequency will impact join results if the two join sources use different windowing settings.
SLIDING_INTERVAL should be shorter than spark.streaming.timeout, otherwise the streaming session will be shut down before any data could be gathered at the end of sliding interval. This results in no data returned from the stream.			
	]]></Field>
</Object>
<Object class="com.sunopsis.dwg.dbobj.SnpUserExit">
		<Field name="ExprITxt" type="com.sunopsis.sql.DbInt"><![CDATA[974]]></Field>
	<Field name="ExtVersion" type="java.lang.String">null</Field>
	<Field name="GlobalId" type="java.lang.String"><![CDATA[239D98A62B185FCFE053CCC0E40A8D1B]]></Field>
	<Field name="IndChange" type="java.lang.String">null</Field>
	<Field name="ITrt" type="com.sunopsis.sql.DbInt"><![CDATA[152]]></Field>
	<Field name="ITxtUeHelp" type="com.sunopsis.sql.DbInt"><![CDATA[975]]></Field>
	<Field name="ITxtValue" type="com.sunopsis.sql.DbInt"><![CDATA[null]]></Field>
	<Field name="IUserExit" type="com.sunopsis.sql.DbInt"><![CDATA[383]]></Field>
	<Field name="IUserExitGroup" type="com.sunopsis.sql.DbInt"><![CDATA[null]]></Field>
	<Field name="Position" type="com.sunopsis.sql.DbInt"><![CDATA[4]]></Field>
	<Field name="ShortValue" type="java.lang.String"><![CDATA[0]]></Field>
	<Field name="Subtypes" type="java.lang.String">null</Field>
	<Field name="UeName" type="java.lang.String"><![CDATA[STATEFUL_AGGREGATION]]></Field>
	<Field name="UeSdesc" type="java.lang.String"><![CDATA[Enable stateful aggregation]]></Field>
	<Field name="UeType" type="java.lang.String"><![CDATA[C]]></Field>
</Object>
<Object class="com.sunopsis.dwg.dbobj.SnpTxtHeader">
		<Field name="Enc" type="java.lang.String"><![CDATA[0]]></Field>
	<Field name="EncKey" type="java.lang.String">null</Field>
 <Field name="EncKeyVect" type="java.lang.String">null</Field>
	<Field name="GlobalId" type="java.lang.String"><![CDATA[214aaef2-e811-4278-bc1f-79cafc38d1b3]]></Field>
	<Field name="ITxt" type="com.sunopsis.sql.DbInt"><![CDATA[974]]></Field>
	<Field name="ITxtOrig" type="com.sunopsis.sql.DbInt"><![CDATA[105]]></Field>
	<Field name="SqlIndGrp" type="java.lang.String"><![CDATA[0]]></Field>
 <Field name="Txt" type="java.lang.String"><![CDATA[return (isStreaming)? options.getValue("WINDOW_AGGREGATION").equals("false")?"show=true,enable=true":"show=true,enable=false":"show=false,enable=false";]]></Field>
</Object>
<Object class="com.sunopsis.dwg.dbobj.SnpTxtHeader">
		<Field name="Enc" type="java.lang.String"><![CDATA[0]]></Field>
	<Field name="EncKey" type="java.lang.String">null</Field>
 <Field name="EncKeyVect" type="java.lang.String">null</Field>
	<Field name="GlobalId" type="java.lang.String"><![CDATA[b8c2e6e3-c2df-4970-b489-4fed7215ce16]]></Field>
	<Field name="ITxt" type="com.sunopsis.sql.DbInt"><![CDATA[975]]></Field>
	<Field name="ITxtOrig" type="com.sunopsis.sql.DbInt"><![CDATA[111]]></Field>
	<Field name="SqlIndGrp" type="java.lang.String"><![CDATA[0]]></Field>
 <Field name="Txt" type="java.lang.String"><![CDATA[
This option enables stateful aggregation. To be used in combination with STATE_RETENTION_PERIOD and FORWARD_ONLY_UPDATED_ROWS options.
When data must be aggregated across all data of a stream, stateful aggregation is required.
In stateful aggregation Spark builds a so called "State" Stream containing the aggregated values for all keys. 
For every incoming RDD this state is updated, e.g. aggregated sums are updated based on new incoming data.
By default a "State" Stream will output all stored values for every incoming RDD. 		
	]]></Field>
</Object>
<Object class="com.sunopsis.dwg.dbobj.SnpUserExit">
		<Field name="ExprITxt" type="com.sunopsis.sql.DbInt"><![CDATA[976]]></Field>
	<Field name="ExtVersion" type="java.lang.String">null</Field>
	<Field name="GlobalId" type="java.lang.String"><![CDATA[239D98A62B195FCFE053CCC0E40A8D1B]]></Field>
	<Field name="IndChange" type="java.lang.String">null</Field>
	<Field name="ITrt" type="com.sunopsis.sql.DbInt"><![CDATA[152]]></Field>
	<Field name="ITxtUeHelp" type="com.sunopsis.sql.DbInt"><![CDATA[977]]></Field>
	<Field name="ITxtValue" type="com.sunopsis.sql.DbInt"><![CDATA[null]]></Field>
	<Field name="IUserExit" type="com.sunopsis.sql.DbInt"><![CDATA[384]]></Field>
	<Field name="IUserExitGroup" type="com.sunopsis.sql.DbInt"><![CDATA[null]]></Field>
	<Field name="Position" type="com.sunopsis.sql.DbInt"><![CDATA[5]]></Field>
	<Field name="ShortValue" type="java.lang.String">null</Field>
	<Field name="Subtypes" type="java.lang.String">null</Field>
	<Field name="UeName" type="java.lang.String"><![CDATA[STATE_RETENTION_PERIOD]]></Field>
	<Field name="UeSdesc" type="java.lang.String"><![CDATA[Time in seconds to retain a key/value aggregate inside the Spark state object]]></Field>
	<Field name="UeType" type="java.lang.String"><![CDATA[V]]></Field>
</Object>
<Object class="com.sunopsis.dwg.dbobj.SnpTxtHeader">
		<Field name="Enc" type="java.lang.String"><![CDATA[0]]></Field>
	<Field name="EncKey" type="java.lang.String">null</Field>
 <Field name="EncKeyVect" type="java.lang.String">null</Field>
	<Field name="GlobalId" type="java.lang.String"><![CDATA[f9cc8d10-dfa6-42a9-a53d-af6a77d00c97]]></Field>
	<Field name="ITxt" type="com.sunopsis.sql.DbInt"><![CDATA[976]]></Field>
	<Field name="ITxtOrig" type="com.sunopsis.sql.DbInt"><![CDATA[105]]></Field>
	<Field name="SqlIndGrp" type="java.lang.String"><![CDATA[0]]></Field>
 <Field name="Txt" type="java.lang.String"><![CDATA[return (isStreaming)? options.getValue("STATEFUL_AGGREGATION").equals("true")?"show=true,enable=true":"show=false,enable=false":"show=false,enable=false";]]></Field>
</Object>
<Object class="com.sunopsis.dwg.dbobj.SnpTxtHeader">
		<Field name="Enc" type="java.lang.String"><![CDATA[0]]></Field>
	<Field name="EncKey" type="java.lang.String">null</Field>
 <Field name="EncKeyVect" type="java.lang.String">null</Field>
	<Field name="GlobalId" type="java.lang.String"><![CDATA[375a923f-fe0b-4168-8bf2-37c6584b5e6f]]></Field>
	<Field name="ITxt" type="com.sunopsis.sql.DbInt"><![CDATA[977]]></Field>
	<Field name="ITxtOrig" type="com.sunopsis.sql.DbInt"><![CDATA[111]]></Field>
	<Field name="SqlIndGrp" type="java.lang.String"><![CDATA[0]]></Field>
 <Field name="Txt" type="java.lang.String"><![CDATA[
Time in seconds to retain a key/value aggregate inside the Spark state object. 
A key is removed from the Spark state object, when LastUpdated + StateRetentionTime < CurrentTime. 
If left blank, keys will be retained for an unlimited amount of time. Please note that this may lead to the Spark state object growing infinitely.
This option only applies to keys that are no more in use, i.e. incoming RDDs do not contain the key anymore.			
	]]></Field>
</Object>
<Object class="com.sunopsis.dwg.dbobj.SnpUserExit">
		<Field name="ExprITxt" type="com.sunopsis.sql.DbInt"><![CDATA[978]]></Field>
	<Field name="ExtVersion" type="java.lang.String">null</Field>
	<Field name="GlobalId" type="java.lang.String"><![CDATA[239D98A62B1A5FCFE053CCC0E40A8D1B]]></Field>
	<Field name="IndChange" type="java.lang.String">null</Field>
	<Field name="ITrt" type="com.sunopsis.sql.DbInt"><![CDATA[152]]></Field>
	<Field name="ITxtUeHelp" type="com.sunopsis.sql.DbInt"><![CDATA[979]]></Field>
	<Field name="ITxtValue" type="com.sunopsis.sql.DbInt"><![CDATA[null]]></Field>
	<Field name="IUserExit" type="com.sunopsis.sql.DbInt"><![CDATA[385]]></Field>
	<Field name="IUserExitGroup" type="com.sunopsis.sql.DbInt"><![CDATA[null]]></Field>
	<Field name="Position" type="com.sunopsis.sql.DbInt"><![CDATA[6]]></Field>
	<Field name="ShortValue" type="java.lang.String"><![CDATA[1]]></Field>
	<Field name="Subtypes" type="java.lang.String">null</Field>
	<Field name="UeName" type="java.lang.String"><![CDATA[FORWARD_ONLY_UPDATED_ROWS]]></Field>
	<Field name="UeSdesc" type="java.lang.String"><![CDATA[Only modified aggregate values are forwarded to downstream components]]></Field>
	<Field name="UeType" type="java.lang.String"><![CDATA[C]]></Field>
</Object>
<Object class="com.sunopsis.dwg.dbobj.SnpTxtHeader">
		<Field name="Enc" type="java.lang.String"><![CDATA[0]]></Field>
	<Field name="EncKey" type="java.lang.String">null</Field>
 <Field name="EncKeyVect" type="java.lang.String">null</Field>
	<Field name="GlobalId" type="java.lang.String"><![CDATA[c8606608-8f01-4d6c-aaea-3ff6d1f3844f]]></Field>
	<Field name="ITxt" type="com.sunopsis.sql.DbInt"><![CDATA[978]]></Field>
	<Field name="ITxtOrig" type="com.sunopsis.sql.DbInt"><![CDATA[105]]></Field>
	<Field name="SqlIndGrp" type="java.lang.String"><![CDATA[0]]></Field>
 <Field name="Txt" type="java.lang.String"><![CDATA[return (isStreaming)? options.getValue("STATEFUL_AGGREGATION").equals("true")?"show=true,enable=true":"show=false,enable=false":"show=false,enable=false";]]></Field>
</Object>
<Object class="com.sunopsis.dwg.dbobj.SnpTxtHeader">
		<Field name="Enc" type="java.lang.String"><![CDATA[0]]></Field>
	<Field name="EncKey" type="java.lang.String">null</Field>
 <Field name="EncKeyVect" type="java.lang.String">null</Field>
	<Field name="GlobalId" type="java.lang.String"><![CDATA[b63caabe-bade-49f7-9a95-a8991c533bc8]]></Field>
	<Field name="ITxt" type="com.sunopsis.sql.DbInt"><![CDATA[979]]></Field>
	<Field name="ITxtOrig" type="com.sunopsis.sql.DbInt"><![CDATA[111]]></Field>
	<Field name="SqlIndGrp" type="java.lang.String"><![CDATA[0]]></Field>
 <Field name="Txt" type="java.lang.String"><![CDATA[
If set, only modified keys and aggregate values are forwarded to downstream components as opposed to all keys in the state.	
	]]></Field>
</Object>
<Object class="com.sunopsis.dwg.dbobj.SnpFKXRef">
		<Field name="RefKey" type="java.lang.String"><![CDATA[SNP_TXTHEADER.965]]></Field>
	<Field name="RefObjGlobalId" type="java.lang.String"><![CDATA[ff586038-b432-4e78-a131-71563a803003]]></Field>
 <Field name="RefObjFQName" type="java.lang.String">null</Field>
 <Field name="RefObjFQType" type="java.lang.String">null</Field>
 <Field name="RefObjFQNameLengths" type="java.lang.String">null</Field>
</Object>
<Object class="com.sunopsis.dwg.dbobj.SnpFKXRef">
		<Field name="RefKey" type="java.lang.String"><![CDATA[SNP_TRT.133]]></Field>
	<Field name="RefObjGlobalId" type="java.lang.String"><![CDATA[739e7da4-f732-4455-8936-782fafe91869]]></Field>
 <Field name="RefObjFQName" type="java.lang.String"><![CDATA[SparkKM]]></Field>
 <Field name="RefObjFQType" type="java.lang.String"><![CDATA[SNP_TRT]]></Field>
 <Field name="RefObjFQNameLengths" type="java.lang.String"><![CDATA[7]]></Field>
</Object>
<Object class="com.sunopsis.dwg.dbobj.SnpFKXRef">
		<Field name="RefKey" type="java.lang.String"><![CDATA[SNP_TRT.152]]></Field>
	<Field name="RefObjGlobalId" type="java.lang.String"><![CDATA[9C0898F7-F47B-4614-9515-8429C3D5DF06]]></Field>
 <Field name="RefObjFQName" type="java.lang.String"><![CDATA[XKM Spark Aggregate]]></Field>
 <Field name="RefObjFQType" type="java.lang.String"><![CDATA[SNP_TRT]]></Field>
 <Field name="RefObjFQNameLengths" type="java.lang.String"><![CDATA[19]]></Field>
</Object>
<Object class="com.sunopsis.dwg.dbobj.SnpFKXRef">
		<Field name="RefKey" type="java.lang.String"><![CDATA[SNP_TXTHEADER.967]]></Field>
	<Field name="RefObjGlobalId" type="java.lang.String"><![CDATA[de84fcb5-c79f-4f12-861f-4025116551cf]]></Field>
 <Field name="RefObjFQName" type="java.lang.String">null</Field>
 <Field name="RefObjFQType" type="java.lang.String">null</Field>
 <Field name="RefObjFQNameLengths" type="java.lang.String">null</Field>
</Object>
<Object class="com.sunopsis.dwg.dbobj.SnpFKXRef">
		<Field name="RefKey" type="java.lang.String"><![CDATA[SNP_USEREXITGROUP.41]]></Field>
	<Field name="RefObjGlobalId" type="java.lang.String"><![CDATA[79cd5c9c-cdcf-4031-b255-4b426fe6231a]]></Field>
 <Field name="RefObjFQName" type="java.lang.String"><![CDATA[XKM Spark Aggregate.DataFrames]]></Field>
 <Field name="RefObjFQType" type="java.lang.String"><![CDATA[SNP_TRT.SNP_USEREXITGROUP]]></Field>
 <Field name="RefObjFQNameLengths" type="java.lang.String"><![CDATA[19.10]]></Field>
</Object>
<Object class="com.sunopsis.dwg.dbobj.SnpFKXRef">
		<Field name="RefKey" type="java.lang.String"><![CDATA[SNP_TXTHEADER.966]]></Field>
	<Field name="RefObjGlobalId" type="java.lang.String"><![CDATA[2cfa6676-5337-467a-9534-3e1e29ee56ba]]></Field>
 <Field name="RefObjFQName" type="java.lang.String">null</Field>
 <Field name="RefObjFQType" type="java.lang.String">null</Field>
 <Field name="RefObjFQNameLengths" type="java.lang.String">null</Field>
</Object>
<Object class="com.sunopsis.dwg.dbobj.SnpFKXRef">
		<Field name="RefKey" type="java.lang.String"><![CDATA[SNP_TXTHEADER.969]]></Field>
	<Field name="RefObjGlobalId" type="java.lang.String"><![CDATA[907f60b5-1f6a-4981-982c-b796d38c8811]]></Field>
 <Field name="RefObjFQName" type="java.lang.String">null</Field>
 <Field name="RefObjFQType" type="java.lang.String">null</Field>
 <Field name="RefObjFQNameLengths" type="java.lang.String">null</Field>
</Object>
<Object class="com.sunopsis.dwg.dbobj.SnpFKXRef">
		<Field name="RefKey" type="java.lang.String"><![CDATA[SNP_TXTHEADER.968]]></Field>
	<Field name="RefObjGlobalId" type="java.lang.String"><![CDATA[9d6f26c4-ea21-42a3-8f39-cc5a34b408a5]]></Field>
 <Field name="RefObjFQName" type="java.lang.String">null</Field>
 <Field name="RefObjFQType" type="java.lang.String">null</Field>
 <Field name="RefObjFQNameLengths" type="java.lang.String">null</Field>
</Object>
<Object class="com.sunopsis.dwg.dbobj.SnpFKXRef">
		<Field name="RefKey" type="java.lang.String"><![CDATA[SNP_ORIGTXT.105]]></Field>
	<Field name="RefObjGlobalId" type="java.lang.String">null</Field>
 <Field name="RefObjFQName" type="java.lang.String">null</Field>
 <Field name="RefObjFQType" type="java.lang.String">null</Field>
 <Field name="RefObjFQNameLengths" type="java.lang.String">null</Field>
</Object>
<Object class="com.sunopsis.dwg.dbobj.SnpFKXRef">
		<Field name="RefKey" type="java.lang.String"><![CDATA[SNP_ORIGTXT.111]]></Field>
	<Field name="RefObjGlobalId" type="java.lang.String">null</Field>
 <Field name="RefObjFQName" type="java.lang.String">null</Field>
 <Field name="RefObjFQType" type="java.lang.String">null</Field>
 <Field name="RefObjFQNameLengths" type="java.lang.String">null</Field>
</Object>
<Object class="com.sunopsis.dwg.dbobj.SnpFKXRef">
		<Field name="RefKey" type="java.lang.String"><![CDATA[SNP_TXTHEADER.971]]></Field>
	<Field name="RefObjGlobalId" type="java.lang.String"><![CDATA[1efd978d-71c2-4fb3-9d85-7e19e2cc23e1]]></Field>
 <Field name="RefObjFQName" type="java.lang.String">null</Field>
 <Field name="RefObjFQType" type="java.lang.String">null</Field>
 <Field name="RefObjFQNameLengths" type="java.lang.String">null</Field>
</Object>
<Object class="com.sunopsis.dwg.dbobj.SnpFKXRef">
		<Field name="RefKey" type="java.lang.String"><![CDATA[SNP_TXTHEADER.970]]></Field>
	<Field name="RefObjGlobalId" type="java.lang.String"><![CDATA[4e6ef1e3-e3d8-4008-9230-c7d0780054d9]]></Field>
 <Field name="RefObjFQName" type="java.lang.String">null</Field>
 <Field name="RefObjFQType" type="java.lang.String">null</Field>
 <Field name="RefObjFQNameLengths" type="java.lang.String">null</Field>
</Object>
<Object class="com.sunopsis.dwg.dbobj.SnpFKXRef">
		<Field name="RefKey" type="java.lang.String"><![CDATA[SNP_TXTHEADER.973]]></Field>
	<Field name="RefObjGlobalId" type="java.lang.String"><![CDATA[a1b74983-b6f6-483e-a9df-1f75554cfe74]]></Field>
 <Field name="RefObjFQName" type="java.lang.String">null</Field>
 <Field name="RefObjFQType" type="java.lang.String">null</Field>
 <Field name="RefObjFQNameLengths" type="java.lang.String">null</Field>
</Object>
<Object class="com.sunopsis.dwg.dbobj.SnpFKXRef">
		<Field name="RefKey" type="java.lang.String"><![CDATA[SNP_TXTHEADER.972]]></Field>
	<Field name="RefObjGlobalId" type="java.lang.String"><![CDATA[831818c4-f9b7-4735-949b-b02078c227d3]]></Field>
 <Field name="RefObjFQName" type="java.lang.String">null</Field>
 <Field name="RefObjFQType" type="java.lang.String">null</Field>
 <Field name="RefObjFQNameLengths" type="java.lang.String">null</Field>
</Object>
<Object class="com.sunopsis.dwg.dbobj.SnpFKXRef">
		<Field name="RefKey" type="java.lang.String"><![CDATA[SNP_TXTHEADER.975]]></Field>
	<Field name="RefObjGlobalId" type="java.lang.String"><![CDATA[b8c2e6e3-c2df-4970-b489-4fed7215ce16]]></Field>
 <Field name="RefObjFQName" type="java.lang.String">null</Field>
 <Field name="RefObjFQType" type="java.lang.String">null</Field>
 <Field name="RefObjFQNameLengths" type="java.lang.String">null</Field>
</Object>
<Object class="com.sunopsis.dwg.dbobj.SnpFKXRef">
		<Field name="RefKey" type="java.lang.String"><![CDATA[SNP_TXTHEADER.974]]></Field>
	<Field name="RefObjGlobalId" type="java.lang.String"><![CDATA[214aaef2-e811-4278-bc1f-79cafc38d1b3]]></Field>
 <Field name="RefObjFQName" type="java.lang.String">null</Field>
 <Field name="RefObjFQType" type="java.lang.String">null</Field>
 <Field name="RefObjFQNameLengths" type="java.lang.String">null</Field>
</Object>
<Object class="com.sunopsis.dwg.dbobj.SnpFKXRef">
		<Field name="RefKey" type="java.lang.String"><![CDATA[SNP_TXTHEADER.977]]></Field>
	<Field name="RefObjGlobalId" type="java.lang.String"><![CDATA[375a923f-fe0b-4168-8bf2-37c6584b5e6f]]></Field>
 <Field name="RefObjFQName" type="java.lang.String">null</Field>
 <Field name="RefObjFQType" type="java.lang.String">null</Field>
 <Field name="RefObjFQNameLengths" type="java.lang.String">null</Field>
</Object>
<Object class="com.sunopsis.dwg.dbobj.SnpFKXRef">
		<Field name="RefKey" type="java.lang.String"><![CDATA[SNP_TXTHEADER.976]]></Field>
	<Field name="RefObjGlobalId" type="java.lang.String"><![CDATA[f9cc8d10-dfa6-42a9-a53d-af6a77d00c97]]></Field>
 <Field name="RefObjFQName" type="java.lang.String">null</Field>
 <Field name="RefObjFQType" type="java.lang.String">null</Field>
 <Field name="RefObjFQNameLengths" type="java.lang.String">null</Field>
</Object>
<Object class="com.sunopsis.dwg.dbobj.SnpFKXRef">
		<Field name="RefKey" type="java.lang.String"><![CDATA[SNP_TXTHEADER.979]]></Field>
	<Field name="RefObjGlobalId" type="java.lang.String"><![CDATA[b63caabe-bade-49f7-9a95-a8991c533bc8]]></Field>
 <Field name="RefObjFQName" type="java.lang.String">null</Field>
 <Field name="RefObjFQType" type="java.lang.String">null</Field>
 <Field name="RefObjFQNameLengths" type="java.lang.String">null</Field>
</Object>
<Object class="com.sunopsis.dwg.dbobj.SnpFKXRef">
		<Field name="RefKey" type="java.lang.String"><![CDATA[SNP_TXTHEADER.978]]></Field>
	<Field name="RefObjGlobalId" type="java.lang.String"><![CDATA[c8606608-8f01-4d6c-aaea-3ff6d1f3844f]]></Field>
 <Field name="RefObjFQName" type="java.lang.String">null</Field>
 <Field name="RefObjFQType" type="java.lang.String">null</Field>
 <Field name="RefObjFQNameLengths" type="java.lang.String">null</Field>
</Object>
<Object class="com.sunopsis.dwg.DwgExportSummary">
		<Field name="ExpTxtNb" type="com.sunopsis.sql.DbInt"><![CDATA[0]]></Field>
	<Field name="InstObjNb" type="com.sunopsis.sql.DbInt"><![CDATA[0]]></Field>
	<Field name="JoinColNb" type="com.sunopsis.sql.DbInt"><![CDATA[0]]></Field>
	<Field name="JoinNb" type="com.sunopsis.sql.DbInt"><![CDATA[0]]></Field>
	<Field name="KeyColNb" type="com.sunopsis.sql.DbInt"><![CDATA[0]]></Field>
	<Field name="KeyNb" type="com.sunopsis.sql.DbInt"><![CDATA[0]]></Field>
	<Field name="LinkDiagNb" type="com.sunopsis.sql.DbInt"><![CDATA[0]]></Field>
	<Field name="MorigTxtNb" type="com.sunopsis.sql.DbInt"><![CDATA[0]]></Field>
	<Field name="MtxtNb" type="com.sunopsis.sql.DbInt"><![CDATA[0]]></Field>
	<Field name="OrigTxtNb" type="com.sunopsis.sql.DbInt"><![CDATA[15]]></Field>
	<Field name="OtherObjectsNb" type="com.sunopsis.sql.DbInt"><![CDATA[10]]></Field>
	<Field name="PlanAgentNb" type="com.sunopsis.sql.DbInt"><![CDATA[0]]></Field>
	<Field name="StepNb" type="com.sunopsis.sql.DbInt"><![CDATA[0]]></Field>
	<Field name="TxtNb" type="com.sunopsis.sql.DbInt"><![CDATA[15]]></Field>
	<Field name="UeOrigNb" type="com.sunopsis.sql.DbInt"><![CDATA[0]]></Field>
	<Field name="UeUsedNb" type="com.sunopsis.sql.DbInt"><![CDATA[0]]></Field>
	<Field name="VarPlanAgentNb" type="com.sunopsis.sql.DbInt"><![CDATA[0]]></Field>
	<Field name="ScenTxtNb" type="com.sunopsis.sql.DbInt"><![CDATA[0]]></Field>
	<Field name="OdiVersion" type="java.lang.String"><![CDATA[12.2.1]]></Field>
	<Field name="OriginRepositoryID" type="com.sunopsis.sql.DbInt"><![CDATA[1]]></Field>
	<Field name="RepositoryVersion" type="java.lang.String"><![CDATA[05.02.02.09]]></Field>
</Object>
</SunopsisExport>
