<?xml version="1.0" encoding="UTF-8"?>
<SunopsisExport>
<Admin RepositoryVersion="05.02.02.09" IsLegacyIdCompatible="false" />
<Encryption algorithm="AES" keyLength="128" exportKeyHash="PHGqKBRvIIUeOXFx+1u/Ue4/USyZj05hYlUs13qOj1w=" keyVect="B4JRuHrLRInjdJaxxRgkhw==" exportKeySalt="e9f5e048-25af-4321-b6b8-0bd3c1e5984d" containsCipherText="false"/>
<Object class="com.sunopsis.dwg.dbobj.SnpTrt">
		<Field name="CleanupOnError" type="java.lang.String">null</Field>
	<Field name="CompType" type="java.lang.String"><![CDATA[AP]]></Field>
	<Field name="DelegateClass" type="java.lang.String"><![CDATA[oracle.odi.domain.mapping.component.km.LKM_SQL_to_SQL_v2]]></Field>
	<Field name="DelegateScript" type="java.lang.String">null</Field>
	<Field name="ExpectedAstClass" type="java.lang.String"><![CDATA[oracle.odi.mapping.generation.SqlQuery]]></Field>
	<Field name="ExtVersion" type="java.lang.String">null</Field>
	<Field name="FirstDate" type="java.sql.Timestamp"><![CDATA[2020-10-27 09:05:37.0]]></Field>
	<Field name="FirstUser" type="java.lang.String"><![CDATA[SUNOPSIS_INSTALL]]></Field>
	<Field name="GlobalId" type="java.lang.String"><![CDATA[4ba39ece-2c8d-4e36-b7ac-8f3e261f5225]]></Field>
	<Field name="IndChange" type="java.lang.String">null</Field>
	<Field name="IndExcludeExUnitBegin" type="java.lang.String"><![CDATA[0]]></Field>
	<Field name="IndExcludeExUnitEnd" type="java.lang.String"><![CDATA[0]]></Field>
	<Field name="IndExcludeExUnitMain" type="java.lang.String"><![CDATA[0]]></Field>
	<Field name="IndExcludeMapBegin" type="java.lang.String"><![CDATA[0]]></Field>
	<Field name="IndExcludeMapCleanup" type="java.lang.String"><![CDATA[0]]></Field>
	<Field name="IndExcludeMapEnd" type="java.lang.String"><![CDATA[0]]></Field>
	<Field name="IndGenerateLoad" type="java.lang.String"><![CDATA[0]]></Field>
	<Field name="IndIsHidden" type="java.lang.String"><![CDATA[0]]></Field>
	<Field name="IndJrnMethod" type="java.lang.String">null</Field>
	<Field name="IndSuppSetBased" type="java.lang.String"><![CDATA[0]]></Field>
	<Field name="IntgType" type="java.lang.String"><![CDATA[APPEND_STAGED_DATA]]></Field>
	<Field name="IntVersion" type="com.sunopsis.sql.DbInt"><![CDATA[6]]></Field>
	<Field name="IsConcurrent" type="java.lang.String">null</Field>
	<Field name="IsSeeded" type="java.lang.String"><![CDATA[1]]></Field>
	<Field name="IBaseCompKm" type="com.sunopsis.sql.DbInt"><![CDATA[3]]></Field>
	<Field name="IFolder" type="com.sunopsis.sql.DbInt"><![CDATA[null]]></Field>
	<Field name="IProject" type="com.sunopsis.sql.DbInt"><![CDATA[null]]></Field>
	<Field name="IScBaseTrt" type="com.sunopsis.sql.DbInt"><![CDATA[null]]></Field>
	<Field name="IScOrigTrt" type="com.sunopsis.sql.DbInt"><![CDATA[null]]></Field>
	<Field name="IScTrt" type="com.sunopsis.sql.DbInt"><![CDATA[null]]></Field>
	<Field name="ITrt" type="com.sunopsis.sql.DbInt"><![CDATA[6]]></Field>
	<Field name="ITxtDelTxt" type="com.sunopsis.sql.DbInt"><![CDATA[null]]></Field>
	<Field name="ITxtTrtTxt" type="com.sunopsis.sql.DbInt"><![CDATA[1525]]></Field>
	<Field name="KimMultiDserver" type="java.lang.String"><![CDATA[1]]></Field>
	<Field name="KmDefault" type="java.lang.String"><![CDATA[0]]></Field>
	<Field name="KmLang" type="java.lang.String"><![CDATA[SQL]]></Field>
	<Field name="KmSrcLang" type="java.lang.String"><![CDATA[SQL]]></Field>
	<Field name="KmSrcTechno" type="java.lang.String"><![CDATA[GENERIC_SQL]]></Field>
	<Field name="KmTechno" type="java.lang.String"><![CDATA[HIVE]]></Field>
	<Field name="KmVersion" type="java.lang.String">null</Field>
	<Field name="LastDate" type="java.sql.Timestamp"><![CDATA[2020-10-27 18:39:45.0]]></Field>
	<Field name="LastUser" type="java.lang.String"><![CDATA[SUPERVISOR]]></Field>
	<Field name="LkmType" type="java.lang.String"><![CDATA[P]]></Field>
	<Field name="LChecksum" type="com.sunopsis.sql.DbInt"><![CDATA[0]]></Field>
	<Field name="LCode" type="java.lang.String">null</Field>
	<Field name="OggJkm" type="java.lang.String">null</Field>
	<Field name="OrdFolder" type="com.sunopsis.sql.DbInt"><![CDATA[null]]></Field>
	<Field name="ProcType" type="java.lang.String"><![CDATA[B]]></Field>
	<Field name="ProdAstType" type="java.lang.String"><![CDATA[oracle.odi.mapping.generation.SqlQuery]]></Field>
	<Field name="RepGuid" type="java.lang.String">null</Field>
	<Field name="RepVersion" type="java.lang.String">null</Field>
	<Field name="ScriptPath" type="java.lang.String">null</Field>
	<Field name="ScOrigTrtTag" type="java.lang.String">null</Field>
	<Field name="Subtype" type="java.lang.String"><![CDATA[INSERT:SELECT*]]></Field>
	<Field name="TrtName" type="java.lang.String"><![CDATA[LKM SQL to Hive (Built-In)]]></Field>
	<Field name="TrtType" type="java.lang.String"><![CDATA[KL]]></Field>
	<Field name="VariableDefs" type="java.lang.String">null</Field>
	<Field name="VLastDate" type="java.sql.Timestamp">null</Field>
</Object>
<Object class="com.sunopsis.dwg.dbobj.SnpReferencedObject">
		<Field name="IObject" type="com.sunopsis.sql.DbInt"><![CDATA[3600]]></Field>
	<Field name="ObjectPKasString" type="java.lang.String"><![CDATA[3]]></Field>
	<Field name="ObjectAKasString" type="java.lang.String"><![CDATA[]]></Field>
	<Field name="Description" type="java.lang.String"><![CDATA[SNP_TRT : LKM SQL to SQL (Built-In)]]></Field>
 <Field name="GlobalId" type="java.lang.String"><![CDATA[60d5661d-707c-4fe0-9a08-23277a11f9ca]]></Field>
</Object>
<Object class="com.sunopsis.dwg.dbobj.SnpKmTemplateJoin">
		<Field name="GlobalId" type="java.lang.String"><![CDATA[582fda94-51d2-45c0-ab56-17f5eddfc6ac]]></Field>
	<Field name="ISnpKmTemplate" type="com.sunopsis.sql.DbInt"><![CDATA[1]]></Field>
	<Field name="ISnpTrt" type="com.sunopsis.sql.DbInt"><![CDATA[6]]></Field>
</Object>
<Object class="com.sunopsis.dwg.dbobj.SnpKmTemplateJoin">
		<Field name="GlobalId" type="java.lang.String"><![CDATA[91f78d1c-d8de-4dc1-a449-418003e47e75]]></Field>
	<Field name="ISnpKmTemplate" type="com.sunopsis.sql.DbInt"><![CDATA[2]]></Field>
	<Field name="ISnpTrt" type="com.sunopsis.sql.DbInt"><![CDATA[6]]></Field>
</Object>
<Object class="com.sunopsis.dwg.dbobj.SnpKmTemplateJoin">
		<Field name="GlobalId" type="java.lang.String"><![CDATA[b3e1bec6-72db-4348-9dec-8f34ebedff45]]></Field>
	<Field name="ISnpKmTemplate" type="com.sunopsis.sql.DbInt"><![CDATA[3]]></Field>
	<Field name="ISnpTrt" type="com.sunopsis.sql.DbInt"><![CDATA[6]]></Field>
</Object>
<Object class="com.sunopsis.dwg.dbobj.SnpKmTemplateJoin">
		<Field name="GlobalId" type="java.lang.String"><![CDATA[47c3823f-4dc3-4b51-95d2-c635946cf432]]></Field>
	<Field name="ISnpKmTemplate" type="com.sunopsis.sql.DbInt"><![CDATA[5]]></Field>
	<Field name="ISnpTrt" type="com.sunopsis.sql.DbInt"><![CDATA[6]]></Field>
</Object>
<Object class="com.sunopsis.dwg.dbobj.SnpKmTemplateJoin">
		<Field name="GlobalId" type="java.lang.String"><![CDATA[2ce00b0e-9721-4d3a-b21a-9933e57b2f0a]]></Field>
	<Field name="ISnpKmTemplate" type="com.sunopsis.sql.DbInt"><![CDATA[6]]></Field>
	<Field name="ISnpTrt" type="com.sunopsis.sql.DbInt"><![CDATA[6]]></Field>
</Object>
<Object class="com.sunopsis.dwg.dbobj.SnpKmTemplateJoin">
		<Field name="GlobalId" type="java.lang.String"><![CDATA[de87e878-48de-4096-937c-a7049f7c649f]]></Field>
	<Field name="ISnpKmTemplate" type="com.sunopsis.sql.DbInt"><![CDATA[7]]></Field>
	<Field name="ISnpTrt" type="com.sunopsis.sql.DbInt"><![CDATA[6]]></Field>
</Object>
<Object class="com.sunopsis.dwg.dbobj.SnpKmTemplateJoin">
		<Field name="GlobalId" type="java.lang.String"><![CDATA[ba9c1b50-1992-47af-ad8b-f5ccf4874abd]]></Field>
	<Field name="ISnpKmTemplate" type="com.sunopsis.sql.DbInt"><![CDATA[9]]></Field>
	<Field name="ISnpTrt" type="com.sunopsis.sql.DbInt"><![CDATA[6]]></Field>
</Object>
<Object class="com.sunopsis.dwg.dbobj.SnpKmTemplateJoin">
		<Field name="GlobalId" type="java.lang.String"><![CDATA[24533983-7789-4197-8db0-6187595c1964]]></Field>
	<Field name="ISnpKmTemplate" type="com.sunopsis.sql.DbInt"><![CDATA[10]]></Field>
	<Field name="ISnpTrt" type="com.sunopsis.sql.DbInt"><![CDATA[6]]></Field>
</Object>
<Object class="com.sunopsis.dwg.dbobj.SnpKmTemplateJoin">
		<Field name="GlobalId" type="java.lang.String"><![CDATA[ec947666-7355-4899-8044-789c03aa286d]]></Field>
	<Field name="ISnpKmTemplate" type="com.sunopsis.sql.DbInt"><![CDATA[11]]></Field>
	<Field name="ISnpTrt" type="com.sunopsis.sql.DbInt"><![CDATA[6]]></Field>
</Object>
<Object class="com.sunopsis.dwg.dbobj.SnpKmTemplateJoin">
		<Field name="GlobalId" type="java.lang.String"><![CDATA[3ecb47fd-6a33-45dd-ad45-1a787a859965]]></Field>
	<Field name="ISnpKmTemplate" type="com.sunopsis.sql.DbInt"><![CDATA[12]]></Field>
	<Field name="ISnpTrt" type="com.sunopsis.sql.DbInt"><![CDATA[6]]></Field>
</Object>
<Object class="com.sunopsis.dwg.dbobj.SnpKmTemplateJoin">
		<Field name="GlobalId" type="java.lang.String"><![CDATA[95d3dfd4-5447-4e2c-99eb-d8193286845b]]></Field>
	<Field name="ISnpKmTemplate" type="com.sunopsis.sql.DbInt"><![CDATA[13]]></Field>
	<Field name="ISnpTrt" type="com.sunopsis.sql.DbInt"><![CDATA[6]]></Field>
</Object>
<Object class="com.sunopsis.dwg.dbobj.SnpKmTemplateJoin">
		<Field name="GlobalId" type="java.lang.String"><![CDATA[a096b72e-4b6f-4786-bb98-be1fe38327f7]]></Field>
	<Field name="ISnpKmTemplate" type="com.sunopsis.sql.DbInt"><![CDATA[14]]></Field>
	<Field name="ISnpTrt" type="com.sunopsis.sql.DbInt"><![CDATA[6]]></Field>
</Object>
<Object class="com.sunopsis.dwg.dbobj.SnpKmTemplateJoin">
		<Field name="GlobalId" type="java.lang.String"><![CDATA[3e0c3787-2ab9-44b1-b602-a8afa7260183]]></Field>
	<Field name="ISnpKmTemplate" type="com.sunopsis.sql.DbInt"><![CDATA[15]]></Field>
	<Field name="ISnpTrt" type="com.sunopsis.sql.DbInt"><![CDATA[6]]></Field>
</Object>
<Object class="com.sunopsis.dwg.dbobj.SnpKmTemplateJoin">
		<Field name="GlobalId" type="java.lang.String"><![CDATA[30c4ef45-e15f-4b70-b281-c233a654ae81]]></Field>
	<Field name="ISnpKmTemplate" type="com.sunopsis.sql.DbInt"><![CDATA[16]]></Field>
	<Field name="ISnpTrt" type="com.sunopsis.sql.DbInt"><![CDATA[6]]></Field>
</Object>
<Object class="com.sunopsis.dwg.dbobj.SnpKmTemplateJoin">
		<Field name="GlobalId" type="java.lang.String"><![CDATA[ad26c2dd-4c1e-4267-bbd7-f4aa6c8b17df]]></Field>
	<Field name="ISnpKmTemplate" type="com.sunopsis.sql.DbInt"><![CDATA[17]]></Field>
	<Field name="ISnpTrt" type="com.sunopsis.sql.DbInt"><![CDATA[6]]></Field>
</Object>
<Object class="com.sunopsis.dwg.dbobj.SnpKmTemplateJoin">
		<Field name="GlobalId" type="java.lang.String"><![CDATA[db080d3b-a956-41b7-a513-e24b59fffcc8]]></Field>
	<Field name="ISnpKmTemplate" type="com.sunopsis.sql.DbInt"><![CDATA[18]]></Field>
	<Field name="ISnpTrt" type="com.sunopsis.sql.DbInt"><![CDATA[6]]></Field>
</Object>
<Object class="com.sunopsis.dwg.dbobj.SnpKmTemplateJoin">
		<Field name="GlobalId" type="java.lang.String"><![CDATA[89df4828-7643-40fa-8de8-ff64e57938c6]]></Field>
	<Field name="ISnpKmTemplate" type="com.sunopsis.sql.DbInt"><![CDATA[25]]></Field>
	<Field name="ISnpTrt" type="com.sunopsis.sql.DbInt"><![CDATA[6]]></Field>
</Object>
<Object class="com.sunopsis.dwg.dbobj.SnpKmTemplateJoin">
		<Field name="GlobalId" type="java.lang.String"><![CDATA[43aecf4b-25c8-4c47-b961-bc51103286be]]></Field>
	<Field name="ISnpKmTemplate" type="com.sunopsis.sql.DbInt"><![CDATA[30]]></Field>
	<Field name="ISnpTrt" type="com.sunopsis.sql.DbInt"><![CDATA[6]]></Field>
</Object>
<Object class="com.sunopsis.dwg.dbobj.SnpKmTemplateJoin">
		<Field name="GlobalId" type="java.lang.String"><![CDATA[507359e0-da55-4165-b8c3-5bfd93c4eed2]]></Field>
	<Field name="ISnpKmTemplate" type="com.sunopsis.sql.DbInt"><![CDATA[37]]></Field>
	<Field name="ISnpTrt" type="com.sunopsis.sql.DbInt"><![CDATA[6]]></Field>
</Object>
<Object class="com.sunopsis.dwg.dbobj.SnpKmTemplateJoin">
		<Field name="GlobalId" type="java.lang.String"><![CDATA[206e9f79-f267-4027-a38c-2806a076ff14]]></Field>
	<Field name="ISnpKmTemplate" type="com.sunopsis.sql.DbInt"><![CDATA[46]]></Field>
	<Field name="ISnpTrt" type="com.sunopsis.sql.DbInt"><![CDATA[6]]></Field>
</Object>
<Object class="com.sunopsis.dwg.dbobj.SnpTxtHeader">
		<Field name="Enc" type="java.lang.String">null</Field>
	<Field name="EncKey" type="java.lang.String">null</Field>
 <Field name="EncKeyVect" type="java.lang.String">null</Field>
	<Field name="GlobalId" type="java.lang.String"><![CDATA[4f7eb87d-15a2-4fe6-a1af-9ee9c0ae8353]]></Field>
	<Field name="ITxt" type="com.sunopsis.sql.DbInt"><![CDATA[1525]]></Field>
	<Field name="ITxtOrig" type="com.sunopsis.sql.DbInt"><![CDATA[107]]></Field>
	<Field name="SqlIndGrp" type="java.lang.String"><![CDATA[0]]></Field>
 <Field name="Txt" type="java.lang.String"><![CDATA[COMPONENT NAME: LKM SQL to Hive (Built-In)
COMPONENT VERSION: 12.2.1.3.0
AUTHOR: Oracle
COMPATIBILITY: ODI 12.1.2.0.0 or above

DESCRIPTION:

Generic data transfer through agent using JDBC, to Hive.]]></Field>
</Object>
<Object class="com.sunopsis.dwg.dbobj.SnpOrigTxt">
		<Field name="GlobalId" type="java.lang.String">null</Field>
	<Field name="ITxtOrig" type="com.sunopsis.sql.DbInt"><![CDATA[107]]></Field>
	<Field name="OrigineName" type="java.lang.String"><![CDATA[Edit Command]]></Field>
	<Field name="SnpsCol" type="java.lang.String"><![CDATA[I_TXT_TRT_TXT]]></Field>
	<Field name="SnpsTable" type="java.lang.String"><![CDATA[SNP_TRT]]></Field>
</Object>
<Object class="com.sunopsis.dwg.dbobj.SnpLineTrt">
		<Field name="AlwaysExe" type="java.lang.String"><![CDATA[1]]></Field>
	<Field name="BrpId" type="com.sunopsis.sql.DbInt"><![CDATA[null]]></Field>
	<Field name="ColConnectId" type="java.lang.String">null</Field>
	<Field name="ColContextCode" type="java.lang.String">null</Field>
	<Field name="ColIndCommit" type="java.lang.String">null</Field>
	<Field name="ColIsolLevel" type="java.lang.String">null</Field>
	<Field name="ColITxt" type="com.sunopsis.sql.DbInt"><![CDATA[null]]></Field>
	<Field name="ColLanguage" type="java.lang.String">null</Field>
	<Field name="ColLschemaName" type="java.lang.String">null</Field>
	<Field name="ColTechno" type="java.lang.String">null</Field>
	<Field name="DefConnectId" type="java.lang.String">null</Field>
	<Field name="DefContextCode" type="java.lang.String">null</Field>
	<Field name="DefIndCommit" type="java.lang.String">null</Field>
	<Field name="DefIsolLevel" type="java.lang.String"><![CDATA[D]]></Field>
	<Field name="DefITxt" type="com.sunopsis.sql.DbInt"><![CDATA[1526]]></Field>
	<Field name="DefLanguage" type="java.lang.String"><![CDATA[SQL]]></Field>
	<Field name="DefLschemaName" type="java.lang.String">null</Field>
	<Field name="DefTechno" type="java.lang.String"><![CDATA[GENERIC_SQL]]></Field>
	<Field name="ExeChannel" type="java.lang.String"><![CDATA[J]]></Field>
	<Field name="FirstDate" type="java.sql.Timestamp">null</Field>
	<Field name="FirstUser" type="java.lang.String">null</Field>
	<Field name="GlobalId" type="java.lang.String"><![CDATA[6A46530408EB79BAE053E603C40AA1C9]]></Field>
	<Field name="IndErr" type="java.lang.String"><![CDATA[1]]></Field>
	<Field name="IndLogFinalCmd" type="java.lang.String"><![CDATA[0]]></Field>
	<Field name="IndLogNb" type="java.lang.String">null</Field>
	<Field name="ILineTrt" type="com.sunopsis.sql.DbInt"><![CDATA[9]]></Field>
	<Field name="IRefLineTrt" type="com.sunopsis.sql.DbInt"><![CDATA[null]]></Field>
	<Field name="IRefTrt" type="com.sunopsis.sql.DbInt"><![CDATA[null]]></Field>
	<Field name="ITrt" type="com.sunopsis.sql.DbInt"><![CDATA[6]]></Field>
	<Field name="KcmAk" type="java.lang.String">null</Field>
	<Field name="KcmCond" type="java.lang.String">null</Field>
	<Field name="KcmErrDel" type="java.lang.String">null</Field>
	<Field name="KcmJoin" type="java.lang.String">null</Field>
	<Field name="KcmNull" type="java.lang.String">null</Field>
	<Field name="KcmPk" type="java.lang.String">null</Field>
	<Field name="KimDrvdSel" type="java.lang.String"><![CDATA[0]]></Field>
	<Field name="KimIdx" type="java.lang.String">null</Field>
	<Field name="KimJrn" type="java.lang.String"><![CDATA[0]]></Field>
	<Field name="KimJrnPop" type="java.lang.String"><![CDATA[0]]></Field>
	<Field name="KjmCreate" type="java.lang.String">null</Field>
	<Field name="KjmDrop" type="java.lang.String">null</Field>
	<Field name="KjmExtend" type="java.lang.String">null</Field>
	<Field name="KjmInstall" type="java.lang.String">null</Field>
	<Field name="KjmLock" type="java.lang.String">null</Field>
	<Field name="KjmPurge" type="java.lang.String">null</Field>
	<Field name="KjmSetInstall" type="java.lang.String">null</Field>
	<Field name="KjmSetUninstall" type="java.lang.String">null</Field>
	<Field name="KjmSubscribe" type="java.lang.String">null</Field>
	<Field name="KjmTableOrder" type="java.lang.String">null</Field>
	<Field name="KjmUninstall" type="java.lang.String">null</Field>
	<Field name="KjmUnlock" type="java.lang.String">null</Field>
	<Field name="KjmUnsubscribe" type="java.lang.String">null</Field>
	<Field name="KlmAfterInt" type="java.lang.String">null</Field>
	<Field name="KlmIdx" type="java.lang.String"><![CDATA[0]]></Field>
	<Field name="KlmJrn" type="java.lang.String"><![CDATA[0]]></Field>
	<Field name="LastDate" type="java.sql.Timestamp"><![CDATA[2020-10-27 18:39:45.0]]></Field>
	<Field name="LastUser" type="java.lang.String"><![CDATA[SUPERVISOR]]></Field>
	<Field name="LineType" type="java.lang.String"><![CDATA[L]]></Field>
	<Field name="LogLevDet" type="java.lang.String"><![CDATA[3]]></Field>
	<Field name="MapTaskType" type="java.lang.String"><![CDATA[MB]]></Field>
	<Field name="OrdTrt" type="com.sunopsis.sql.DbInt"><![CDATA[10]]></Field>
	<Field name="SqlName" type="java.lang.String"><![CDATA[Create staging (C$) table]]></Field>
	<Field name="SupportedSubtypes" type="java.lang.String"><![CDATA[INSERT]]></Field>
	<Field name="VariableDefs" type="java.lang.String">null</Field>
</Object>
<Object class="com.sunopsis.dwg.dbobj.SnpTxtHeader">
		<Field name="Enc" type="java.lang.String">null</Field>
	<Field name="EncKey" type="java.lang.String">null</Field>
 <Field name="EncKeyVect" type="java.lang.String">null</Field>
	<Field name="GlobalId" type="java.lang.String"><![CDATA[be3c7443-3956-493f-a2e5-d1a83b055a40]]></Field>
	<Field name="ITxt" type="com.sunopsis.sql.DbInt"><![CDATA[1526]]></Field>
	<Field name="ITxtOrig" type="com.sunopsis.sql.DbInt"><![CDATA[102]]></Field>
	<Field name="SqlIndGrp" type="java.lang.String"><![CDATA[2]]></Field>
 <Field name="Txt" type="java.lang.String"><![CDATA[
create table $[generatorContext.getAPNodeCollTableAccessName()]
(
  $[generatorContext.getAPNodeCreateTableColumnList()]
)
]]></Field>
</Object>
<Object class="com.sunopsis.dwg.dbobj.SnpOrigTxt">
		<Field name="GlobalId" type="java.lang.String">null</Field>
	<Field name="ITxtOrig" type="com.sunopsis.sql.DbInt"><![CDATA[102]]></Field>
	<Field name="OrigineName" type="java.lang.String"><![CDATA[Target Technology]]></Field>
	<Field name="SnpsCol" type="java.lang.String"><![CDATA[DEF_I_TXT]]></Field>
	<Field name="SnpsTable" type="java.lang.String"><![CDATA[SNP_LINE_TRT]]></Field>
</Object>
<Object class="com.sunopsis.dwg.dbobj.SnpFKXRef">
		<Field name="RefKey" type="java.lang.String"><![CDATA[SNP_TXTHEADER.1525]]></Field>
	<Field name="RefObjGlobalId" type="java.lang.String"><![CDATA[4f7eb87d-15a2-4fe6-a1af-9ee9c0ae8353]]></Field>
 <Field name="RefObjFQName" type="java.lang.String">null</Field>
 <Field name="RefObjFQType" type="java.lang.String">null</Field>
 <Field name="RefObjFQNameLengths" type="java.lang.String">null</Field>
</Object>
<Object class="com.sunopsis.dwg.dbobj.SnpFKXRef">
		<Field name="RefKey" type="java.lang.String"><![CDATA[SNP_TRT.3]]></Field>
	<Field name="RefObjGlobalId" type="java.lang.String"><![CDATA[60d5661d-707c-4fe0-9a08-23277a11f9ca]]></Field>
 <Field name="RefObjFQName" type="java.lang.String"><![CDATA[LKM SQL to SQL (Built-In)]]></Field>
 <Field name="RefObjFQType" type="java.lang.String"><![CDATA[SNP_TRT]]></Field>
 <Field name="RefObjFQNameLengths" type="java.lang.String"><![CDATA[25]]></Field>
</Object>
<Object class="com.sunopsis.dwg.dbobj.SnpFKXRef">
		<Field name="RefKey" type="java.lang.String"><![CDATA[SNP_TRT.6]]></Field>
	<Field name="RefObjGlobalId" type="java.lang.String"><![CDATA[4ba39ece-2c8d-4e36-b7ac-8f3e261f5225]]></Field>
 <Field name="RefObjFQName" type="java.lang.String"><![CDATA[LKM SQL to Hive (Built-In)]]></Field>
 <Field name="RefObjFQType" type="java.lang.String"><![CDATA[SNP_TRT]]></Field>
 <Field name="RefObjFQNameLengths" type="java.lang.String"><![CDATA[26]]></Field>
</Object>
<Object class="com.sunopsis.dwg.dbobj.SnpFKXRef">
		<Field name="RefKey" type="java.lang.String"><![CDATA[SNP_KMTEMPLATE.1]]></Field>
	<Field name="RefObjGlobalId" type="java.lang.String"><![CDATA[fa46d13c-2d00-11e6-93ac-00163e1ffd72]]></Field>
 <Field name="RefObjFQName" type="java.lang.String"><![CDATA[SqlQuery]]></Field>
 <Field name="RefObjFQType" type="java.lang.String"><![CDATA[SNP_KMTEMPLATE]]></Field>
 <Field name="RefObjFQNameLengths" type="java.lang.String"><![CDATA[8]]></Field>
</Object>
<Object class="com.sunopsis.dwg.dbobj.SnpFKXRef">
		<Field name="RefKey" type="java.lang.String"><![CDATA[SNP_KMTEMPLATE.2]]></Field>
	<Field name="RefObjGlobalId" type="java.lang.String"><![CDATA[bf13b3ba-8c7a-4b2b-bf69-958af8d2c34d]]></Field>
 <Field name="RefObjFQName" type="java.lang.String"><![CDATA[SetQuery]]></Field>
 <Field name="RefObjFQType" type="java.lang.String"><![CDATA[SNP_KMTEMPLATE]]></Field>
 <Field name="RefObjFQNameLengths" type="java.lang.String"><![CDATA[8]]></Field>
</Object>
<Object class="com.sunopsis.dwg.dbobj.SnpFKXRef">
		<Field name="RefKey" type="java.lang.String"><![CDATA[SNP_KMTEMPLATE.3]]></Field>
	<Field name="RefObjGlobalId" type="java.lang.String"><![CDATA[4b687bdb-e349-478e-8f15-06332eeab958]]></Field>
 <Field name="RefObjFQName" type="java.lang.String"><![CDATA[GenericSqlQuery]]></Field>
 <Field name="RefObjFQType" type="java.lang.String"><![CDATA[SNP_KMTEMPLATE]]></Field>
 <Field name="RefObjFQNameLengths" type="java.lang.String"><![CDATA[15]]></Field>
</Object>
<Object class="com.sunopsis.dwg.dbobj.SnpFKXRef">
		<Field name="RefKey" type="java.lang.String"><![CDATA[SNP_KMTEMPLATE.5]]></Field>
	<Field name="RefObjGlobalId" type="java.lang.String"><![CDATA[fa46d4b6-2d00-11e6-93ad-00163e1ffd72]]></Field>
 <Field name="RefObjFQName" type="java.lang.String"><![CDATA[SelectText]]></Field>
 <Field name="RefObjFQType" type="java.lang.String"><![CDATA[SNP_KMTEMPLATE]]></Field>
 <Field name="RefObjFQNameLengths" type="java.lang.String"><![CDATA[10]]></Field>
</Object>
<Object class="com.sunopsis.dwg.dbobj.SnpFKXRef">
		<Field name="RefKey" type="java.lang.String"><![CDATA[SNP_KMTEMPLATE.6]]></Field>
	<Field name="RefObjGlobalId" type="java.lang.String"><![CDATA[fa46d4f2-2d00-11e6-93ae-00163e1ffd72]]></Field>
 <Field name="RefObjFQName" type="java.lang.String"><![CDATA[FromText]]></Field>
 <Field name="RefObjFQType" type="java.lang.String"><![CDATA[SNP_KMTEMPLATE]]></Field>
 <Field name="RefObjFQNameLengths" type="java.lang.String"><![CDATA[8]]></Field>
</Object>
<Object class="com.sunopsis.dwg.dbobj.SnpFKXRef">
		<Field name="RefKey" type="java.lang.String"><![CDATA[SNP_KMTEMPLATE.7]]></Field>
	<Field name="RefObjGlobalId" type="java.lang.String"><![CDATA[fa46d51a-2d00-11e6-93af-00163e1ffd72]]></Field>
 <Field name="RefObjFQName" type="java.lang.String"><![CDATA[ConstantFromClauseText]]></Field>
 <Field name="RefObjFQType" type="java.lang.String"><![CDATA[SNP_KMTEMPLATE]]></Field>
 <Field name="RefObjFQNameLengths" type="java.lang.String"><![CDATA[22]]></Field>
</Object>
<Object class="com.sunopsis.dwg.dbobj.SnpFKXRef">
		<Field name="RefKey" type="java.lang.String"><![CDATA[SNP_KMTEMPLATE.9]]></Field>
	<Field name="RefObjGlobalId" type="java.lang.String"><![CDATA[fa46f3ce-2d00-11e6-9458-00163e1ffd72]]></Field>
 <Field name="RefObjFQName" type="java.lang.String"><![CDATA[JoinTable]]></Field>
 <Field name="RefObjFQType" type="java.lang.String"><![CDATA[SNP_KMTEMPLATE]]></Field>
 <Field name="RefObjFQNameLengths" type="java.lang.String"><![CDATA[9]]></Field>
</Object>
<Object class="com.sunopsis.dwg.dbobj.SnpFKXRef">
		<Field name="RefKey" type="java.lang.String"><![CDATA[SNP_KMTEMPLATE.10]]></Field>
	<Field name="RefObjGlobalId" type="java.lang.String"><![CDATA[fa46f3a6-2d00-11e6-9457-00163e1ffd72]]></Field>
 <Field name="RefObjFQName" type="java.lang.String"><![CDATA[Table]]></Field>
 <Field name="RefObjFQType" type="java.lang.String"><![CDATA[SNP_KMTEMPLATE]]></Field>
 <Field name="RefObjFQNameLengths" type="java.lang.String"><![CDATA[5]]></Field>
</Object>
<Object class="com.sunopsis.dwg.dbobj.SnpFKXRef">
		<Field name="RefKey" type="java.lang.String"><![CDATA[SNP_KMTEMPLATE.11]]></Field>
	<Field name="RefObjGlobalId" type="java.lang.String"><![CDATA[fa46d592-2d00-11e6-93b2-00163e1ffd72]]></Field>
 <Field name="RefObjFQName" type="java.lang.String"><![CDATA[WhereText]]></Field>
 <Field name="RefObjFQType" type="java.lang.String"><![CDATA[SNP_KMTEMPLATE]]></Field>
 <Field name="RefObjFQNameLengths" type="java.lang.String"><![CDATA[9]]></Field>
</Object>
<Object class="com.sunopsis.dwg.dbobj.SnpFKXRef">
		<Field name="RefKey" type="java.lang.String"><![CDATA[SNP_KMTEMPLATE.12]]></Field>
	<Field name="RefObjGlobalId" type="java.lang.String"><![CDATA[fa46d5b0-2d00-11e6-93b3-00163e1ffd72]]></Field>
 <Field name="RefObjFQName" type="java.lang.String"><![CDATA[HavingText]]></Field>
 <Field name="RefObjFQType" type="java.lang.String"><![CDATA[SNP_KMTEMPLATE]]></Field>
 <Field name="RefObjFQNameLengths" type="java.lang.String"><![CDATA[10]]></Field>
</Object>
<Object class="com.sunopsis.dwg.dbobj.SnpFKXRef">
		<Field name="RefKey" type="java.lang.String"><![CDATA[SNP_KMTEMPLATE.13]]></Field>
	<Field name="RefObjGlobalId" type="java.lang.String"><![CDATA[fa46d5d8-2d00-11e6-93b4-00163e1ffd72]]></Field>
 <Field name="RefObjFQName" type="java.lang.String"><![CDATA[GroupByText]]></Field>
 <Field name="RefObjFQType" type="java.lang.String"><![CDATA[SNP_KMTEMPLATE]]></Field>
 <Field name="RefObjFQNameLengths" type="java.lang.String"><![CDATA[11]]></Field>
</Object>
<Object class="com.sunopsis.dwg.dbobj.SnpFKXRef">
		<Field name="RefKey" type="java.lang.String"><![CDATA[SNP_KMTEMPLATE.14]]></Field>
	<Field name="RefObjGlobalId" type="java.lang.String"><![CDATA[fa46d600-2d00-11e6-93b5-00163e1ffd72]]></Field>
 <Field name="RefObjFQName" type="java.lang.String"><![CDATA[OrderByText]]></Field>
 <Field name="RefObjFQType" type="java.lang.String"><![CDATA[SNP_KMTEMPLATE]]></Field>
 <Field name="RefObjFQNameLengths" type="java.lang.String"><![CDATA[11]]></Field>
</Object>
<Object class="com.sunopsis.dwg.dbobj.SnpFKXRef">
		<Field name="RefKey" type="java.lang.String"><![CDATA[SNP_KMTEMPLATE.15]]></Field>
	<Field name="RefObjGlobalId" type="java.lang.String"><![CDATA[fa46d628-2d00-11e6-93b6-00163e1ffd72]]></Field>
 <Field name="RefObjFQName" type="java.lang.String"><![CDATA[SetOperationText]]></Field>
 <Field name="RefObjFQType" type="java.lang.String"><![CDATA[SNP_KMTEMPLATE]]></Field>
 <Field name="RefObjFQNameLengths" type="java.lang.String"><![CDATA[16]]></Field>
</Object>
<Object class="com.sunopsis.dwg.dbobj.SnpFKXRef">
		<Field name="RefKey" type="java.lang.String"><![CDATA[SNP_KMTEMPLATE.16]]></Field>
	<Field name="RefObjGlobalId" type="java.lang.String"><![CDATA[fa46d650-2d00-11e6-93b7-00163e1ffd72]]></Field>
 <Field name="RefObjFQName" type="java.lang.String"><![CDATA[PivotText]]></Field>
 <Field name="RefObjFQType" type="java.lang.String"><![CDATA[SNP_KMTEMPLATE]]></Field>
 <Field name="RefObjFQNameLengths" type="java.lang.String"><![CDATA[9]]></Field>
</Object>
<Object class="com.sunopsis.dwg.dbobj.SnpFKXRef">
		<Field name="RefKey" type="java.lang.String"><![CDATA[SNP_KMTEMPLATE.17]]></Field>
	<Field name="RefObjGlobalId" type="java.lang.String"><![CDATA[fa46d678-2d00-11e6-93b8-00163e1ffd72]]></Field>
 <Field name="RefObjFQName" type="java.lang.String"><![CDATA[PreSelectList]]></Field>
 <Field name="RefObjFQType" type="java.lang.String"><![CDATA[SNP_KMTEMPLATE]]></Field>
 <Field name="RefObjFQNameLengths" type="java.lang.String"><![CDATA[13]]></Field>
</Object>
<Object class="com.sunopsis.dwg.dbobj.SnpFKXRef">
		<Field name="RefKey" type="java.lang.String"><![CDATA[SNP_KMTEMPLATE.18]]></Field>
	<Field name="RefObjGlobalId" type="java.lang.String"><![CDATA[fa46d696-2d00-11e6-93b9-00163e1ffd72]]></Field>
 <Field name="RefObjFQName" type="java.lang.String"><![CDATA[PostQuery]]></Field>
 <Field name="RefObjFQType" type="java.lang.String"><![CDATA[SNP_KMTEMPLATE]]></Field>
 <Field name="RefObjFQNameLengths" type="java.lang.String"><![CDATA[9]]></Field>
</Object>
<Object class="com.sunopsis.dwg.dbobj.SnpFKXRef">
		<Field name="RefKey" type="java.lang.String"><![CDATA[SNP_KMTEMPLATE.25]]></Field>
	<Field name="RefObjGlobalId" type="java.lang.String"><![CDATA[fa46d77c-2d00-11e6-93bf-00163e1ffd72]]></Field>
 <Field name="RefObjFQName" type="java.lang.String"><![CDATA[AgentStreamingInsertStatement]]></Field>
 <Field name="RefObjFQType" type="java.lang.String"><![CDATA[SNP_KMTEMPLATE]]></Field>
 <Field name="RefObjFQNameLengths" type="java.lang.String"><![CDATA[29]]></Field>
</Object>
<Object class="com.sunopsis.dwg.dbobj.SnpFKXRef">
		<Field name="RefKey" type="java.lang.String"><![CDATA[SNP_KMTEMPLATE.30]]></Field>
	<Field name="RefObjGlobalId" type="java.lang.String"><![CDATA[c4633cfe-e55c-4fc2-8556-c2a8de93b01c]]></Field>
 <Field name="RefObjFQName" type="java.lang.String"><![CDATA[SourceMapAttribute]]></Field>
 <Field name="RefObjFQType" type="java.lang.String"><![CDATA[SNP_KMTEMPLATE]]></Field>
 <Field name="RefObjFQNameLengths" type="java.lang.String"><![CDATA[18]]></Field>
</Object>
<Object class="com.sunopsis.dwg.dbobj.SnpFKXRef">
		<Field name="RefKey" type="java.lang.String"><![CDATA[SNP_KMTEMPLATE.37]]></Field>
	<Field name="RefObjGlobalId" type="java.lang.String"><![CDATA[fa46d8e4-2d00-11e6-93c8-00163e1ffd72]]></Field>
 <Field name="RefObjFQName" type="java.lang.String"><![CDATA[TableFunctionReference]]></Field>
 <Field name="RefObjFQType" type="java.lang.String"><![CDATA[SNP_KMTEMPLATE]]></Field>
 <Field name="RefObjFQNameLengths" type="java.lang.String"><![CDATA[22]]></Field>
</Object>
<Object class="com.sunopsis.dwg.dbobj.SnpFKXRef">
		<Field name="RefKey" type="java.lang.String"><![CDATA[SNP_KMTEMPLATE.46]]></Field>
	<Field name="RefObjGlobalId" type="java.lang.String"><![CDATA[fa46f3ec-2d00-11e6-9459-00163e1ffd72]]></Field>
 <Field name="RefObjFQName" type="java.lang.String"><![CDATA[FileSqlQuery]]></Field>
 <Field name="RefObjFQType" type="java.lang.String"><![CDATA[SNP_KMTEMPLATE]]></Field>
 <Field name="RefObjFQNameLengths" type="java.lang.String"><![CDATA[12]]></Field>
</Object>
<Object class="com.sunopsis.dwg.dbobj.SnpFKXRef">
		<Field name="RefKey" type="java.lang.String"><![CDATA[SNP_TXTHEADER.1526]]></Field>
	<Field name="RefObjGlobalId" type="java.lang.String"><![CDATA[be3c7443-3956-493f-a2e5-d1a83b055a40]]></Field>
 <Field name="RefObjFQName" type="java.lang.String">null</Field>
 <Field name="RefObjFQType" type="java.lang.String">null</Field>
 <Field name="RefObjFQNameLengths" type="java.lang.String">null</Field>
</Object>
<Object class="com.sunopsis.dwg.DwgExportSummary">
		<Field name="ExpTxtNb" type="com.sunopsis.sql.DbInt"><![CDATA[0]]></Field>
	<Field name="InstObjNb" type="com.sunopsis.sql.DbInt"><![CDATA[0]]></Field>
	<Field name="JoinColNb" type="com.sunopsis.sql.DbInt"><![CDATA[0]]></Field>
	<Field name="JoinNb" type="com.sunopsis.sql.DbInt"><![CDATA[0]]></Field>
	<Field name="KeyColNb" type="com.sunopsis.sql.DbInt"><![CDATA[0]]></Field>
	<Field name="KeyNb" type="com.sunopsis.sql.DbInt"><![CDATA[0]]></Field>
	<Field name="LinkDiagNb" type="com.sunopsis.sql.DbInt"><![CDATA[0]]></Field>
	<Field name="MorigTxtNb" type="com.sunopsis.sql.DbInt"><![CDATA[0]]></Field>
	<Field name="MtxtNb" type="com.sunopsis.sql.DbInt"><![CDATA[0]]></Field>
	<Field name="OrigTxtNb" type="com.sunopsis.sql.DbInt"><![CDATA[2]]></Field>
	<Field name="OtherObjectsNb" type="com.sunopsis.sql.DbInt"><![CDATA[22]]></Field>
	<Field name="PlanAgentNb" type="com.sunopsis.sql.DbInt"><![CDATA[0]]></Field>
	<Field name="StepNb" type="com.sunopsis.sql.DbInt"><![CDATA[0]]></Field>
	<Field name="TxtNb" type="com.sunopsis.sql.DbInt"><![CDATA[2]]></Field>
	<Field name="UeOrigNb" type="com.sunopsis.sql.DbInt"><![CDATA[0]]></Field>
	<Field name="UeUsedNb" type="com.sunopsis.sql.DbInt"><![CDATA[0]]></Field>
	<Field name="VarPlanAgentNb" type="com.sunopsis.sql.DbInt"><![CDATA[0]]></Field>
	<Field name="ScenTxtNb" type="com.sunopsis.sql.DbInt"><![CDATA[0]]></Field>
	<Field name="OdiVersion" type="java.lang.String"><![CDATA[12.2.1]]></Field>
	<Field name="OriginRepositoryID" type="com.sunopsis.sql.DbInt"><![CDATA[1]]></Field>
	<Field name="RepositoryVersion" type="java.lang.String"><![CDATA[05.02.02.09]]></Field>
</Object>
</SunopsisExport>
