<?xml version="1.0" encoding="UTF-8"?>
<SunopsisExport>
<Admin RepositoryVersion="05.02.02.09" IsLegacyIdCompatible="false" />
<Encryption algorithm="AES" keyLength="128" exportKeyHash="raxs0/ZX+l0nYS2DTWAwRlKBhkpogUIxBPEbJO+L5Gw=" keyVect="eEz6mMXhnsMMaM+kJuqIKQ==" exportKeySalt="9a99cb41-2111-4e6c-81bc-0e1a3e5fe3cf" containsCipherText="false"/>
<Object class="com.sunopsis.dwg.dbobj.SnpTrt">
		<Field name="CleanupOnError" type="java.lang.String">null</Field>
	<Field name="CompType" type="java.lang.String"><![CDATA[DISTINCT]]></Field>
	<Field name="DelegateClass" type="java.lang.String"><![CDATA[XKM_Spark_Distinct]]></Field>
	<Field name="DelegateScript" type="java.lang.String"><![CDATA[

import oracle.odi.mapping.generation.spark.*	
import oracle.odi.domain.odireference.*	
import oracle.odi.domain.adapter.*	
import oracle.odi.domain.adapter.topology.*	
import oracle.odi.domain.adapter.relational.*	
import oracle.odi.domain.adapter.project.*
import oracle.odi.domain.adapter.project.IKnowledgeModule.ProcessingType	
import oracle.odi.domain.mapping.*	
import oracle.odi.domain.mapping.component.*	
import oracle.odi.domain.mapping.physical.*	
import oracle.odi.domain.mapping.generator.*	
import oracle.odi.domain.project.*	
import oracle.odi.mapping.generation.*
import oracle.odi.mapping.generation.AbstractSyntaxTree.ASTProducerMethod;
import oracle.odi.domain.mapping.generator.KMGeneratorDelegateRegistry.GeneratorDelegateClass;

	 @GeneratorDelegateClass(componentType=AggregateComponent.COMPONENT_TYPE_NAME, descriptionKey="GeneratorDelegateClass.SparkDistinctCompKM")
     public class XKM_Spark_Distinct extends SparkKM {
	    	@ASTProducerMethod(processingType=ProcessingType.SOURCE,producedASTType=SparkScript.class, styleKey="ProcessingStyleKey.SparkDistinct.SELECT")
            SparkScript SELECT(SparkScript inputScript) {

            supportDataFrames('XKM Spark Distinct', true);

            def sparkDistinctCmd = new SparkDistinctCmd(physicalNode.getTemplateUtils(), physicalNode);
        
            List<SparkScript> inputScripts = new ArrayList<SparkScript>(1);
            inputScripts.add(inputScript);
            SparkScript distinctScript = new SparkScript(physicalNode.getTemplateUtils(), inputScripts);
            distinctScript.addChild(sparkDistinctCmd);
            
              List<oracle.odi.domain.mapping.expression.MapExpression> targetAttributeExprs = new ArrayList<oracle.odi.domain.mapping.expression.MapExpression>();
              List<String> targetAttributeNames = new ArrayList<String>();
        
              List<MapAttribute> attrs = component.getAttributes();
              for (oracle.odi.domain.mapping.MapAttribute mapAttribute : attrs)
              {
                targetAttributeExprs.add(mapAttribute.getExpression()); 
                targetAttributeNames.add(mapAttribute.getName());
              }
              sparkDistinctCmd.setTargetAttrExprs(targetAttributeExprs);
              sparkDistinctCmd.setTargetAttrNames(targetAttributeNames);
        
              // Processes WINDOW_AGGREGATION, WINDOWING, WINDOW_LENGTH, and SLIDING_INTERVAL options
              sparkDistinctCmd.setWindowingValues(sparkDistinctCmd);
              
              sparkDistinctCmd.setUseSQLExpressions(getOptionValue("SQL_EXPRESSIONS").equalsIgnoreCase("true") ? true : false)
              
              return distinctScript;
            }
        }
    ]]></Field>
	<Field name="ExpectedAstClass" type="java.lang.String">null</Field>
	<Field name="ExtVersion" type="java.lang.String">null</Field>
	<Field name="FirstDate" type="java.sql.Timestamp"><![CDATA[2020-10-28 07:08:07.0]]></Field>
	<Field name="FirstUser" type="java.lang.String"><![CDATA[SUNOPSIS_INSTALL]]></Field>
	<Field name="GlobalId" type="java.lang.String"><![CDATA[ba7c4f03-6d6d-47bd-b6f7-18c5d4bc9e11]]></Field>
	<Field name="IndChange" type="java.lang.String">null</Field>
	<Field name="IndExcludeExUnitBegin" type="java.lang.String"><![CDATA[0]]></Field>
	<Field name="IndExcludeExUnitEnd" type="java.lang.String"><![CDATA[0]]></Field>
	<Field name="IndExcludeExUnitMain" type="java.lang.String"><![CDATA[0]]></Field>
	<Field name="IndExcludeMapBegin" type="java.lang.String"><![CDATA[0]]></Field>
	<Field name="IndExcludeMapCleanup" type="java.lang.String"><![CDATA[0]]></Field>
	<Field name="IndExcludeMapEnd" type="java.lang.String"><![CDATA[0]]></Field>
	<Field name="IndGenerateLoad" type="java.lang.String"><![CDATA[1]]></Field>
	<Field name="IndIsHidden" type="java.lang.String"><![CDATA[0]]></Field>
	<Field name="IndJrnMethod" type="java.lang.String">null</Field>
	<Field name="IndSuppSetBased" type="java.lang.String"><![CDATA[0]]></Field>
	<Field name="IntgType" type="java.lang.String"><![CDATA[SELECT]]></Field>
	<Field name="IntVersion" type="com.sunopsis.sql.DbInt"><![CDATA[3]]></Field>
	<Field name="IsConcurrent" type="java.lang.String">null</Field>
	<Field name="IsSeeded" type="java.lang.String"><![CDATA[1]]></Field>
	<Field name="IBaseCompKm" type="com.sunopsis.sql.DbInt"><![CDATA[133]]></Field>
	<Field name="IFolder" type="com.sunopsis.sql.DbInt"><![CDATA[null]]></Field>
	<Field name="IProject" type="com.sunopsis.sql.DbInt"><![CDATA[null]]></Field>
	<Field name="IScBaseTrt" type="com.sunopsis.sql.DbInt"><![CDATA[null]]></Field>
	<Field name="IScOrigTrt" type="com.sunopsis.sql.DbInt"><![CDATA[null]]></Field>
	<Field name="IScTrt" type="com.sunopsis.sql.DbInt"><![CDATA[null]]></Field>
	<Field name="ITrt" type="com.sunopsis.sql.DbInt"><![CDATA[153]]></Field>
	<Field name="ITxtDelTxt" type="com.sunopsis.sql.DbInt"><![CDATA[null]]></Field>
	<Field name="ITxtTrtTxt" type="com.sunopsis.sql.DbInt"><![CDATA[1957]]></Field>
	<Field name="KimMultiDserver" type="java.lang.String"><![CDATA[0]]></Field>
	<Field name="KmDefault" type="java.lang.String"><![CDATA[0]]></Field>
	<Field name="KmLang" type="java.lang.String"><![CDATA[PYTHON]]></Field>
	<Field name="KmSrcLang" type="java.lang.String">null</Field>
	<Field name="KmSrcTechno" type="java.lang.String">null</Field>
	<Field name="KmTechno" type="java.lang.String"><![CDATA[SPARK_PYTHON]]></Field>
	<Field name="KmVersion" type="java.lang.String">null</Field>
	<Field name="LastDate" type="java.sql.Timestamp"><![CDATA[2020-10-28 07:56:22.0]]></Field>
	<Field name="LastUser" type="java.lang.String"><![CDATA[SUPERVISOR]]></Field>
	<Field name="LkmType" type="java.lang.String"><![CDATA[N]]></Field>
	<Field name="LChecksum" type="com.sunopsis.sql.DbInt"><![CDATA[0]]></Field>
	<Field name="LCode" type="java.lang.String">null</Field>
	<Field name="OggJkm" type="java.lang.String">null</Field>
	<Field name="OrdFolder" type="com.sunopsis.sql.DbInt"><![CDATA[null]]></Field>
	<Field name="ProcType" type="java.lang.String"><![CDATA[S]]></Field>
	<Field name="ProdAstType" type="java.lang.String"><![CDATA[oracle.odi.mapping.generation.spark.SparkScript]]></Field>
	<Field name="RepGuid" type="java.lang.String">null</Field>
	<Field name="RepVersion" type="java.lang.String">null</Field>
	<Field name="ScriptPath" type="java.lang.String">null</Field>
	<Field name="ScOrigTrtTag" type="java.lang.String">null</Field>
	<Field name="Subtype" type="java.lang.String"><![CDATA[*]]></Field>
	<Field name="TrtName" type="java.lang.String"><![CDATA[XKM Spark Distinct]]></Field>
	<Field name="TrtType" type="java.lang.String"><![CDATA[CK]]></Field>
	<Field name="VariableDefs" type="java.lang.String">null</Field>
	<Field name="VLastDate" type="java.sql.Timestamp">null</Field>
</Object>
<Object class="com.sunopsis.dwg.dbobj.SnpUserExitGroup">
		<Field name="GlobalId" type="java.lang.String"><![CDATA[79157d20-f14f-45be-9a32-36203e0cdbff]]></Field>
	<Field name="GroupName" type="java.lang.String"><![CDATA[DataFrames]]></Field>
	<Field name="ITrt" type="com.sunopsis.sql.DbInt"><![CDATA[153]]></Field>
	<Field name="IUserExitGroup" type="com.sunopsis.sql.DbInt"><![CDATA[42]]></Field>
	<Field name="Position" type="com.sunopsis.sql.DbInt"><![CDATA[1]]></Field>
</Object>
<Object class="com.sunopsis.dwg.dbobj.SnpUserExit">
		<Field name="ExprITxt" type="com.sunopsis.sql.DbInt"><![CDATA[1955]]></Field>
	<Field name="ExtVersion" type="java.lang.String">null</Field>
	<Field name="GlobalId" type="java.lang.String"><![CDATA[28ef3dfe-4fe5-4aa8-ad3d-28c7f923b57d]]></Field>
	<Field name="IndChange" type="java.lang.String"><![CDATA[U]]></Field>
	<Field name="ITrt" type="com.sunopsis.sql.DbInt"><![CDATA[153]]></Field>
	<Field name="ITxtUeHelp" type="com.sunopsis.sql.DbInt"><![CDATA[1956]]></Field>
	<Field name="ITxtValue" type="com.sunopsis.sql.DbInt"><![CDATA[null]]></Field>
	<Field name="IUserExit" type="com.sunopsis.sql.DbInt"><![CDATA[386]]></Field>
	<Field name="IUserExitGroup" type="com.sunopsis.sql.DbInt"><![CDATA[42]]></Field>
	<Field name="Position" type="com.sunopsis.sql.DbInt"><![CDATA[1]]></Field>
	<Field name="ShortValue" type="java.lang.String"><![CDATA[1]]></Field>
	<Field name="Subtypes" type="java.lang.String">null</Field>
	<Field name="UeName" type="java.lang.String"><![CDATA[SQL_EXPRESSIONS]]></Field>
	<Field name="UeSdesc" type="java.lang.String"><![CDATA[Use SQL Expressions]]></Field>
	<Field name="UeType" type="java.lang.String"><![CDATA[C]]></Field>
</Object>
<Object class="com.sunopsis.dwg.dbobj.SnpTxtHeader">
		<Field name="Enc" type="java.lang.String">null</Field>
	<Field name="EncKey" type="java.lang.String">null</Field>
 <Field name="EncKeyVect" type="java.lang.String">null</Field>
	<Field name="GlobalId" type="java.lang.String"><![CDATA[9f5f0777-70e4-42c5-b2ea-55add686a91d]]></Field>
	<Field name="ITxt" type="com.sunopsis.sql.DbInt"><![CDATA[1955]]></Field>
	<Field name="ITxtOrig" type="com.sunopsis.sql.DbInt"><![CDATA[105]]></Field>
	<Field name="SqlIndGrp" type="java.lang.String"><![CDATA[0]]></Field>
 <Field name="Txt" type="java.lang.String"><![CDATA[return (isStreaming)?"show=false,enable=false":"show=true,enable=true";]]></Field>
</Object>
<Object class="com.sunopsis.dwg.dbobj.SnpOrigTxt">
		<Field name="GlobalId" type="java.lang.String">null</Field>
	<Field name="ITxtOrig" type="com.sunopsis.sql.DbInt"><![CDATA[105]]></Field>
	<Field name="OrigineName" type="java.lang.String"><![CDATA[Column description]]></Field>
	<Field name="SnpsCol" type="java.lang.String"><![CDATA[I_TXT_COL_DESC]]></Field>
	<Field name="SnpsTable" type="java.lang.String"><![CDATA[SNP_COL]]></Field>
</Object>
<Object class="com.sunopsis.dwg.dbobj.SnpTxtHeader">
		<Field name="Enc" type="java.lang.String">null</Field>
	<Field name="EncKey" type="java.lang.String">null</Field>
 <Field name="EncKeyVect" type="java.lang.String">null</Field>
	<Field name="GlobalId" type="java.lang.String"><![CDATA[2ec49f5e-1edd-43d2-bc2b-1288c8ecac8c]]></Field>
	<Field name="ITxt" type="com.sunopsis.sql.DbInt"><![CDATA[1956]]></Field>
	<Field name="ITxtOrig" type="com.sunopsis.sql.DbInt"><![CDATA[111]]></Field>
	<Field name="SqlIndGrp" type="java.lang.String"><![CDATA[0]]></Field>
 <Field name="Txt" type="java.lang.String"><![CDATA[
Set this option to True if you are using generic SQL syntax for distinct component attribute expressions.
Set this option to False if you are using Spark Python syntax for distinct component attribute expressions.
NOTE:
If this option is set to False (non-default), and expression is a constant - specify expression as lit(<my constant value>) 
Check pyspark.sql.functions module reference for more info about lit function:
pyspark.sql.functions.lit(col) - Creates a Column of literal value.  
  ]]></Field>
</Object>
<Object class="com.sunopsis.dwg.dbobj.SnpOrigTxt">
		<Field name="GlobalId" type="java.lang.String">null</Field>
	<Field name="ITxtOrig" type="com.sunopsis.sql.DbInt"><![CDATA[111]]></Field>
	<Field name="OrigineName" type="java.lang.String"><![CDATA[User Exit help]]></Field>
	<Field name="SnpsCol" type="java.lang.String"><![CDATA[I_TXT_UE_HELP]]></Field>
	<Field name="SnpsTable" type="java.lang.String"><![CDATA[SNP_USER_EXIT]]></Field>
</Object>
<Object class="com.sunopsis.dwg.dbobj.SnpReferencedObject">
		<Field name="IObject" type="com.sunopsis.sql.DbInt"><![CDATA[3600]]></Field>
	<Field name="ObjectPKasString" type="java.lang.String"><![CDATA[133]]></Field>
	<Field name="ObjectAKasString" type="java.lang.String"><![CDATA[]]></Field>
	<Field name="Description" type="java.lang.String"><![CDATA[SNP_TRT : SparkKM]]></Field>
 <Field name="GlobalId" type="java.lang.String"><![CDATA[739e7da4-f732-4455-8936-782fafe91869]]></Field>
</Object>
<Object class="com.sunopsis.dwg.dbobj.SnpTxtHeader">
		<Field name="Enc" type="java.lang.String">null</Field>
	<Field name="EncKey" type="java.lang.String">null</Field>
 <Field name="EncKeyVect" type="java.lang.String">null</Field>
	<Field name="GlobalId" type="java.lang.String"><![CDATA[89999688-bcec-48e3-a3c7-f1613b562c92]]></Field>
	<Field name="ITxt" type="com.sunopsis.sql.DbInt"><![CDATA[1957]]></Field>
	<Field name="ITxtOrig" type="com.sunopsis.sql.DbInt"><![CDATA[107]]></Field>
	<Field name="SqlIndGrp" type="java.lang.String"><![CDATA[0]]></Field>
 <Field name="Txt" type="java.lang.String"><![CDATA[COMPONENT NAME: XKM Spark Distinct
COMPONENT VERSION: 1
AUTHOR: Oracle
COMPATIBILITY: ODI 12.1.3.0.1 or above

DESCRIPTION:

Eliminates duplicates in data.]]></Field>
</Object>
<Object class="com.sunopsis.dwg.dbobj.SnpOrigTxt">
		<Field name="GlobalId" type="java.lang.String">null</Field>
	<Field name="ITxtOrig" type="com.sunopsis.sql.DbInt"><![CDATA[107]]></Field>
	<Field name="OrigineName" type="java.lang.String"><![CDATA[Edit Command]]></Field>
	<Field name="SnpsCol" type="java.lang.String"><![CDATA[I_TXT_TRT_TXT]]></Field>
	<Field name="SnpsTable" type="java.lang.String"><![CDATA[SNP_TRT]]></Field>
</Object>
<Object class="com.sunopsis.dwg.dbobj.SnpUserExit">
		<Field name="ExprITxt" type="com.sunopsis.sql.DbInt"><![CDATA[1958]]></Field>
	<Field name="ExtVersion" type="java.lang.String">null</Field>
	<Field name="GlobalId" type="java.lang.String"><![CDATA[365A53D4BEC575C3E053EFC1F00AB8F0]]></Field>
	<Field name="IndChange" type="java.lang.String"><![CDATA[U]]></Field>
	<Field name="ITrt" type="com.sunopsis.sql.DbInt"><![CDATA[153]]></Field>
	<Field name="ITxtUeHelp" type="com.sunopsis.sql.DbInt"><![CDATA[1959]]></Field>
	<Field name="ITxtValue" type="com.sunopsis.sql.DbInt"><![CDATA[null]]></Field>
	<Field name="IUserExit" type="com.sunopsis.sql.DbInt"><![CDATA[387]]></Field>
	<Field name="IUserExitGroup" type="com.sunopsis.sql.DbInt"><![CDATA[null]]></Field>
	<Field name="Position" type="com.sunopsis.sql.DbInt"><![CDATA[2]]></Field>
	<Field name="ShortValue" type="java.lang.String"><![CDATA[0]]></Field>
	<Field name="Subtypes" type="java.lang.String">null</Field>
	<Field name="UeName" type="java.lang.String"><![CDATA[WINDOWING]]></Field>
	<Field name="UeSdesc" type="java.lang.String"><![CDATA[Enable window sort]]></Field>
	<Field name="UeType" type="java.lang.String"><![CDATA[C]]></Field>
</Object>
<Object class="com.sunopsis.dwg.dbobj.SnpTxtHeader">
		<Field name="Enc" type="java.lang.String">null</Field>
	<Field name="EncKey" type="java.lang.String">null</Field>
 <Field name="EncKeyVect" type="java.lang.String">null</Field>
	<Field name="GlobalId" type="java.lang.String"><![CDATA[06c86551-3aec-40be-a3b2-992f3f650b87]]></Field>
	<Field name="ITxt" type="com.sunopsis.sql.DbInt"><![CDATA[1958]]></Field>
	<Field name="ITxtOrig" type="com.sunopsis.sql.DbInt"><![CDATA[105]]></Field>
	<Field name="SqlIndGrp" type="java.lang.String"><![CDATA[0]]></Field>
 <Field name="Txt" type="java.lang.String"><![CDATA[return (isStreaming)?"show=true,enable=true":"show=false,enable=false";]]></Field>
</Object>
<Object class="com.sunopsis.dwg.dbobj.SnpTxtHeader">
		<Field name="Enc" type="java.lang.String">null</Field>
	<Field name="EncKey" type="java.lang.String">null</Field>
 <Field name="EncKeyVect" type="java.lang.String">null</Field>
	<Field name="GlobalId" type="java.lang.String"><![CDATA[623c8ad6-133d-4c50-9081-22acea49e91b]]></Field>
	<Field name="ITxt" type="com.sunopsis.sql.DbInt"><![CDATA[1959]]></Field>
	<Field name="ITxtOrig" type="com.sunopsis.sql.DbInt"><![CDATA[111]]></Field>
	<Field name="SqlIndGrp" type="java.lang.String"><![CDATA[0]]></Field>
 <Field name="Txt" type="java.lang.String"><![CDATA[
This option enables distinct windowing. To be used in combination with WINDOW_LENGTH and SLIDING_INTERVAL options.
For more information regarding Spark Window oprations refer to Spark Programming Guide:	
http://spark.apache.org/docs/latest/streaming-programming-guide.html#window-operations	
	]]></Field>
</Object>
<Object class="com.sunopsis.dwg.dbobj.SnpUserExit">
		<Field name="ExprITxt" type="com.sunopsis.sql.DbInt"><![CDATA[1960]]></Field>
	<Field name="ExtVersion" type="java.lang.String">null</Field>
	<Field name="GlobalId" type="java.lang.String"><![CDATA[365A53D4BEC675C3E053EFC1F00AB8F0]]></Field>
	<Field name="IndChange" type="java.lang.String"><![CDATA[U]]></Field>
	<Field name="ITrt" type="com.sunopsis.sql.DbInt"><![CDATA[153]]></Field>
	<Field name="ITxtUeHelp" type="com.sunopsis.sql.DbInt"><![CDATA[1961]]></Field>
	<Field name="ITxtValue" type="com.sunopsis.sql.DbInt"><![CDATA[null]]></Field>
	<Field name="IUserExit" type="com.sunopsis.sql.DbInt"><![CDATA[388]]></Field>
	<Field name="IUserExitGroup" type="com.sunopsis.sql.DbInt"><![CDATA[null]]></Field>
	<Field name="Position" type="com.sunopsis.sql.DbInt"><![CDATA[3]]></Field>
	<Field name="ShortValue" type="java.lang.String"><![CDATA[3]]></Field>
	<Field name="Subtypes" type="java.lang.String">null</Field>
	<Field name="UeName" type="java.lang.String"><![CDATA[WINDOW_LENGTH]]></Field>
	<Field name="UeSdesc" type="java.lang.String"><![CDATA[The duration of window in windowed computations]]></Field>
	<Field name="UeType" type="java.lang.String"><![CDATA[V]]></Field>
</Object>
<Object class="com.sunopsis.dwg.dbobj.SnpTxtHeader">
		<Field name="Enc" type="java.lang.String">null</Field>
	<Field name="EncKey" type="java.lang.String">null</Field>
 <Field name="EncKeyVect" type="java.lang.String">null</Field>
	<Field name="GlobalId" type="java.lang.String"><![CDATA[edaac943-8c7a-4830-b68e-abe04aaeb612]]></Field>
	<Field name="ITxt" type="com.sunopsis.sql.DbInt"><![CDATA[1960]]></Field>
	<Field name="ITxtOrig" type="com.sunopsis.sql.DbInt"><![CDATA[105]]></Field>
	<Field name="SqlIndGrp" type="java.lang.String"><![CDATA[0]]></Field>
 <Field name="Txt" type="java.lang.String"><![CDATA[return options.getValue("WINDOWING").equals("true")?"show=true,enable=true":"show=false,enable=false";]]></Field>
</Object>
<Object class="com.sunopsis.dwg.dbobj.SnpTxtHeader">
		<Field name="Enc" type="java.lang.String">null</Field>
	<Field name="EncKey" type="java.lang.String">null</Field>
 <Field name="EncKeyVect" type="java.lang.String">null</Field>
	<Field name="GlobalId" type="java.lang.String"><![CDATA[8932b8df-1134-46ae-b91a-cdd28044d8a9]]></Field>
	<Field name="ITxt" type="com.sunopsis.sql.DbInt"><![CDATA[1961]]></Field>
	<Field name="ITxtOrig" type="com.sunopsis.sql.DbInt"><![CDATA[111]]></Field>
	<Field name="SqlIndGrp" type="java.lang.String"><![CDATA[0]]></Field>
 <Field name="Txt" type="java.lang.String"><![CDATA[
This option defines the duration of aggregation window in number of batch intervals. 
Default = 3. It will be later multiplied by the batch duration to give us the absolute Window duration. 
Example if WINDOW_LENGTH = 3 and spark.batchDuration = 10, the Window length used in Spark will be 30.  
    ]]></Field>
</Object>
<Object class="com.sunopsis.dwg.dbobj.SnpUserExit">
		<Field name="ExprITxt" type="com.sunopsis.sql.DbInt"><![CDATA[1962]]></Field>
	<Field name="ExtVersion" type="java.lang.String">null</Field>
	<Field name="GlobalId" type="java.lang.String"><![CDATA[365A53D4BEC775C3E053EFC1F00AB8F0]]></Field>
	<Field name="IndChange" type="java.lang.String"><![CDATA[U]]></Field>
	<Field name="ITrt" type="com.sunopsis.sql.DbInt"><![CDATA[153]]></Field>
	<Field name="ITxtUeHelp" type="com.sunopsis.sql.DbInt"><![CDATA[1963]]></Field>
	<Field name="ITxtValue" type="com.sunopsis.sql.DbInt"><![CDATA[null]]></Field>
	<Field name="IUserExit" type="com.sunopsis.sql.DbInt"><![CDATA[389]]></Field>
	<Field name="IUserExitGroup" type="com.sunopsis.sql.DbInt"><![CDATA[null]]></Field>
	<Field name="Position" type="com.sunopsis.sql.DbInt"><![CDATA[4]]></Field>
	<Field name="ShortValue" type="java.lang.String"><![CDATA[2]]></Field>
	<Field name="Subtypes" type="java.lang.String">null</Field>
	<Field name="UeName" type="java.lang.String"><![CDATA[SLIDING_INTERVAL]]></Field>
	<Field name="UeSdesc" type="java.lang.String"><![CDATA[The interval at which the window operation is performed]]></Field>
	<Field name="UeType" type="java.lang.String"><![CDATA[V]]></Field>
</Object>
<Object class="com.sunopsis.dwg.dbobj.SnpTxtHeader">
		<Field name="Enc" type="java.lang.String">null</Field>
	<Field name="EncKey" type="java.lang.String">null</Field>
 <Field name="EncKeyVect" type="java.lang.String">null</Field>
	<Field name="GlobalId" type="java.lang.String"><![CDATA[9a83c1e0-53f0-4920-b547-b4ecdfeb056b]]></Field>
	<Field name="ITxt" type="com.sunopsis.sql.DbInt"><![CDATA[1962]]></Field>
	<Field name="ITxtOrig" type="com.sunopsis.sql.DbInt"><![CDATA[105]]></Field>
	<Field name="SqlIndGrp" type="java.lang.String"><![CDATA[0]]></Field>
 <Field name="Txt" type="java.lang.String"><![CDATA[return options.getValue("WINDOWING").equals("true")?"show=true,enable=true":"show=false,enable=false";]]></Field>
</Object>
<Object class="com.sunopsis.dwg.dbobj.SnpTxtHeader">
		<Field name="Enc" type="java.lang.String">null</Field>
	<Field name="EncKey" type="java.lang.String">null</Field>
 <Field name="EncKeyVect" type="java.lang.String">null</Field>
	<Field name="GlobalId" type="java.lang.String"><![CDATA[2eba778e-fd29-442c-9cc3-56935b6cd56e]]></Field>
	<Field name="ITxt" type="com.sunopsis.sql.DbInt"><![CDATA[1963]]></Field>
	<Field name="ITxtOrig" type="com.sunopsis.sql.DbInt"><![CDATA[111]]></Field>
	<Field name="SqlIndGrp" type="java.lang.String"><![CDATA[0]]></Field>
 <Field name="Txt" type="java.lang.String"><![CDATA[
This option defines the interval at which the window operation is performed in number of batch intervals. 
Default = 2. It will be later multiplied by the batch duration to give us the absolute value of Sliding interval. 
Example if SLIDING_INTERVAL = 2 and spark.batchDuration = 10, the Sliding interval used in Spark will be 20.    
Using a SLIDING_INTERVAL > 1 results in fewer RDDs being generated. 
The aggregation component will only output an RDD every SLIDING_INTERVAL batches. 
In case of complex mappings using e.g. joins this lower output frequency will impact join results if the two join sources use different windowing settings.
SLIDING_INTERVAL should be shorter than spark.streaming.timeout, otherwise the streaming session will be shut down before any data could be gathered at the end of sliding interval. This results in no data returned from the stream.          
    ]]></Field>
</Object>
<Object class="com.sunopsis.dwg.dbobj.SnpFKXRef">
		<Field name="RefKey" type="java.lang.String"><![CDATA[SNP_TXTHEADER.1957]]></Field>
	<Field name="RefObjGlobalId" type="java.lang.String"><![CDATA[89999688-bcec-48e3-a3c7-f1613b562c92]]></Field>
 <Field name="RefObjFQName" type="java.lang.String">null</Field>
 <Field name="RefObjFQType" type="java.lang.String">null</Field>
 <Field name="RefObjFQNameLengths" type="java.lang.String">null</Field>
</Object>
<Object class="com.sunopsis.dwg.dbobj.SnpFKXRef">
		<Field name="RefKey" type="java.lang.String"><![CDATA[SNP_TRT.133]]></Field>
	<Field name="RefObjGlobalId" type="java.lang.String"><![CDATA[739e7da4-f732-4455-8936-782fafe91869]]></Field>
 <Field name="RefObjFQName" type="java.lang.String"><![CDATA[SparkKM]]></Field>
 <Field name="RefObjFQType" type="java.lang.String"><![CDATA[SNP_TRT]]></Field>
 <Field name="RefObjFQNameLengths" type="java.lang.String"><![CDATA[7]]></Field>
</Object>
<Object class="com.sunopsis.dwg.dbobj.SnpFKXRef">
		<Field name="RefKey" type="java.lang.String"><![CDATA[SNP_TRT.153]]></Field>
	<Field name="RefObjGlobalId" type="java.lang.String"><![CDATA[ba7c4f03-6d6d-47bd-b6f7-18c5d4bc9e11]]></Field>
 <Field name="RefObjFQName" type="java.lang.String"><![CDATA[XKM Spark Distinct]]></Field>
 <Field name="RefObjFQType" type="java.lang.String"><![CDATA[SNP_TRT]]></Field>
 <Field name="RefObjFQNameLengths" type="java.lang.String"><![CDATA[18]]></Field>
</Object>
<Object class="com.sunopsis.dwg.dbobj.SnpFKXRef">
		<Field name="RefKey" type="java.lang.String"><![CDATA[SNP_TXTHEADER.1956]]></Field>
	<Field name="RefObjGlobalId" type="java.lang.String"><![CDATA[2ec49f5e-1edd-43d2-bc2b-1288c8ecac8c]]></Field>
 <Field name="RefObjFQName" type="java.lang.String">null</Field>
 <Field name="RefObjFQType" type="java.lang.String">null</Field>
 <Field name="RefObjFQNameLengths" type="java.lang.String">null</Field>
</Object>
<Object class="com.sunopsis.dwg.dbobj.SnpFKXRef">
		<Field name="RefKey" type="java.lang.String"><![CDATA[SNP_USEREXITGROUP.42]]></Field>
	<Field name="RefObjGlobalId" type="java.lang.String"><![CDATA[79157d20-f14f-45be-9a32-36203e0cdbff]]></Field>
 <Field name="RefObjFQName" type="java.lang.String"><![CDATA[XKM Spark Distinct.DataFrames]]></Field>
 <Field name="RefObjFQType" type="java.lang.String"><![CDATA[SNP_TRT.SNP_USEREXITGROUP]]></Field>
 <Field name="RefObjFQNameLengths" type="java.lang.String"><![CDATA[18.10]]></Field>
</Object>
<Object class="com.sunopsis.dwg.dbobj.SnpFKXRef">
		<Field name="RefKey" type="java.lang.String"><![CDATA[SNP_TXTHEADER.1955]]></Field>
	<Field name="RefObjGlobalId" type="java.lang.String"><![CDATA[9f5f0777-70e4-42c5-b2ea-55add686a91d]]></Field>
 <Field name="RefObjFQName" type="java.lang.String">null</Field>
 <Field name="RefObjFQType" type="java.lang.String">null</Field>
 <Field name="RefObjFQNameLengths" type="java.lang.String">null</Field>
</Object>
<Object class="com.sunopsis.dwg.dbobj.SnpFKXRef">
		<Field name="RefKey" type="java.lang.String"><![CDATA[SNP_TXTHEADER.1959]]></Field>
	<Field name="RefObjGlobalId" type="java.lang.String"><![CDATA[623c8ad6-133d-4c50-9081-22acea49e91b]]></Field>
 <Field name="RefObjFQName" type="java.lang.String">null</Field>
 <Field name="RefObjFQType" type="java.lang.String">null</Field>
 <Field name="RefObjFQNameLengths" type="java.lang.String">null</Field>
</Object>
<Object class="com.sunopsis.dwg.dbobj.SnpFKXRef">
		<Field name="RefKey" type="java.lang.String"><![CDATA[SNP_TXTHEADER.1958]]></Field>
	<Field name="RefObjGlobalId" type="java.lang.String"><![CDATA[06c86551-3aec-40be-a3b2-992f3f650b87]]></Field>
 <Field name="RefObjFQName" type="java.lang.String">null</Field>
 <Field name="RefObjFQType" type="java.lang.String">null</Field>
 <Field name="RefObjFQNameLengths" type="java.lang.String">null</Field>
</Object>
<Object class="com.sunopsis.dwg.dbobj.SnpFKXRef">
		<Field name="RefKey" type="java.lang.String"><![CDATA[SNP_ORIGTXT.105]]></Field>
	<Field name="RefObjGlobalId" type="java.lang.String">null</Field>
 <Field name="RefObjFQName" type="java.lang.String">null</Field>
 <Field name="RefObjFQType" type="java.lang.String">null</Field>
 <Field name="RefObjFQNameLengths" type="java.lang.String">null</Field>
</Object>
<Object class="com.sunopsis.dwg.dbobj.SnpFKXRef">
		<Field name="RefKey" type="java.lang.String"><![CDATA[SNP_ORIGTXT.111]]></Field>
	<Field name="RefObjGlobalId" type="java.lang.String">null</Field>
 <Field name="RefObjFQName" type="java.lang.String">null</Field>
 <Field name="RefObjFQType" type="java.lang.String">null</Field>
 <Field name="RefObjFQNameLengths" type="java.lang.String">null</Field>
</Object>
<Object class="com.sunopsis.dwg.dbobj.SnpFKXRef">
		<Field name="RefKey" type="java.lang.String"><![CDATA[SNP_TXTHEADER.1961]]></Field>
	<Field name="RefObjGlobalId" type="java.lang.String"><![CDATA[8932b8df-1134-46ae-b91a-cdd28044d8a9]]></Field>
 <Field name="RefObjFQName" type="java.lang.String">null</Field>
 <Field name="RefObjFQType" type="java.lang.String">null</Field>
 <Field name="RefObjFQNameLengths" type="java.lang.String">null</Field>
</Object>
<Object class="com.sunopsis.dwg.dbobj.SnpFKXRef">
		<Field name="RefKey" type="java.lang.String"><![CDATA[SNP_TXTHEADER.1960]]></Field>
	<Field name="RefObjGlobalId" type="java.lang.String"><![CDATA[edaac943-8c7a-4830-b68e-abe04aaeb612]]></Field>
 <Field name="RefObjFQName" type="java.lang.String">null</Field>
 <Field name="RefObjFQType" type="java.lang.String">null</Field>
 <Field name="RefObjFQNameLengths" type="java.lang.String">null</Field>
</Object>
<Object class="com.sunopsis.dwg.dbobj.SnpFKXRef">
		<Field name="RefKey" type="java.lang.String"><![CDATA[SNP_TXTHEADER.1963]]></Field>
	<Field name="RefObjGlobalId" type="java.lang.String"><![CDATA[2eba778e-fd29-442c-9cc3-56935b6cd56e]]></Field>
 <Field name="RefObjFQName" type="java.lang.String">null</Field>
 <Field name="RefObjFQType" type="java.lang.String">null</Field>
 <Field name="RefObjFQNameLengths" type="java.lang.String">null</Field>
</Object>
<Object class="com.sunopsis.dwg.dbobj.SnpFKXRef">
		<Field name="RefKey" type="java.lang.String"><![CDATA[SNP_TXTHEADER.1962]]></Field>
	<Field name="RefObjGlobalId" type="java.lang.String"><![CDATA[9a83c1e0-53f0-4920-b547-b4ecdfeb056b]]></Field>
 <Field name="RefObjFQName" type="java.lang.String">null</Field>
 <Field name="RefObjFQType" type="java.lang.String">null</Field>
 <Field name="RefObjFQNameLengths" type="java.lang.String">null</Field>
</Object>
<Object class="com.sunopsis.dwg.DwgExportSummary">
		<Field name="ExpTxtNb" type="com.sunopsis.sql.DbInt"><![CDATA[0]]></Field>
	<Field name="InstObjNb" type="com.sunopsis.sql.DbInt"><![CDATA[0]]></Field>
	<Field name="JoinColNb" type="com.sunopsis.sql.DbInt"><![CDATA[0]]></Field>
	<Field name="JoinNb" type="com.sunopsis.sql.DbInt"><![CDATA[0]]></Field>
	<Field name="KeyColNb" type="com.sunopsis.sql.DbInt"><![CDATA[0]]></Field>
	<Field name="KeyNb" type="com.sunopsis.sql.DbInt"><![CDATA[0]]></Field>
	<Field name="LinkDiagNb" type="com.sunopsis.sql.DbInt"><![CDATA[0]]></Field>
	<Field name="MorigTxtNb" type="com.sunopsis.sql.DbInt"><![CDATA[0]]></Field>
	<Field name="MtxtNb" type="com.sunopsis.sql.DbInt"><![CDATA[0]]></Field>
	<Field name="OrigTxtNb" type="com.sunopsis.sql.DbInt"><![CDATA[9]]></Field>
	<Field name="OtherObjectsNb" type="com.sunopsis.sql.DbInt"><![CDATA[7]]></Field>
	<Field name="PlanAgentNb" type="com.sunopsis.sql.DbInt"><![CDATA[0]]></Field>
	<Field name="StepNb" type="com.sunopsis.sql.DbInt"><![CDATA[0]]></Field>
	<Field name="TxtNb" type="com.sunopsis.sql.DbInt"><![CDATA[9]]></Field>
	<Field name="UeOrigNb" type="com.sunopsis.sql.DbInt"><![CDATA[0]]></Field>
	<Field name="UeUsedNb" type="com.sunopsis.sql.DbInt"><![CDATA[0]]></Field>
	<Field name="VarPlanAgentNb" type="com.sunopsis.sql.DbInt"><![CDATA[0]]></Field>
	<Field name="ScenTxtNb" type="com.sunopsis.sql.DbInt"><![CDATA[0]]></Field>
	<Field name="OdiVersion" type="java.lang.String"><![CDATA[12.2.1]]></Field>
	<Field name="OriginRepositoryID" type="com.sunopsis.sql.DbInt"><![CDATA[1]]></Field>
	<Field name="RepositoryVersion" type="java.lang.String"><![CDATA[05.02.02.09]]></Field>
</Object>
</SunopsisExport>
