<?xml version="1.0" encoding="UTF-8"?>
<SunopsisExport>
<Admin RepositoryVersion="05.02.02.09" IsLegacyIdCompatible="false" />
<Encryption algorithm="AES" keyLength="128" exportKeyHash="zRD/fgCfAe4V8c/3dKvheFx4xObF/ixhKLx1W+d9/Fs=" keyVect="yBBAK7WA7UCjog+tJfrhjA==" exportKeySalt="a1755b91-7347-42e0-a4c4-75f7269b2def" containsCipherText="false"/>
<Object class="com.sunopsis.dwg.dbobj.SnpTrt">
		<Field name="CleanupOnError" type="java.lang.String">null</Field>
	<Field name="CompType" type="java.lang.String"><![CDATA[LOOKUP]]></Field>
	<Field name="DelegateClass" type="java.lang.String"><![CDATA[XKM_Pig_Lookup]]></Field>
	<Field name="DelegateScript" type="java.lang.String"><![CDATA[
	
	public class XKM_Pig_Lookup extends PigKM {
		
		PigScript SELECT(List<PigScript> pigScripts) {
		
			PigLookupCmd lookupCmd = new PigLookupCmd(physicalNode.getTemplateUtils(), physicalNode);
			addJars(lookupCmd);
			PigScript lookupScript = new PigScript(physicalNode.getTemplateUtils(), pigScripts);
	        lookupScript.addChild(lookupCmd);
	        
	        PigCommand driverCommand = pigScripts.get(0).getLastCommand();
	        PigCommand lookupCommand = pigScripts.get(1).getLastCommand();
	        
			lookupCmd.setLookupSourceAliases(driverCommand.getParentScript().getOutputSchema().getName(), lookupCommand.getParentScript().getOutputSchema().getName());
			
		    return lookupScript;
		}
	}	
]]></Field>
	<Field name="ExpectedAstClass" type="java.lang.String">null</Field>
	<Field name="ExtVersion" type="java.lang.String">null</Field>
	<Field name="FirstDate" type="java.sql.Timestamp"><![CDATA[2020-10-28 07:08:05.0]]></Field>
	<Field name="FirstUser" type="java.lang.String"><![CDATA[SUNOPSIS_INSTALL]]></Field>
	<Field name="GlobalId" type="java.lang.String"><![CDATA[b972aace-70c1-4447-b107-8d9e663d2c01]]></Field>
	<Field name="IndChange" type="java.lang.String">null</Field>
	<Field name="IndExcludeExUnitBegin" type="java.lang.String"><![CDATA[0]]></Field>
	<Field name="IndExcludeExUnitEnd" type="java.lang.String"><![CDATA[0]]></Field>
	<Field name="IndExcludeExUnitMain" type="java.lang.String"><![CDATA[0]]></Field>
	<Field name="IndExcludeMapBegin" type="java.lang.String"><![CDATA[0]]></Field>
	<Field name="IndExcludeMapCleanup" type="java.lang.String"><![CDATA[0]]></Field>
	<Field name="IndExcludeMapEnd" type="java.lang.String"><![CDATA[0]]></Field>
	<Field name="IndGenerateLoad" type="java.lang.String"><![CDATA[1]]></Field>
	<Field name="IndIsHidden" type="java.lang.String"><![CDATA[1]]></Field>
	<Field name="IndJrnMethod" type="java.lang.String">null</Field>
	<Field name="IndSuppSetBased" type="java.lang.String"><![CDATA[0]]></Field>
	<Field name="IntgType" type="java.lang.String"><![CDATA[SELECT]]></Field>
	<Field name="IntVersion" type="com.sunopsis.sql.DbInt"><![CDATA[3]]></Field>
	<Field name="IsConcurrent" type="java.lang.String">null</Field>
	<Field name="IsSeeded" type="java.lang.String"><![CDATA[1]]></Field>
	<Field name="IBaseCompKm" type="com.sunopsis.sql.DbInt"><![CDATA[104]]></Field>
	<Field name="IFolder" type="com.sunopsis.sql.DbInt"><![CDATA[null]]></Field>
	<Field name="IProject" type="com.sunopsis.sql.DbInt"><![CDATA[null]]></Field>
	<Field name="IScBaseTrt" type="com.sunopsis.sql.DbInt"><![CDATA[null]]></Field>
	<Field name="IScOrigTrt" type="com.sunopsis.sql.DbInt"><![CDATA[null]]></Field>
	<Field name="IScTrt" type="com.sunopsis.sql.DbInt"><![CDATA[null]]></Field>
	<Field name="ITrt" type="com.sunopsis.sql.DbInt"><![CDATA[122]]></Field>
	<Field name="ITxtDelTxt" type="com.sunopsis.sql.DbInt"><![CDATA[null]]></Field>
	<Field name="ITxtTrtTxt" type="com.sunopsis.sql.DbInt"><![CDATA[null]]></Field>
	<Field name="KimMultiDserver" type="java.lang.String"><![CDATA[0]]></Field>
	<Field name="KmDefault" type="java.lang.String"><![CDATA[0]]></Field>
	<Field name="KmLang" type="java.lang.String"><![CDATA[PIGLATIN]]></Field>
	<Field name="KmSrcLang" type="java.lang.String">null</Field>
	<Field name="KmSrcTechno" type="java.lang.String">null</Field>
	<Field name="KmTechno" type="java.lang.String"><![CDATA[PIG]]></Field>
	<Field name="KmVersion" type="java.lang.String">null</Field>
	<Field name="LastDate" type="java.sql.Timestamp"><![CDATA[2020-10-28 07:56:12.0]]></Field>
	<Field name="LastUser" type="java.lang.String"><![CDATA[SUPERVISOR]]></Field>
	<Field name="LkmType" type="java.lang.String"><![CDATA[N]]></Field>
	<Field name="LChecksum" type="com.sunopsis.sql.DbInt"><![CDATA[0]]></Field>
	<Field name="LCode" type="java.lang.String">null</Field>
	<Field name="OggJkm" type="java.lang.String">null</Field>
	<Field name="OrdFolder" type="com.sunopsis.sql.DbInt"><![CDATA[null]]></Field>
	<Field name="ProcType" type="java.lang.String"><![CDATA[S]]></Field>
	<Field name="ProdAstType" type="java.lang.String"><![CDATA[oracle.odi.mapping.generation.PigScript]]></Field>
	<Field name="RepGuid" type="java.lang.String">null</Field>
	<Field name="RepVersion" type="java.lang.String">null</Field>
	<Field name="ScriptPath" type="java.lang.String">null</Field>
	<Field name="ScOrigTrtTag" type="java.lang.String">null</Field>
	<Field name="Subtype" type="java.lang.String"><![CDATA[*]]></Field>
	<Field name="TrtName" type="java.lang.String"><![CDATA[XKM Pig Lookup]]></Field>
	<Field name="TrtType" type="java.lang.String"><![CDATA[CK]]></Field>
	<Field name="VariableDefs" type="java.lang.String">null</Field>
	<Field name="VLastDate" type="java.sql.Timestamp">null</Field>
</Object>
<Object class="com.sunopsis.dwg.dbobj.SnpReferencedObject">
		<Field name="IObject" type="com.sunopsis.sql.DbInt"><![CDATA[3600]]></Field>
	<Field name="ObjectPKasString" type="java.lang.String"><![CDATA[104]]></Field>
	<Field name="ObjectAKasString" type="java.lang.String"><![CDATA[]]></Field>
	<Field name="Description" type="java.lang.String"><![CDATA[SNP_TRT : PigKM]]></Field>
 <Field name="GlobalId" type="java.lang.String"><![CDATA[5cd8e7b4-da1a-45d1-af98-088369a44c37]]></Field>
</Object>
<Object class="com.sunopsis.dwg.dbobj.SnpUserExit">
		<Field name="ExprITxt" type="com.sunopsis.sql.DbInt"><![CDATA[null]]></Field>
	<Field name="ExtVersion" type="java.lang.String">null</Field>
	<Field name="GlobalId" type="java.lang.String"><![CDATA[ef976bc7-b9f4-4e87-b311-da1fab6e6632]]></Field>
	<Field name="IndChange" type="java.lang.String"><![CDATA[U]]></Field>
	<Field name="ITrt" type="com.sunopsis.sql.DbInt"><![CDATA[122]]></Field>
	<Field name="ITxtUeHelp" type="com.sunopsis.sql.DbInt"><![CDATA[null]]></Field>
	<Field name="ITxtValue" type="com.sunopsis.sql.DbInt"><![CDATA[null]]></Field>
	<Field name="IUserExit" type="com.sunopsis.sql.DbInt"><![CDATA[232]]></Field>
	<Field name="IUserExitGroup" type="com.sunopsis.sql.DbInt"><![CDATA[null]]></Field>
	<Field name="Position" type="com.sunopsis.sql.DbInt"><![CDATA[1]]></Field>
	<Field name="ShortValue" type="java.lang.String">null</Field>
	<Field name="Subtypes" type="java.lang.String">null</Field>
	<Field name="UeName" type="java.lang.String"><![CDATA[Jars]]></Field>
	<Field name="UeSdesc" type="java.lang.String"><![CDATA[The jar containing the Used Defined Function classes and dependant libraries separated by colon (:)]]></Field>
	<Field name="UeType" type="java.lang.String"><![CDATA[V]]></Field>
</Object>
<Object class="com.sunopsis.dwg.dbobj.SnpFKXRef">
		<Field name="RefKey" type="java.lang.String"><![CDATA[SNP_TRT.104]]></Field>
	<Field name="RefObjGlobalId" type="java.lang.String"><![CDATA[5cd8e7b4-da1a-45d1-af98-088369a44c37]]></Field>
 <Field name="RefObjFQName" type="java.lang.String"><![CDATA[PigKM]]></Field>
 <Field name="RefObjFQType" type="java.lang.String"><![CDATA[SNP_TRT]]></Field>
 <Field name="RefObjFQNameLengths" type="java.lang.String"><![CDATA[5]]></Field>
</Object>
<Object class="com.sunopsis.dwg.dbobj.SnpFKXRef">
		<Field name="RefKey" type="java.lang.String"><![CDATA[SNP_TRT.122]]></Field>
	<Field name="RefObjGlobalId" type="java.lang.String"><![CDATA[b972aace-70c1-4447-b107-8d9e663d2c01]]></Field>
 <Field name="RefObjFQName" type="java.lang.String"><![CDATA[XKM Pig Lookup]]></Field>
 <Field name="RefObjFQType" type="java.lang.String"><![CDATA[SNP_TRT]]></Field>
 <Field name="RefObjFQNameLengths" type="java.lang.String"><![CDATA[14]]></Field>
</Object>
<Object class="com.sunopsis.dwg.DwgExportSummary">
		<Field name="ExpTxtNb" type="com.sunopsis.sql.DbInt"><![CDATA[0]]></Field>
	<Field name="InstObjNb" type="com.sunopsis.sql.DbInt"><![CDATA[0]]></Field>
	<Field name="JoinColNb" type="com.sunopsis.sql.DbInt"><![CDATA[0]]></Field>
	<Field name="JoinNb" type="com.sunopsis.sql.DbInt"><![CDATA[0]]></Field>
	<Field name="KeyColNb" type="com.sunopsis.sql.DbInt"><![CDATA[0]]></Field>
	<Field name="KeyNb" type="com.sunopsis.sql.DbInt"><![CDATA[0]]></Field>
	<Field name="LinkDiagNb" type="com.sunopsis.sql.DbInt"><![CDATA[0]]></Field>
	<Field name="MorigTxtNb" type="com.sunopsis.sql.DbInt"><![CDATA[0]]></Field>
	<Field name="MtxtNb" type="com.sunopsis.sql.DbInt"><![CDATA[0]]></Field>
	<Field name="OrigTxtNb" type="com.sunopsis.sql.DbInt"><![CDATA[0]]></Field>
	<Field name="OtherObjectsNb" type="com.sunopsis.sql.DbInt"><![CDATA[2]]></Field>
	<Field name="PlanAgentNb" type="com.sunopsis.sql.DbInt"><![CDATA[0]]></Field>
	<Field name="StepNb" type="com.sunopsis.sql.DbInt"><![CDATA[0]]></Field>
	<Field name="TxtNb" type="com.sunopsis.sql.DbInt"><![CDATA[0]]></Field>
	<Field name="UeOrigNb" type="com.sunopsis.sql.DbInt"><![CDATA[0]]></Field>
	<Field name="UeUsedNb" type="com.sunopsis.sql.DbInt"><![CDATA[0]]></Field>
	<Field name="VarPlanAgentNb" type="com.sunopsis.sql.DbInt"><![CDATA[0]]></Field>
	<Field name="ScenTxtNb" type="com.sunopsis.sql.DbInt"><![CDATA[0]]></Field>
	<Field name="OdiVersion" type="java.lang.String"><![CDATA[12.2.1]]></Field>
	<Field name="OriginRepositoryID" type="com.sunopsis.sql.DbInt"><![CDATA[1]]></Field>
	<Field name="RepositoryVersion" type="java.lang.String"><![CDATA[05.02.02.09]]></Field>
</Object>
</SunopsisExport>
