<?xml version="1.0" encoding="UTF-8"?>
<SunopsisExport>
<Admin RepositoryVersion="05.02.02.09" IsLegacyIdCompatible="false" />
<Encryption algorithm="AES" keyLength="128" exportKeyHash="QDw3FN2HWBdz4bVaCUnQcay2osCZQRBb3wykZLgfv9A=" keyVect="Bz5txqbv9aRAfjCB0QEL0w==" exportKeySalt="d83c3b42-2a14-49b6-95ce-71520e5d5c9f" containsCipherText="false"/>
<Object class="com.sunopsis.dwg.dbobj.SnpModel">
		<Field name="AliasLength" type="com.sunopsis.sql.DbInt"><![CDATA[35]]></Field>
	<Field name="BegVersion" type="java.sql.Timestamp">null</Field>
	<Field name="CodMod" type="java.lang.String"><![CDATA[HR]]></Field>
	<Field name="DefActionGrp" type="java.lang.String">null</Field>
	<Field name="ExtVersion" type="java.lang.String">null</Field>
	<Field name="FirstDate" type="java.sql.Timestamp"><![CDATA[2020-10-27 09:17:10.0]]></Field>
	<Field name="FirstUser" type="java.lang.String"><![CDATA[SUPERVISOR]]></Field>
	<Field name="GlobalId" type="java.lang.String"><![CDATA[9dbebef2-7b25-4954-9f94-901167f06a58]]></Field>
	<Field name="IndChange" type="java.lang.String">null</Field>
	<Field name="IndEvoJdbc" type="java.lang.String"><![CDATA[0]]></Field>
	<Field name="IndJrnMethod" type="java.lang.String"><![CDATA[S]]></Field>
	<Field name="IntVersion" type="com.sunopsis.sql.DbInt"><![CDATA[2]]></Field>
	<Field name="IDefFolder" type="com.sunopsis.sql.DbInt"><![CDATA[null]]></Field>
	<Field name="IGenericModel" type="com.sunopsis.sql.DbInt"><![CDATA[null]]></Field>
	<Field name="IMod" type="com.sunopsis.sql.DbInt"><![CDATA[2]]></Field>
	<Field name="IModFolder" type="com.sunopsis.sql.DbInt"><![CDATA[null]]></Field>
	<Field name="ITrtKcm" type="com.sunopsis.sql.DbInt"><![CDATA[null]]></Field>
	<Field name="ITrtKdm" type="com.sunopsis.sql.DbInt"><![CDATA[null]]></Field>
	<Field name="ITrtKjm" type="com.sunopsis.sql.DbInt"><![CDATA[null]]></Field>
	<Field name="ITrtSkm" type="com.sunopsis.sql.DbInt"><![CDATA[null]]></Field>
	<Field name="ITxtMod" type="com.sunopsis.sql.DbInt"><![CDATA[null]]></Field>
	<Field name="LagentName" type="java.lang.String">null</Field>
	<Field name="LastDate" type="java.sql.Timestamp"><![CDATA[2020-10-27 18:42:49.0]]></Field>
	<Field name="LastUser" type="java.lang.String"><![CDATA[SUPERVISOR]]></Field>
	<Field name="LschemaName" type="java.lang.String"><![CDATA[HR]]></Field>
	<Field name="ModName" type="java.lang.String"><![CDATA[HR]]></Field>
	<Field name="PrvVersion" type="com.sunopsis.sql.DbInt"><![CDATA[null]]></Field>
	<Field name="ReleaseTag" type="java.lang.String">null</Field>
	<Field name="RevAliasLtrim" type="java.lang.String">null</Field>
	<Field name="RevContext" type="java.lang.String"><![CDATA[DEVELOPMENT]]></Field>
	<Field name="RevInsert" type="java.lang.String">null</Field>
	<Field name="RevObjPatt" type="java.lang.String"><![CDATA[%]]></Field>
	<Field name="RevObjType" type="java.lang.String"><![CDATA[T]]></Field>
	<Field name="RevType" type="java.lang.String"><![CDATA[S]]></Field>
	<Field name="RevUpdate" type="java.lang.String">null</Field>
	<Field name="TechIntName" type="java.lang.String"><![CDATA[ORACLE]]></Field>
	<Field name="VLastDate" type="java.sql.Timestamp">null</Field>
	<Field name="WsDataSource" type="java.lang.String">null</Field>
	<Field name="WsJavaPackage" type="java.lang.String"><![CDATA[]]></Field>
	<Field name="WsLschemaName" type="java.lang.String">null</Field>
	<Field name="WsName" type="java.lang.String"><![CDATA[]]></Field>
	<Field name="WsNameSpace" type="java.lang.String"><![CDATA[]]></Field>
</Object>
<Object class="com.sunopsis.dwg.dbobj.SnpReferencedObject">
		<Field name="IObject" type="com.sunopsis.sql.DbInt"><![CDATA[2100]]></Field>
	<Field name="ObjectPKasString" type="java.lang.String"><![CDATA[5]]></Field>
	<Field name="ObjectAKasString" type="java.lang.String"><![CDATA[HR]]></Field>
	<Field name="Description" type="java.lang.String"><![CDATA[SNP_TECHNO : Oracle #SNP_LSCHEMA : HR]]></Field>
 <Field name="GlobalId" type="java.lang.String"><![CDATA[3760c594-0eca-47b5-833a-09a6841da6e3]]></Field>
</Object>
<Object class="com.sunopsis.dwg.dbobj.SnpReferencedObject">
		<Field name="IObject" type="com.sunopsis.sql.DbInt"><![CDATA[1200]]></Field>
	<Field name="ObjectPKasString" type="java.lang.String"><![CDATA[24]]></Field>
	<Field name="ObjectAKasString" type="java.lang.String"><![CDATA[ORACLE]]></Field>
	<Field name="Description" type="java.lang.String"><![CDATA[SNP_TECHNO : Oracle]]></Field>
 <Field name="GlobalId" type="java.lang.String"><![CDATA[e9120718-5b1e-3e9c-b3b9-28317b288494]]></Field>
</Object>
<Object class="com.sunopsis.dwg.dbobj.SnpChildFCO">
		<Field name="Type" type="java.lang.String"><![CDATA[SnpSubModel]]></Field>
	<Field name="SubType" type="java.lang.String">null</Field>
	<Field name="Name" type="java.lang.String"><![CDATA[Global]]></Field>
	<Field name="GlobalId" type="java.lang.String"><![CDATA[4504f5ac-341c-412e-b8e4-cec0a727e0a1]]></Field>
	<Field name="Version" type="java.lang.String"><![CDATA[9a8a3c6b8b72ec6b6bc842383939826293932ba1]]></Field>
	<Field name="Path" type="java.lang.String"><![CDATA[Global/SMOD_Global.xml]]></Field>
</Object>
<Object class="com.sunopsis.dwg.DwgExportSummary">
		<Field name="ExpTxtNb" type="com.sunopsis.sql.DbInt"><![CDATA[0]]></Field>
	<Field name="InstObjNb" type="com.sunopsis.sql.DbInt"><![CDATA[0]]></Field>
	<Field name="JoinColNb" type="com.sunopsis.sql.DbInt"><![CDATA[0]]></Field>
	<Field name="JoinNb" type="com.sunopsis.sql.DbInt"><![CDATA[0]]></Field>
	<Field name="KeyColNb" type="com.sunopsis.sql.DbInt"><![CDATA[0]]></Field>
	<Field name="KeyNb" type="com.sunopsis.sql.DbInt"><![CDATA[0]]></Field>
	<Field name="LinkDiagNb" type="com.sunopsis.sql.DbInt"><![CDATA[0]]></Field>
	<Field name="MorigTxtNb" type="com.sunopsis.sql.DbInt"><![CDATA[0]]></Field>
	<Field name="MtxtNb" type="com.sunopsis.sql.DbInt"><![CDATA[0]]></Field>
	<Field name="OrigTxtNb" type="com.sunopsis.sql.DbInt"><![CDATA[0]]></Field>
	<Field name="OtherObjectsNb" type="com.sunopsis.sql.DbInt"><![CDATA[1]]></Field>
	<Field name="PlanAgentNb" type="com.sunopsis.sql.DbInt"><![CDATA[0]]></Field>
	<Field name="StepNb" type="com.sunopsis.sql.DbInt"><![CDATA[0]]></Field>
	<Field name="TxtNb" type="com.sunopsis.sql.DbInt"><![CDATA[0]]></Field>
	<Field name="UeOrigNb" type="com.sunopsis.sql.DbInt"><![CDATA[0]]></Field>
	<Field name="UeUsedNb" type="com.sunopsis.sql.DbInt"><![CDATA[0]]></Field>
	<Field name="VarPlanAgentNb" type="com.sunopsis.sql.DbInt"><![CDATA[0]]></Field>
	<Field name="ScenTxtNb" type="com.sunopsis.sql.DbInt"><![CDATA[0]]></Field>
	<Field name="OdiVersion" type="java.lang.String"><![CDATA[12.2.1]]></Field>
	<Field name="OriginRepositoryID" type="com.sunopsis.sql.DbInt"><![CDATA[1]]></Field>
	<Field name="RepositoryVersion" type="java.lang.String"><![CDATA[05.02.02.09]]></Field>
</Object>
</SunopsisExport>
