<?xml version="1.0" encoding="UTF-8"?>
<SunopsisExport>
<Admin RepositoryVersion="05.02.02.09" IsLegacyIdCompatible="false" />
<Encryption algorithm="AES" keyLength="128" exportKeyHash="ct/f5MUoi440zz19B4XiuEWKtk7IrIlJXPxkTZwFPEY=" keyVect="Z/zs7PxA1/3yoDfCSnblQg==" exportKeySalt="3f161c51-b90d-47f6-b1ee-b3ded0630291" containsCipherText="false"/>
<Object class="com.sunopsis.dwg.dbobj.SnpObject">
		<Field name="ExtVersion" type="java.lang.String">null</Field>
	<Field name="FirstDate" type="java.sql.Timestamp"><![CDATA[2020-10-28 06:59:28.0]]></Field>
	<Field name="FirstUser" type="java.lang.String"><![CDATA[SUNOPSIS_INSTALL]]></Field>
	<Field name="GlobalId" type="java.lang.String"><![CDATA[9b03581e-9068-3d0a-9377-30acb93b2afc]]></Field>
	<Field name="IndChange" type="java.lang.String">null</Field>
	<Field name="IntJavaName" type="java.lang.String"><![CDATA[com.sunopsis.dwg.dbobj.SnpUserProf]]></Field>
	<Field name="IObjects" type="com.sunopsis.sql.DbInt"><![CDATA[600]]></Field>
	<Field name="LastDate" type="java.sql.Timestamp"><![CDATA[2020-10-28 07:52:14.0]]></Field>
	<Field name="LastUser" type="java.lang.String"><![CDATA[SUPERVISOR]]></Field>
	<Field name="ObjName" type="java.lang.String"><![CDATA[OBJ_SNPUSERPROF_600]]></Field>
	<Field name="SecuPos" type="com.sunopsis.sql.DbInt"><![CDATA[60]]></Field>
</Object>
<Object class="com.sunopsis.dwg.dbobj.SnpMethod">
		<Field name="DispPopUp" type="java.lang.String"><![CDATA[0]]></Field>
	<Field name="FirstDate" type="java.sql.Timestamp"><![CDATA[2020-10-28 06:59:28.0]]></Field>
	<Field name="FirstUser" type="java.lang.String"><![CDATA[SUNOPSIS_INSTALL]]></Field>
	<Field name="GlobalId" type="java.lang.String"><![CDATA[9d8e9a43-ae1f-3f3b-b6d3-9ab1b21e6fe8]]></Field>
	<Field name="GrantCreator" type="java.lang.String"><![CDATA[1]]></Field>
	<Field name="IndImp" type="java.lang.String">null</Field>
	<Field name="IndNew" type="java.lang.String"><![CDATA[1]]></Field>
	<Field name="IntJavaName" type="java.lang.String"><![CDATA[insert]]></Field>
	<Field name="IMeth" type="com.sunopsis.sql.DbInt"><![CDATA[7800]]></Field>
	<Field name="IObjects" type="com.sunopsis.sql.DbInt"><![CDATA[600]]></Field>
	<Field name="LastDate" type="java.sql.Timestamp"><![CDATA[2020-10-28 07:52:14.0]]></Field>
	<Field name="LastUser" type="java.lang.String"><![CDATA[SUPERVISOR]]></Field>
	<Field name="Position" type="com.sunopsis.sql.DbInt"><![CDATA[40]]></Field>
	<Field name="ShortName" type="java.lang.String"><![CDATA[METH_INSERT_7800]]></Field>
</Object>
<Object class="com.sunopsis.dwg.dbobj.SnpMethod">
		<Field name="DispPopUp" type="java.lang.String"><![CDATA[1]]></Field>
	<Field name="FirstDate" type="java.sql.Timestamp"><![CDATA[2020-10-28 06:59:28.0]]></Field>
	<Field name="FirstUser" type="java.lang.String"><![CDATA[SUNOPSIS_INSTALL]]></Field>
	<Field name="GlobalId" type="java.lang.String"><![CDATA[96c610f7-5fcc-3b85-865d-c694df83f2dd]]></Field>
	<Field name="GrantCreator" type="java.lang.String"><![CDATA[1]]></Field>
	<Field name="IndImp" type="java.lang.String">null</Field>
	<Field name="IndNew" type="java.lang.String"><![CDATA[0]]></Field>
	<Field name="IntJavaName" type="java.lang.String"><![CDATA[delete]]></Field>
	<Field name="IMeth" type="com.sunopsis.sql.DbInt"><![CDATA[2100]]></Field>
	<Field name="IObjects" type="com.sunopsis.sql.DbInt"><![CDATA[600]]></Field>
	<Field name="LastDate" type="java.sql.Timestamp"><![CDATA[2020-10-28 07:52:14.0]]></Field>
	<Field name="LastUser" type="java.lang.String"><![CDATA[SUPERVISOR]]></Field>
	<Field name="Position" type="com.sunopsis.sql.DbInt"><![CDATA[60]]></Field>
	<Field name="ShortName" type="java.lang.String"><![CDATA[METH_DELETE_2100]]></Field>
</Object>
<Object class="com.sunopsis.dwg.dbobj.SnpFKXRef">
		<Field name="RefKey" type="java.lang.String"><![CDATA[SNP_OBJECT.600]]></Field>
	<Field name="RefObjGlobalId" type="java.lang.String"><![CDATA[9b03581e-9068-3d0a-9377-30acb93b2afc]]></Field>
 <Field name="RefObjFQName" type="java.lang.String"><![CDATA[Users / Profiles]]></Field>
 <Field name="RefObjFQType" type="java.lang.String"><![CDATA[SNP_OBJECT]]></Field>
 <Field name="RefObjFQNameLengths" type="java.lang.String"><![CDATA[16]]></Field>
</Object>
<Object class="com.sunopsis.dwg.DwgExportSummary">
		<Field name="ExpTxtNb" type="com.sunopsis.sql.DbInt"><![CDATA[0]]></Field>
	<Field name="InstObjNb" type="com.sunopsis.sql.DbInt"><![CDATA[0]]></Field>
	<Field name="JoinColNb" type="com.sunopsis.sql.DbInt"><![CDATA[0]]></Field>
	<Field name="JoinNb" type="com.sunopsis.sql.DbInt"><![CDATA[0]]></Field>
	<Field name="KeyColNb" type="com.sunopsis.sql.DbInt"><![CDATA[0]]></Field>
	<Field name="KeyNb" type="com.sunopsis.sql.DbInt"><![CDATA[0]]></Field>
	<Field name="LinkDiagNb" type="com.sunopsis.sql.DbInt"><![CDATA[0]]></Field>
	<Field name="MorigTxtNb" type="com.sunopsis.sql.DbInt"><![CDATA[0]]></Field>
	<Field name="MtxtNb" type="com.sunopsis.sql.DbInt"><![CDATA[0]]></Field>
	<Field name="OrigTxtNb" type="com.sunopsis.sql.DbInt"><![CDATA[0]]></Field>
	<Field name="OtherObjectsNb" type="com.sunopsis.sql.DbInt"><![CDATA[3]]></Field>
	<Field name="PlanAgentNb" type="com.sunopsis.sql.DbInt"><![CDATA[0]]></Field>
	<Field name="StepNb" type="com.sunopsis.sql.DbInt"><![CDATA[0]]></Field>
	<Field name="TxtNb" type="com.sunopsis.sql.DbInt"><![CDATA[0]]></Field>
	<Field name="UeOrigNb" type="com.sunopsis.sql.DbInt"><![CDATA[0]]></Field>
	<Field name="UeUsedNb" type="com.sunopsis.sql.DbInt"><![CDATA[0]]></Field>
	<Field name="VarPlanAgentNb" type="com.sunopsis.sql.DbInt"><![CDATA[0]]></Field>
	<Field name="ScenTxtNb" type="com.sunopsis.sql.DbInt"><![CDATA[0]]></Field>
	<Field name="OdiVersion" type="java.lang.String"><![CDATA[12.2.1]]></Field>
	<Field name="OriginRepositoryID" type="com.sunopsis.sql.DbInt"><![CDATA[0]]></Field>
	<Field name="RepositoryVersion" type="java.lang.String"><![CDATA[05.02.02.09]]></Field>
</Object>
</SunopsisExport>
