<?xml version="1.0" encoding="UTF-8"?>
<SunopsisExport>
<Admin RepositoryVersion="05.02.02.09" IsLegacyIdCompatible="false" />
<Encryption algorithm="AES" keyLength="128" exportKeyHash="nEjGDFAKAcpwX3Ms/viFUQt7d0FXhmC8vTzfvyw8kWk=" keyVect="dJokmbrlZN4wZVFlF9SgCQ==" exportKeySalt="2e39649a-6369-442d-bef7-9bc2edd7a964" containsCipherText="false"/>
<Object class="com.sunopsis.dwg.dbobj.SnpKmTemplate">
		<Field name="FirstDate" type="java.sql.Timestamp"><![CDATA[2020-10-13 17:12:29.0]]></Field>
	<Field name="FirstUser" type="java.lang.String"><![CDATA[SUNOPSIS_INSTALL]]></Field>
	<Field name="GlobalId" type="java.lang.String"><![CDATA[fa46f298-2d00-11e6-9450-00163e1ffd72]]></Field>
	<Field name="IndChange" type="java.lang.String"><![CDATA[I]]></Field>
	<Field name="IndIsSeeded" type="java.lang.String"><![CDATA[1]]></Field>
	<Field name="IndLangTrans" type="java.lang.String"><![CDATA[1]]></Field>
	<Field name="IndReplNl" type="java.lang.String"><![CDATA[1]]></Field>
	<Field name="IntVersion" type="com.sunopsis.sql.DbInt"><![CDATA[1]]></Field>
	<Field name="IKmTemplate" type="com.sunopsis.sql.DbInt"><![CDATA[217]]></Field>
	<Field name="LangName" type="java.lang.String"><![CDATA[GROOVY]]></Field>
	<Field name="LastDate" type="java.sql.Timestamp"><![CDATA[2020-10-13 17:12:29.0]]></Field>
	<Field name="LastUser" type="java.lang.String"><![CDATA[SUNOPSIS_INSTALL]]></Field>
	<Field name="Name" type="java.lang.String"><![CDATA[LkmToOracleOlh_CreateExtTab]]></Field>
	<Field name="TechnoName" type="java.lang.String"><![CDATA[ORACLE]]></Field>
	<Field name="TemplateText" type="java.lang.String"><![CDATA[
import java.sql.SQLException

{# IF ( $[useOSCH] == 'true' ) #}
/* For OSCH the ext tab location is just the .loc file and will be populated later by OSCH publish utility */
locations = ''' '$[locFileName].loc' '''.replaceAll(""+(char)34, "")
{# ENDIF #}

{# IF ( $[isOutputModeDP_COPY] == 'true' ) #}

/* For DP_COPY we need to collect the list of generated DP files, which OLH has generated. This list is then be used in the ext tab definition. */

import org.apache.hadoop.fs.FileSystem
import org.apache.hadoop.fs.Path
import org.apache.hadoop.conf.Configuration
import org.apache.commons.io.filefilter.WildcardFilter
import java.net.URI

conf = new Configuration();
// Collect all matching input file names
jdbcUrl = '''{# IF ( $[isFromFile] == 'true' ) #}$[srcJavaUrl]{# ENDIF #}'''
fullFileNamePattern = jdbcUrl + '''<?=mapredOutputDir?>/*.dat'''
fs = FileSystem.get( new URI( fullFileNamePattern ),  conf )
pt = new Path( fullFileNamePattern )
// Get list of matching elements
lst = fs.globStatus( pt )
if ( lst == null ) lst = []
// Remove all dirs
lstFiles = lst.findAll{ !it.isDir() }
lstFileNames = lstFiles.collect { it.getPath().getName() }

// Stop, if no files found
if ( lstFileNames.size() == 0) {
     throw new OdiKMException("ODIKM-HIVE-10006", "ODIKM-HIVE-10006: No data pump files found at: {0}", [${fullFileNamePattern}].toArray())
}

// Build location string
locations = ''
for (sFile in lstFileNames) {
    locations += (locations.length()>0)?",":""
    locations += "'${sFile}'"
}

{# ENDIF #}


sql = '''

create table $[oracleExtTableName]
(
	$[extTabColList]
)
ORGANIZATION EXTERNAL
  (TYPE {# IF ( $[isOutputModeDP_COPY] == 'true' ) #}ORACLE_DATAPUMP{# ELSE #}ORACLE_LOADER{# ENDIF #}
   DEFAULT DIRECTORY ODI_OLH_EXTTAB_DIR_<?=odiRef.getSession("SESS_NO")?>
   
   {# IF ( $[isOutputModeDP_OSCH] == 'true' ) #}
   ACCESS PARAMETERS (
      EXTERNAL VARIABLE DATA
      $[preprocessorClause]
   )
   {# ENDIF #}
   
   {# IF ( $[isOutputModeOSCH] == 'true' ) #}
   ACCESS PARAMETERS (
      RECORDS DELIMITED BY 0x'$[sourceFile_XFILE_SEP_ROW]'
      $[preprocessorClause]
      CHARACTERSET UTF8
      SKIP $[sourceFile_FILE_FIRST_ROW]
      	
      {# IF ( $[isDelimitedSourceFile] == 'true' ) #}
	  FIELDS  TERMINATED BY  x'$[sourceFile_XFILE_SEP_FIELD]'
	  {# IF ( $[textDelimiter.length()] > '0' ) #}
	  OPTIONALLY ENCLOSED BY '$[textDelimiter]'
	  {# ENDIF #}
      <? /*	FIELDS MISSING VALUES ARE NULL */ ?>
	  (
		$[extTabFieldList]		
	  )
	
      {# ELSE #}<? /* Fixed length input file */ ?>
	  FIELDS
	  (
		$[extTabFieldList]		
	  )
      {# ENDIF #}
   )
   {# ENDIF #}
   LOCATION (''' + locations + ''')
  )
  REJECT LIMIT $[extTabRejectLimit]
'''

// Report ext tab definition
def newMsg = "Submitting: \n" + sql + "\n"
odiRef.setSummaryMessage( newMsg )

con = odiRef.getJDBCConnectionFromLSchema( '''$[oracleLSchemaName]''' )
stmt = con.createStatement();

//Execute the SQL statement
try {
    stmt.executeUpdate( sql )
} catch (SQLException re) {
    def e = re
    def msg = ""
    while (e != null) {
        msg += "\n" + e.getMessage()
        e = e.getNextException()                
    }
    throw new OdiKMException("ODIKM-HIVE-10001", "ODIKM-HIVE-10001: Exception encountered exception:\n\n{1}\n\nwhile submitting: {0} ", [sql,msg].toArray())
} finally {
    con.close()
}
 ]]></Field>
	<Field name="TemplateVersion" type="java.lang.String">null</Field>
</Object>
<Object class="com.sunopsis.dwg.DwgExportSummary">
		<Field name="ExpTxtNb" type="com.sunopsis.sql.DbInt"><![CDATA[0]]></Field>
	<Field name="InstObjNb" type="com.sunopsis.sql.DbInt"><![CDATA[0]]></Field>
	<Field name="JoinColNb" type="com.sunopsis.sql.DbInt"><![CDATA[0]]></Field>
	<Field name="JoinNb" type="com.sunopsis.sql.DbInt"><![CDATA[0]]></Field>
	<Field name="KeyColNb" type="com.sunopsis.sql.DbInt"><![CDATA[0]]></Field>
	<Field name="KeyNb" type="com.sunopsis.sql.DbInt"><![CDATA[0]]></Field>
	<Field name="LinkDiagNb" type="com.sunopsis.sql.DbInt"><![CDATA[0]]></Field>
	<Field name="MorigTxtNb" type="com.sunopsis.sql.DbInt"><![CDATA[0]]></Field>
	<Field name="MtxtNb" type="com.sunopsis.sql.DbInt"><![CDATA[0]]></Field>
	<Field name="OrigTxtNb" type="com.sunopsis.sql.DbInt"><![CDATA[0]]></Field>
	<Field name="OtherObjectsNb" type="com.sunopsis.sql.DbInt"><![CDATA[1]]></Field>
	<Field name="PlanAgentNb" type="com.sunopsis.sql.DbInt"><![CDATA[0]]></Field>
	<Field name="StepNb" type="com.sunopsis.sql.DbInt"><![CDATA[0]]></Field>
	<Field name="TxtNb" type="com.sunopsis.sql.DbInt"><![CDATA[0]]></Field>
	<Field name="UeOrigNb" type="com.sunopsis.sql.DbInt"><![CDATA[0]]></Field>
	<Field name="UeUsedNb" type="com.sunopsis.sql.DbInt"><![CDATA[0]]></Field>
	<Field name="VarPlanAgentNb" type="com.sunopsis.sql.DbInt"><![CDATA[0]]></Field>
	<Field name="ScenTxtNb" type="com.sunopsis.sql.DbInt"><![CDATA[0]]></Field>
	<Field name="OdiVersion" type="java.lang.String"><![CDATA[12.2.1]]></Field>
	<Field name="OriginRepositoryID" type="com.sunopsis.sql.DbInt"><![CDATA[1]]></Field>
	<Field name="RepositoryVersion" type="java.lang.String"><![CDATA[05.02.02.09]]></Field>
</Object>
</SunopsisExport>
