<?xml version="1.0" encoding="UTF-8"?>
<SunopsisExport>
<Admin RepositoryVersion="05.02.02.09" IsLegacyIdCompatible="false" />
<Encryption algorithm="AES" keyLength="128" exportKeyHash="sOFCqIUy+UhtZ+b8h/wksevn8gNvUhqwUp20FSYPIco=" keyVect="vK4VncwmpFHtp6QPkQKzBw==" exportKeySalt="7e8d6507-14e7-4e6b-abb9-09a6eec0dca3" containsCipherText="false"/>
<Object class="com.sunopsis.dwg.dbobj.SnpKmTemplate">
		<Field name="FirstDate" type="java.sql.Timestamp"><![CDATA[2020-10-13 17:12:29.0]]></Field>
	<Field name="FirstUser" type="java.lang.String"><![CDATA[SUNOPSIS_INSTALL]]></Field>
	<Field name="GlobalId" type="java.lang.String"><![CDATA[fa46f144-2d00-11e6-9447-00163e1ffd72]]></Field>
	<Field name="IndChange" type="java.lang.String"><![CDATA[I]]></Field>
	<Field name="IndIsSeeded" type="java.lang.String"><![CDATA[1]]></Field>
	<Field name="IndLangTrans" type="java.lang.String"><![CDATA[1]]></Field>
	<Field name="IndReplNl" type="java.lang.String"><![CDATA[1]]></Field>
	<Field name="IntVersion" type="com.sunopsis.sql.DbInt"><![CDATA[1]]></Field>
	<Field name="IKmTemplate" type="com.sunopsis.sql.DbInt"><![CDATA[206]]></Field>
	<Field name="LangName" type="java.lang.String"><![CDATA[GROOVY]]></Field>
	<Field name="LastDate" type="java.sql.Timestamp"><![CDATA[2020-10-13 17:12:29.0]]></Field>
	<Field name="LastUser" type="java.lang.String"><![CDATA[SUNOPSIS_INSTALL]]></Field>
	<Field name="Name" type="java.lang.String"><![CDATA[LkmSqlToHive_Prepare_Export]]></Field>
	<Field name="TechnoName" type="java.lang.String"><![CDATA[GROOVY]]></Field>
	<Field name="TemplateText" type="java.lang.String"><![CDATA[
/* Prepare some variables */
<?
    credentialProviderPath = odiRef.getDataServerProperty( "hadoop.security.credential.provider.path", "DEST" );
    if (credentialProviderPath == null || credentialProviderPath.length() == 0 ) { credentialProviderPath = ""; };
    
    passwordAlias = odiRef.getDataServerProperty( "password-alias", "DEST" );
    if (passwordAlias == null || passwordAlias.length() == 0 ) { passwordAlias = ""; };
    
    useCredStore = false;
    if (credentialProviderPath.length() != 0 && passwordAlias.length() != 0) {  useCredStore = true; };
?> 
<$  /* Calculate path names and file names */
    import java.io.File;
        
    tempPath = $[tempPath];
    tempPath = (tempPath.length()==0) ? System.getProperty("java.io.tmpdir") : tempPath;
    tempSessionDir = tempPath + "/" + "odi_"+odiRef.getSession("SESS_GUID")+"_"+odiRef.getStep( "NNO" )+"_"+ odiRef.getSession("CONTEXT_CODE");
    tempPath = tempSessionDir;
           
    sqoopStdOutFileName = tempPath + "/" + "odi.out";
    sqoopErrFileName =    tempPath + "/" + "odi.err";
    sqoopOptionFile =     tempPath + "/" + "odi.sqoop";
    
    sourceDir = $[sourceDir];
        
    /* Get some env vars */ 
    odiSqoopJars = odiRef.getDataServerProperty( "SQOOP_LIBJARS", "SRC" );   
    if (odiSqoopJars == null || odiSqoopJars.length() == 0 ) { odiSqoopJars = ""; } else {
    odiSqoopJars = "-libjars" + (char)10 + odiSqoopJars; };
 
    odiSqoopJavaHome = odiRef.getDataServerProperty("SQOOP_JAVA_HOME", "SRC");
    if (odiSqoopJavaHome == null || odiSqoopJavaHome.length() == 0 ) { odiSqoopJavaHome = ""; } else {
    odiSqoopJavaHome = "export JAVA_HOME=" + odiSqoopJavaHome + ";"; };               

$>
]]></Field>
	<Field name="TemplateVersion" type="java.lang.String">null</Field>
</Object>
<Object class="com.sunopsis.dwg.dbobj.SnpKmTemplateJoin">
		<Field name="GlobalId" type="java.lang.String"><![CDATA[68e129ad-3e1d-4e72-8dcf-d0d6e4886437]]></Field>
	<Field name="ISnpKmTemplate" type="com.sunopsis.sql.DbInt"><![CDATA[206]]></Field>
	<Field name="ISnpTrt" type="com.sunopsis.sql.DbInt"><![CDATA[74]]></Field>
</Object>
<Object class="com.sunopsis.dwg.dbobj.SnpKmTemplateJoin">
		<Field name="GlobalId" type="java.lang.String"><![CDATA[ec6fd73a-699f-4203-9ef0-d2b89dff8a0d]]></Field>
	<Field name="ISnpKmTemplate" type="com.sunopsis.sql.DbInt"><![CDATA[206]]></Field>
	<Field name="ISnpTrt" type="com.sunopsis.sql.DbInt"><![CDATA[72]]></Field>
</Object>
<Object class="com.sunopsis.dwg.dbobj.SnpKmTemplateJoin">
		<Field name="GlobalId" type="java.lang.String"><![CDATA[f4013346-6e00-460e-91d5-f99fa30a7c9d]]></Field>
	<Field name="ISnpKmTemplate" type="com.sunopsis.sql.DbInt"><![CDATA[206]]></Field>
	<Field name="ISnpTrt" type="com.sunopsis.sql.DbInt"><![CDATA[73]]></Field>
</Object>
<Object class="com.sunopsis.dwg.dbobj.SnpKmTemplateJoin">
		<Field name="GlobalId" type="java.lang.String"><![CDATA[81a24398-6c7b-4b06-b012-34dc48060243]]></Field>
	<Field name="ISnpKmTemplate" type="com.sunopsis.sql.DbInt"><![CDATA[206]]></Field>
	<Field name="ISnpTrt" type="com.sunopsis.sql.DbInt"><![CDATA[75]]></Field>
</Object>
<Object class="com.sunopsis.dwg.dbobj.SnpFKXRef">
		<Field name="RefKey" type="java.lang.String"><![CDATA[SNP_TRT.74]]></Field>
	<Field name="RefObjGlobalId" type="java.lang.String"><![CDATA[FD9B1AAF5D09780FE04311C1E40A5D9E]]></Field>
 <Field name="RefObjFQName" type="java.lang.String"><![CDATA[LKM Hive to SQL SQOOP]]></Field>
 <Field name="RefObjFQType" type="java.lang.String"><![CDATA[SNP_TRT]]></Field>
 <Field name="RefObjFQNameLengths" type="java.lang.String"><![CDATA[21]]></Field>
</Object>
<Object class="com.sunopsis.dwg.dbobj.SnpFKXRef">
		<Field name="RefKey" type="java.lang.String"><![CDATA[SNP_KMTEMPLATE.206]]></Field>
	<Field name="RefObjGlobalId" type="java.lang.String"><![CDATA[fa46f144-2d00-11e6-9447-00163e1ffd72]]></Field>
 <Field name="RefObjFQName" type="java.lang.String"><![CDATA[LkmSqlToHive_Prepare_Export]]></Field>
 <Field name="RefObjFQType" type="java.lang.String"><![CDATA[SNP_KMTEMPLATE]]></Field>
 <Field name="RefObjFQNameLengths" type="java.lang.String"><![CDATA[27]]></Field>
</Object>
<Object class="com.sunopsis.dwg.dbobj.SnpFKXRef">
		<Field name="RefKey" type="java.lang.String"><![CDATA[SNP_TRT.72]]></Field>
	<Field name="RefObjGlobalId" type="java.lang.String"><![CDATA[FD9B1AAF5D04780FE04311C1E40A5D9E]]></Field>
 <Field name="RefObjFQName" type="java.lang.String"><![CDATA[HiveSqoopExportBaseLKM]]></Field>
 <Field name="RefObjFQType" type="java.lang.String"><![CDATA[SNP_TRT]]></Field>
 <Field name="RefObjFQNameLengths" type="java.lang.String"><![CDATA[22]]></Field>
</Object>
<Object class="com.sunopsis.dwg.dbobj.SnpFKXRef">
		<Field name="RefKey" type="java.lang.String"><![CDATA[SNP_TRT.73]]></Field>
	<Field name="RefObjGlobalId" type="java.lang.String"><![CDATA[FD9B1AAF5D0B780FE04311C1E40A5D9E]]></Field>
 <Field name="RefObjFQName" type="java.lang.String"><![CDATA[LKM File to SQL SQOOP]]></Field>
 <Field name="RefObjFQType" type="java.lang.String"><![CDATA[SNP_TRT]]></Field>
 <Field name="RefObjFQNameLengths" type="java.lang.String"><![CDATA[21]]></Field>
</Object>
<Object class="com.sunopsis.dwg.dbobj.SnpFKXRef">
		<Field name="RefKey" type="java.lang.String"><![CDATA[SNP_TRT.75]]></Field>
	<Field name="RefObjGlobalId" type="java.lang.String"><![CDATA[FEAF67D094E32760E04311C1E40A3D29]]></Field>
 <Field name="RefObjFQName" type="java.lang.String"><![CDATA[LKM HBase to SQL SQOOP]]></Field>
 <Field name="RefObjFQType" type="java.lang.String"><![CDATA[SNP_TRT]]></Field>
 <Field name="RefObjFQNameLengths" type="java.lang.String"><![CDATA[22]]></Field>
</Object>
<Object class="com.sunopsis.dwg.DwgExportSummary">
		<Field name="ExpTxtNb" type="com.sunopsis.sql.DbInt"><![CDATA[0]]></Field>
	<Field name="InstObjNb" type="com.sunopsis.sql.DbInt"><![CDATA[0]]></Field>
	<Field name="JoinColNb" type="com.sunopsis.sql.DbInt"><![CDATA[0]]></Field>
	<Field name="JoinNb" type="com.sunopsis.sql.DbInt"><![CDATA[0]]></Field>
	<Field name="KeyColNb" type="com.sunopsis.sql.DbInt"><![CDATA[0]]></Field>
	<Field name="KeyNb" type="com.sunopsis.sql.DbInt"><![CDATA[0]]></Field>
	<Field name="LinkDiagNb" type="com.sunopsis.sql.DbInt"><![CDATA[0]]></Field>
	<Field name="MorigTxtNb" type="com.sunopsis.sql.DbInt"><![CDATA[0]]></Field>
	<Field name="MtxtNb" type="com.sunopsis.sql.DbInt"><![CDATA[0]]></Field>
	<Field name="OrigTxtNb" type="com.sunopsis.sql.DbInt"><![CDATA[0]]></Field>
	<Field name="OtherObjectsNb" type="com.sunopsis.sql.DbInt"><![CDATA[5]]></Field>
	<Field name="PlanAgentNb" type="com.sunopsis.sql.DbInt"><![CDATA[0]]></Field>
	<Field name="StepNb" type="com.sunopsis.sql.DbInt"><![CDATA[0]]></Field>
	<Field name="TxtNb" type="com.sunopsis.sql.DbInt"><![CDATA[0]]></Field>
	<Field name="UeOrigNb" type="com.sunopsis.sql.DbInt"><![CDATA[0]]></Field>
	<Field name="UeUsedNb" type="com.sunopsis.sql.DbInt"><![CDATA[0]]></Field>
	<Field name="VarPlanAgentNb" type="com.sunopsis.sql.DbInt"><![CDATA[0]]></Field>
	<Field name="ScenTxtNb" type="com.sunopsis.sql.DbInt"><![CDATA[0]]></Field>
	<Field name="OdiVersion" type="java.lang.String"><![CDATA[12.2.1]]></Field>
	<Field name="OriginRepositoryID" type="com.sunopsis.sql.DbInt"><![CDATA[1]]></Field>
	<Field name="RepositoryVersion" type="java.lang.String"><![CDATA[05.02.02.09]]></Field>
</Object>
</SunopsisExport>
