<?xml version="1.0" encoding="UTF-8"?>
<SunopsisExport>
<Admin RepositoryVersion="05.02.02.09" IsLegacyIdCompatible="false" />
<Encryption algorithm="AES" keyLength="128" exportKeyHash="AXldwZoffNT+z+kHqgRoXtNOf4Ec/tv2KdSici3d77M=" keyVect="8IoVwIt3Sa55qMd3bVgkCg==" exportKeySalt="9d5fc21e-b76a-4b0c-a7d9-c48a196f9033" containsCipherText="false"/>
<Object class="com.sunopsis.dwg.dbobj.SnpTable">
		<Field name="ExtVersion" type="java.lang.String">null</Field>
	<Field name="FileDecSep" type="java.lang.String">null</Field>
	<Field name="FileEncField" type="java.lang.String">null</Field>
	<Field name="FileEscChar" type="java.lang.String">null</Field>
	<Field name="FileFirstRow" type="com.sunopsis.sql.DbInt"><![CDATA[null]]></Field>
	<Field name="FileFormat" type="java.lang.String">null</Field>
	<Field name="FileNullValue" type="java.lang.String">null</Field>
	<Field name="FileSepColl" type="java.lang.String">null</Field>
	<Field name="FileSepField" type="java.lang.String">null</Field>
	<Field name="FileSepMap" type="java.lang.String">null</Field>
	<Field name="FileSepRow" type="java.lang.String">null</Field>
	<Field name="FirstDate" type="java.sql.Timestamp"><![CDATA[2020-10-14 17:17:00.0]]></Field>
	<Field name="FirstUser" type="java.lang.String"><![CDATA[SUPERVISOR]]></Field>
	<Field name="GlobalId" type="java.lang.String"><![CDATA[a8d6affe-d5d1-4ad4-bedf-b57ed07d467f]]></Field>
	<Field name="HiveBuckets" type="com.sunopsis.sql.DbInt"><![CDATA[null]]></Field>
	<Field name="HiveLocation" type="java.lang.String">null</Field>
	<Field name="HiveRowFormat" type="java.lang.String">null</Field>
	<Field name="IndChange" type="java.lang.String"><![CDATA[U]]></Field>
	<Field name="IndErrDel" type="java.lang.String">null</Field>
	<Field name="IndFilePosAuto" type="java.lang.String">null</Field>
	<Field name="IndHiveManaged" type="java.lang.String">null</Field>
	<Field name="IndHiveNative" type="java.lang.String">null</Field>
	<Field name="IndJrn" type="java.lang.String"><![CDATA[0]]></Field>
	<Field name="IndShow" type="java.lang.String"><![CDATA[1]]></Field>
	<Field name="IndWs" type="java.lang.String">null</Field>
	<Field name="InputFormat" type="java.lang.String">null</Field>
	<Field name="IntVersion" type="com.sunopsis.sql.DbInt"><![CDATA[1]]></Field>
	<Field name="IMod" type="com.sunopsis.sql.DbInt"><![CDATA[2]]></Field>
	<Field name="IScBaseTable" type="com.sunopsis.sql.DbInt"><![CDATA[null]]></Field>
	<Field name="IScOrigTable" type="com.sunopsis.sql.DbInt"><![CDATA[null]]></Field>
	<Field name="IScTable" type="com.sunopsis.sql.DbInt"><![CDATA[null]]></Field>
	<Field name="ISubModel" type="com.sunopsis.sql.DbInt"><![CDATA[3]]></Field>
	<Field name="ITable" type="com.sunopsis.sql.DbInt"><![CDATA[9]]></Field>
	<Field name="ITableFormatType" type="com.sunopsis.sql.DbInt"><![CDATA[null]]></Field>
	<Field name="ITxtDesc" type="com.sunopsis.sql.DbInt"><![CDATA[null]]></Field>
	<Field name="ITxtWsdl" type="com.sunopsis.sql.DbInt"><![CDATA[null]]></Field>
	<Field name="JrnOrder" type="com.sunopsis.sql.DbInt"><![CDATA[null]]></Field>
	<Field name="LastDate" type="java.sql.Timestamp"><![CDATA[2020-10-14 17:17:01.0]]></Field>
	<Field name="LastUser" type="java.lang.String"><![CDATA[SUPERVISOR]]></Field>
	<Field name="OlapType" type="java.lang.String">null</Field>
	<Field name="OutputFormat" type="java.lang.String">null</Field>
	<Field name="PartitionMeth" type="java.lang.String">null</Field>
	<Field name="ResName" type="java.lang.String"><![CDATA[DEPARTMENTS]]></Field>
	<Field name="RCount" type="com.sunopsis.sql.DbInt"><![CDATA[null]]></Field>
	<Field name="SchemaFile" type="java.lang.String">null</Field>
	<Field name="ScOrigTableTag" type="java.lang.String">null</Field>
	<Field name="Serde" type="java.lang.String">null</Field>
	<Field name="SerdeProp" type="java.lang.String">null</Field>
	<Field name="StorageHandler" type="java.lang.String">null</Field>
	<Field name="StorageProp" type="java.lang.String">null</Field>
	<Field name="SubPartitionMeth" type="java.lang.String">null</Field>
	<Field name="TableAlias" type="java.lang.String"><![CDATA[DEPARTMENTS]]></Field>
	<Field name="TableName" type="java.lang.String"><![CDATA[DEPARTMENTS]]></Field>
	<Field name="TableProp" type="java.lang.String">null</Field>
	<Field name="TableType" type="java.lang.String"><![CDATA[T]]></Field>
	<Field name="WsEntityName" type="java.lang.String">null</Field>
	<Field name="WsName" type="java.lang.String">null</Field>
</Object>
<Object class="com.sunopsis.dwg.dbobj.SnpCol">
		<Field name="Bytes" type="com.sunopsis.sql.DbInt"><![CDATA[0]]></Field>
	<Field name="CheckFlow" type="java.lang.String"><![CDATA[1]]></Field>
	<Field name="CheckStat" type="java.lang.String"><![CDATA[0]]></Field>
	<Field name="ColDecSep" type="java.lang.String">null</Field>
	<Field name="ColFormat" type="java.lang.String">null</Field>
	<Field name="ColHeading" type="java.lang.String"><![CDATA[DEPARTMENT_ID]]></Field>
	<Field name="ColMandatory" type="java.lang.String"><![CDATA[1]]></Field>
	<Field name="ColName" type="java.lang.String"><![CDATA[DEPARTMENT_ID]]></Field>
	<Field name="ColNullIfErr" type="java.lang.String">null</Field>
	<Field name="DataFormat" type="java.lang.String">null</Field>
	<Field name="DefValue" type="java.lang.String">null</Field>
	<Field name="ExtVersion" type="java.lang.String">null</Field>
	<Field name="FilePos" type="com.sunopsis.sql.DbInt"><![CDATA[null]]></Field>
	<Field name="FirstDate" type="java.sql.Timestamp"><![CDATA[2020-10-14 17:17:00.0]]></Field>
	<Field name="FirstUser" type="java.lang.String"><![CDATA[SUPERVISOR]]></Field>
	<Field name="GlobalId" type="java.lang.String"><![CDATA[50478090-8f06-4a91-9dfa-d2cf6bb79b4f]]></Field>
	<Field name="HbaseEncoding" type="java.lang.String">null</Field>
	<Field name="HiveSortbyPos" type="com.sunopsis.sql.DbInt"><![CDATA[null]]></Field>
	<Field name="IndChange" type="java.lang.String"><![CDATA[I]]></Field>
	<Field name="IndHiveCluster" type="java.lang.String">null</Field>
	<Field name="IndHivePartition" type="java.lang.String">null</Field>
	<Field name="IndHiveSort" type="java.lang.String">null</Field>
	<Field name="IndHiveSortbyAsc" type="java.lang.String">null</Field>
	<Field name="IndIn" type="java.lang.String">null</Field>
	<Field name="IndOut" type="java.lang.String">null</Field>
	<Field name="IndWrite" type="java.lang.String"><![CDATA[1]]></Field>
	<Field name="IndWsInsert" type="java.lang.String"><![CDATA[1]]></Field>
	<Field name="IndWsSelect" type="java.lang.String"><![CDATA[1]]></Field>
	<Field name="IndWsUpdate" type="java.lang.String"><![CDATA[1]]></Field>
	<Field name="IntVersion" type="com.sunopsis.sql.DbInt"><![CDATA[1]]></Field>
	<Field name="ICol" type="com.sunopsis.sql.DbInt"><![CDATA[39]]></Field>
	<Field name="ISrcCol" type="com.sunopsis.sql.DbInt"><![CDATA[null]]></Field>
	<Field name="ITable" type="com.sunopsis.sql.DbInt"><![CDATA[9]]></Field>
	<Field name="ITxtColDesc" type="com.sunopsis.sql.DbInt"><![CDATA[null]]></Field>
	<Field name="LastDate" type="java.sql.Timestamp"><![CDATA[2020-10-14 17:17:00.0]]></Field>
	<Field name="LastUser" type="java.lang.String"><![CDATA[SUPERVISOR]]></Field>
	<Field name="Longc" type="com.sunopsis.sql.DbInt"><![CDATA[4]]></Field>
	<Field name="Pos" type="com.sunopsis.sql.DbInt"><![CDATA[1]]></Field>
	<Field name="RecCodeList" type="java.lang.String">null</Field>
	<Field name="Scalec" type="com.sunopsis.sql.DbInt"><![CDATA[0]]></Field>
	<Field name="ScdColType" type="java.lang.String">null</Field>
	<Field name="SourceDt" type="java.lang.String"><![CDATA[NUMBER]]></Field>
</Object>
<Object class="com.sunopsis.dwg.dbobj.SnpCol">
		<Field name="Bytes" type="com.sunopsis.sql.DbInt"><![CDATA[0]]></Field>
	<Field name="CheckFlow" type="java.lang.String"><![CDATA[1]]></Field>
	<Field name="CheckStat" type="java.lang.String"><![CDATA[0]]></Field>
	<Field name="ColDecSep" type="java.lang.String">null</Field>
	<Field name="ColFormat" type="java.lang.String">null</Field>
	<Field name="ColHeading" type="java.lang.String"><![CDATA[DEPARTMENT_NAME]]></Field>
	<Field name="ColMandatory" type="java.lang.String"><![CDATA[1]]></Field>
	<Field name="ColName" type="java.lang.String"><![CDATA[DEPARTMENT_NAME]]></Field>
	<Field name="ColNullIfErr" type="java.lang.String">null</Field>
	<Field name="DataFormat" type="java.lang.String">null</Field>
	<Field name="DefValue" type="java.lang.String">null</Field>
	<Field name="ExtVersion" type="java.lang.String">null</Field>
	<Field name="FilePos" type="com.sunopsis.sql.DbInt"><![CDATA[null]]></Field>
	<Field name="FirstDate" type="java.sql.Timestamp"><![CDATA[2020-10-14 17:17:00.0]]></Field>
	<Field name="FirstUser" type="java.lang.String"><![CDATA[SUPERVISOR]]></Field>
	<Field name="GlobalId" type="java.lang.String"><![CDATA[d3d285d8-552a-4ab6-b2c8-30a4e182d471]]></Field>
	<Field name="HbaseEncoding" type="java.lang.String">null</Field>
	<Field name="HiveSortbyPos" type="com.sunopsis.sql.DbInt"><![CDATA[null]]></Field>
	<Field name="IndChange" type="java.lang.String"><![CDATA[I]]></Field>
	<Field name="IndHiveCluster" type="java.lang.String">null</Field>
	<Field name="IndHivePartition" type="java.lang.String">null</Field>
	<Field name="IndHiveSort" type="java.lang.String">null</Field>
	<Field name="IndHiveSortbyAsc" type="java.lang.String">null</Field>
	<Field name="IndIn" type="java.lang.String">null</Field>
	<Field name="IndOut" type="java.lang.String">null</Field>
	<Field name="IndWrite" type="java.lang.String"><![CDATA[1]]></Field>
	<Field name="IndWsInsert" type="java.lang.String"><![CDATA[1]]></Field>
	<Field name="IndWsSelect" type="java.lang.String"><![CDATA[1]]></Field>
	<Field name="IndWsUpdate" type="java.lang.String"><![CDATA[1]]></Field>
	<Field name="IntVersion" type="com.sunopsis.sql.DbInt"><![CDATA[1]]></Field>
	<Field name="ICol" type="com.sunopsis.sql.DbInt"><![CDATA[40]]></Field>
	<Field name="ISrcCol" type="com.sunopsis.sql.DbInt"><![CDATA[null]]></Field>
	<Field name="ITable" type="com.sunopsis.sql.DbInt"><![CDATA[9]]></Field>
	<Field name="ITxtColDesc" type="com.sunopsis.sql.DbInt"><![CDATA[null]]></Field>
	<Field name="LastDate" type="java.sql.Timestamp"><![CDATA[2020-10-14 17:17:00.0]]></Field>
	<Field name="LastUser" type="java.lang.String"><![CDATA[SUPERVISOR]]></Field>
	<Field name="Longc" type="com.sunopsis.sql.DbInt"><![CDATA[30]]></Field>
	<Field name="Pos" type="com.sunopsis.sql.DbInt"><![CDATA[2]]></Field>
	<Field name="RecCodeList" type="java.lang.String">null</Field>
	<Field name="Scalec" type="com.sunopsis.sql.DbInt"><![CDATA[null]]></Field>
	<Field name="ScdColType" type="java.lang.String">null</Field>
	<Field name="SourceDt" type="java.lang.String"><![CDATA[VARCHAR2]]></Field>
</Object>
<Object class="com.sunopsis.dwg.dbobj.SnpCol">
		<Field name="Bytes" type="com.sunopsis.sql.DbInt"><![CDATA[0]]></Field>
	<Field name="CheckFlow" type="java.lang.String"><![CDATA[1]]></Field>
	<Field name="CheckStat" type="java.lang.String"><![CDATA[0]]></Field>
	<Field name="ColDecSep" type="java.lang.String">null</Field>
	<Field name="ColFormat" type="java.lang.String">null</Field>
	<Field name="ColHeading" type="java.lang.String"><![CDATA[MANAGER_ID]]></Field>
	<Field name="ColMandatory" type="java.lang.String"><![CDATA[0]]></Field>
	<Field name="ColName" type="java.lang.String"><![CDATA[MANAGER_ID]]></Field>
	<Field name="ColNullIfErr" type="java.lang.String">null</Field>
	<Field name="DataFormat" type="java.lang.String">null</Field>
	<Field name="DefValue" type="java.lang.String">null</Field>
	<Field name="ExtVersion" type="java.lang.String">null</Field>
	<Field name="FilePos" type="com.sunopsis.sql.DbInt"><![CDATA[null]]></Field>
	<Field name="FirstDate" type="java.sql.Timestamp"><![CDATA[2020-10-14 17:17:00.0]]></Field>
	<Field name="FirstUser" type="java.lang.String"><![CDATA[SUPERVISOR]]></Field>
	<Field name="GlobalId" type="java.lang.String"><![CDATA[427745e1-eee8-49af-89e5-09cf656cd499]]></Field>
	<Field name="HbaseEncoding" type="java.lang.String">null</Field>
	<Field name="HiveSortbyPos" type="com.sunopsis.sql.DbInt"><![CDATA[null]]></Field>
	<Field name="IndChange" type="java.lang.String"><![CDATA[I]]></Field>
	<Field name="IndHiveCluster" type="java.lang.String">null</Field>
	<Field name="IndHivePartition" type="java.lang.String">null</Field>
	<Field name="IndHiveSort" type="java.lang.String">null</Field>
	<Field name="IndHiveSortbyAsc" type="java.lang.String">null</Field>
	<Field name="IndIn" type="java.lang.String">null</Field>
	<Field name="IndOut" type="java.lang.String">null</Field>
	<Field name="IndWrite" type="java.lang.String"><![CDATA[1]]></Field>
	<Field name="IndWsInsert" type="java.lang.String"><![CDATA[1]]></Field>
	<Field name="IndWsSelect" type="java.lang.String"><![CDATA[1]]></Field>
	<Field name="IndWsUpdate" type="java.lang.String"><![CDATA[1]]></Field>
	<Field name="IntVersion" type="com.sunopsis.sql.DbInt"><![CDATA[1]]></Field>
	<Field name="ICol" type="com.sunopsis.sql.DbInt"><![CDATA[42]]></Field>
	<Field name="ISrcCol" type="com.sunopsis.sql.DbInt"><![CDATA[null]]></Field>
	<Field name="ITable" type="com.sunopsis.sql.DbInt"><![CDATA[9]]></Field>
	<Field name="ITxtColDesc" type="com.sunopsis.sql.DbInt"><![CDATA[null]]></Field>
	<Field name="LastDate" type="java.sql.Timestamp"><![CDATA[2020-10-14 17:17:00.0]]></Field>
	<Field name="LastUser" type="java.lang.String"><![CDATA[SUPERVISOR]]></Field>
	<Field name="Longc" type="com.sunopsis.sql.DbInt"><![CDATA[6]]></Field>
	<Field name="Pos" type="com.sunopsis.sql.DbInt"><![CDATA[3]]></Field>
	<Field name="RecCodeList" type="java.lang.String">null</Field>
	<Field name="Scalec" type="com.sunopsis.sql.DbInt"><![CDATA[0]]></Field>
	<Field name="ScdColType" type="java.lang.String">null</Field>
	<Field name="SourceDt" type="java.lang.String"><![CDATA[NUMBER]]></Field>
</Object>
<Object class="com.sunopsis.dwg.dbobj.SnpCol">
		<Field name="Bytes" type="com.sunopsis.sql.DbInt"><![CDATA[0]]></Field>
	<Field name="CheckFlow" type="java.lang.String"><![CDATA[1]]></Field>
	<Field name="CheckStat" type="java.lang.String"><![CDATA[0]]></Field>
	<Field name="ColDecSep" type="java.lang.String">null</Field>
	<Field name="ColFormat" type="java.lang.String">null</Field>
	<Field name="ColHeading" type="java.lang.String"><![CDATA[LOCATION_ID]]></Field>
	<Field name="ColMandatory" type="java.lang.String"><![CDATA[0]]></Field>
	<Field name="ColName" type="java.lang.String"><![CDATA[LOCATION_ID]]></Field>
	<Field name="ColNullIfErr" type="java.lang.String">null</Field>
	<Field name="DataFormat" type="java.lang.String">null</Field>
	<Field name="DefValue" type="java.lang.String">null</Field>
	<Field name="ExtVersion" type="java.lang.String">null</Field>
	<Field name="FilePos" type="com.sunopsis.sql.DbInt"><![CDATA[null]]></Field>
	<Field name="FirstDate" type="java.sql.Timestamp"><![CDATA[2020-10-14 17:17:00.0]]></Field>
	<Field name="FirstUser" type="java.lang.String"><![CDATA[SUPERVISOR]]></Field>
	<Field name="GlobalId" type="java.lang.String"><![CDATA[4e1f71d4-e62a-4c42-bf37-c198d5361369]]></Field>
	<Field name="HbaseEncoding" type="java.lang.String">null</Field>
	<Field name="HiveSortbyPos" type="com.sunopsis.sql.DbInt"><![CDATA[null]]></Field>
	<Field name="IndChange" type="java.lang.String"><![CDATA[I]]></Field>
	<Field name="IndHiveCluster" type="java.lang.String">null</Field>
	<Field name="IndHivePartition" type="java.lang.String">null</Field>
	<Field name="IndHiveSort" type="java.lang.String">null</Field>
	<Field name="IndHiveSortbyAsc" type="java.lang.String">null</Field>
	<Field name="IndIn" type="java.lang.String">null</Field>
	<Field name="IndOut" type="java.lang.String">null</Field>
	<Field name="IndWrite" type="java.lang.String"><![CDATA[1]]></Field>
	<Field name="IndWsInsert" type="java.lang.String"><![CDATA[1]]></Field>
	<Field name="IndWsSelect" type="java.lang.String"><![CDATA[1]]></Field>
	<Field name="IndWsUpdate" type="java.lang.String"><![CDATA[1]]></Field>
	<Field name="IntVersion" type="com.sunopsis.sql.DbInt"><![CDATA[1]]></Field>
	<Field name="ICol" type="com.sunopsis.sql.DbInt"><![CDATA[41]]></Field>
	<Field name="ISrcCol" type="com.sunopsis.sql.DbInt"><![CDATA[null]]></Field>
	<Field name="ITable" type="com.sunopsis.sql.DbInt"><![CDATA[9]]></Field>
	<Field name="ITxtColDesc" type="com.sunopsis.sql.DbInt"><![CDATA[null]]></Field>
	<Field name="LastDate" type="java.sql.Timestamp"><![CDATA[2020-10-14 17:17:00.0]]></Field>
	<Field name="LastUser" type="java.lang.String"><![CDATA[SUPERVISOR]]></Field>
	<Field name="Longc" type="com.sunopsis.sql.DbInt"><![CDATA[4]]></Field>
	<Field name="Pos" type="com.sunopsis.sql.DbInt"><![CDATA[4]]></Field>
	<Field name="RecCodeList" type="java.lang.String">null</Field>
	<Field name="Scalec" type="com.sunopsis.sql.DbInt"><![CDATA[0]]></Field>
	<Field name="ScdColType" type="java.lang.String">null</Field>
	<Field name="SourceDt" type="java.lang.String"><![CDATA[NUMBER]]></Field>
</Object>
<Object class="com.sunopsis.dwg.dbobj.SnpKey">
		<Field name="CheckFlow" type="java.lang.String"><![CDATA[1]]></Field>
	<Field name="CheckStat" type="java.lang.String"><![CDATA[1]]></Field>
	<Field name="ConsType" type="java.lang.String"><![CDATA[PK]]></Field>
	<Field name="ExtVersion" type="java.lang.String">null</Field>
	<Field name="FirstDate" type="java.sql.Timestamp"><![CDATA[2020-10-14 17:17:00.0]]></Field>
	<Field name="FirstUser" type="java.lang.String"><![CDATA[SUPERVISOR]]></Field>
	<Field name="GlobalId" type="java.lang.String"><![CDATA[9e17d099-4529-43c7-9f82-8d204d836d1d]]></Field>
	<Field name="IndActive" type="java.lang.String"><![CDATA[1]]></Field>
	<Field name="IndChange" type="java.lang.String"><![CDATA[U]]></Field>
	<Field name="IndDb" type="java.lang.String"><![CDATA[1]]></Field>
	<Field name="IntVersion" type="com.sunopsis.sql.DbInt"><![CDATA[1]]></Field>
	<Field name="IKey" type="com.sunopsis.sql.DbInt"><![CDATA[9]]></Field>
	<Field name="ITable" type="com.sunopsis.sql.DbInt"><![CDATA[9]]></Field>
	<Field name="KeyName" type="java.lang.String"><![CDATA[DEPT_ID_PK]]></Field>
	<Field name="LastDate" type="java.sql.Timestamp"><![CDATA[2020-10-14 17:17:00.0]]></Field>
	<Field name="LastUser" type="java.lang.String"><![CDATA[SUPERVISOR]]></Field>
</Object>
<Object class="com.sunopsis.dwg.dbobj.SnpKeyCol">
		<Field name="FirstDate" type="java.sql.Timestamp"><![CDATA[2020-10-14 17:17:00.0]]></Field>
	<Field name="FirstUser" type="java.lang.String"><![CDATA[SUPERVISOR]]></Field>
	<Field name="GlobalId" type="java.lang.String"><![CDATA[87813306-7325-46aa-a522-11ee86f094ae]]></Field>
	<Field name="IndChange" type="java.lang.String"><![CDATA[I]]></Field>
	<Field name="IntVersion" type="com.sunopsis.sql.DbInt"><![CDATA[1]]></Field>
	<Field name="ICol" type="com.sunopsis.sql.DbInt"><![CDATA[39]]></Field>
	<Field name="IKey" type="com.sunopsis.sql.DbInt"><![CDATA[9]]></Field>
	<Field name="LastDate" type="java.sql.Timestamp"><![CDATA[2020-10-14 17:17:00.0]]></Field>
	<Field name="LastUser" type="java.lang.String"><![CDATA[SUPERVISOR]]></Field>
	<Field name="Pos" type="com.sunopsis.sql.DbInt"><![CDATA[1]]></Field>
</Object>
<Object class="com.sunopsis.dwg.dbobj.SnpReferencedObject">
		<Field name="IObject" type="com.sunopsis.sql.DbInt"><![CDATA[2600]]></Field>
	<Field name="ObjectPKasString" type="java.lang.String"><![CDATA[39]]></Field>
	<Field name="ObjectAKasString" type="java.lang.String"><![CDATA[9#DEPARTMENT_ID]]></Field>
	<Field name="Description" type="java.lang.String"><![CDATA[SNP_MODEL : SI_HR #SNP_SUBMODEL : Global #SNP_TABLE : DEPARTMENTS #SNP_COL : DEPARTMENT_ID]]></Field>
 <Field name="GlobalId" type="java.lang.String"><![CDATA[50478090-8f06-4a91-9dfa-d2cf6bb79b4f]]></Field>
</Object>
<Object class="com.sunopsis.dwg.dbobj.SnpJoin">
		<Field name="CheckFlow" type="java.lang.String"><![CDATA[1]]></Field>
	<Field name="CheckStat" type="java.lang.String"><![CDATA[1]]></Field>
	<Field name="Defer" type="java.lang.String">null</Field>
	<Field name="DelRule" type="java.lang.String"><![CDATA[R]]></Field>
	<Field name="ExtVersion" type="java.lang.String">null</Field>
	<Field name="FirstDate" type="java.sql.Timestamp"><![CDATA[2020-10-14 17:17:01.0]]></Field>
	<Field name="FirstUser" type="java.lang.String"><![CDATA[SUPERVISOR]]></Field>
	<Field name="FkName" type="java.lang.String"><![CDATA[DEPT_LOC_FK]]></Field>
	<Field name="FkType" type="java.lang.String"><![CDATA[D]]></Field>
	<Field name="GlobalId" type="java.lang.String"><![CDATA[43799ccd-6bf4-4977-8cd9-257e406bfb71]]></Field>
	<Field name="IndActive" type="java.lang.String"><![CDATA[1]]></Field>
	<Field name="IndChange" type="java.lang.String"><![CDATA[U]]></Field>
	<Field name="IntVersion" type="com.sunopsis.sql.DbInt"><![CDATA[1]]></Field>
	<Field name="IJoin" type="com.sunopsis.sql.DbInt"><![CDATA[13]]></Field>
	<Field name="IScTablePk" type="com.sunopsis.sql.DbInt"><![CDATA[null]]></Field>
	<Field name="ITableFk" type="com.sunopsis.sql.DbInt"><![CDATA[9]]></Field>
	<Field name="ITablePk" type="com.sunopsis.sql.DbInt"><![CDATA[13]]></Field>
	<Field name="ITxtComplex" type="com.sunopsis.sql.DbInt"><![CDATA[null]]></Field>
	<Field name="LastDate" type="java.sql.Timestamp"><![CDATA[2020-10-14 17:17:01.0]]></Field>
	<Field name="LastUser" type="java.lang.String"><![CDATA[SUPERVISOR]]></Field>
	<Field name="PkCatalog" type="java.lang.String">null</Field>
	<Field name="PkIMod" type="com.sunopsis.sql.DbInt"><![CDATA[2]]></Field>
	<Field name="PkSchema" type="java.lang.String"><![CDATA[POCDEV_SI_HR]]></Field>
	<Field name="PkTableAlias" type="java.lang.String"><![CDATA[LOCATIONS]]></Field>
	<Field name="PkTableName" type="java.lang.String"><![CDATA[LOCATIONS]]></Field>
	<Field name="UpdRule" type="java.lang.String"><![CDATA[C]]></Field>
</Object>
<Object class="com.sunopsis.dwg.dbobj.SnpReferencedObject">
		<Field name="IObject" type="com.sunopsis.sql.DbInt"><![CDATA[2400]]></Field>
	<Field name="ObjectPKasString" type="java.lang.String"><![CDATA[13]]></Field>
	<Field name="ObjectAKasString" type="java.lang.String"><![CDATA[2#LOCATIONS]]></Field>
	<Field name="Description" type="java.lang.String"><![CDATA[SNP_MODEL : SI_HR #SNP_SUBMODEL : Global #SNP_TABLE : LOCATIONS]]></Field>
 <Field name="GlobalId" type="java.lang.String"><![CDATA[8b8ab4a5-bcba-4219-9334-3b6f2454af44]]></Field>
</Object>
<Object class="com.sunopsis.dwg.dbobj.SnpJoinCol">
		<Field name="FirstDate" type="java.sql.Timestamp"><![CDATA[2020-10-14 17:17:01.0]]></Field>
	<Field name="FirstUser" type="java.lang.String"><![CDATA[SUPERVISOR]]></Field>
	<Field name="GlobalId" type="java.lang.String"><![CDATA[4d2537ef-26f3-4726-888b-f7851687a891]]></Field>
	<Field name="IndChange" type="java.lang.String"><![CDATA[I]]></Field>
	<Field name="IntVersion" type="com.sunopsis.sql.DbInt"><![CDATA[1]]></Field>
	<Field name="IColFk" type="com.sunopsis.sql.DbInt"><![CDATA[41]]></Field>
	<Field name="IColPk" type="com.sunopsis.sql.DbInt"><![CDATA[65]]></Field>
	<Field name="IJoin" type="com.sunopsis.sql.DbInt"><![CDATA[13]]></Field>
	<Field name="LastDate" type="java.sql.Timestamp"><![CDATA[2020-10-14 17:17:01.0]]></Field>
	<Field name="LastUser" type="java.lang.String"><![CDATA[SUPERVISOR]]></Field>
	<Field name="PkColName" type="java.lang.String"><![CDATA[LOCATION_ID]]></Field>
	<Field name="Pos" type="com.sunopsis.sql.DbInt"><![CDATA[1]]></Field>
</Object>
<Object class="com.sunopsis.dwg.dbobj.SnpReferencedObject">
		<Field name="IObject" type="com.sunopsis.sql.DbInt"><![CDATA[2600]]></Field>
	<Field name="ObjectPKasString" type="java.lang.String"><![CDATA[65]]></Field>
	<Field name="ObjectAKasString" type="java.lang.String"><![CDATA[13#LOCATION_ID]]></Field>
	<Field name="Description" type="java.lang.String"><![CDATA[SNP_MODEL : SI_HR #SNP_SUBMODEL : Global #SNP_TABLE : LOCATIONS #SNP_COL : LOCATION_ID]]></Field>
 <Field name="GlobalId" type="java.lang.String"><![CDATA[8538448e-0bd3-4cce-8096-bcc2f4ed3900]]></Field>
</Object>
<Object class="com.sunopsis.dwg.dbobj.SnpReferencedObject">
		<Field name="IObject" type="com.sunopsis.sql.DbInt"><![CDATA[2600]]></Field>
	<Field name="ObjectPKasString" type="java.lang.String"><![CDATA[41]]></Field>
	<Field name="ObjectAKasString" type="java.lang.String"><![CDATA[9#LOCATION_ID]]></Field>
	<Field name="Description" type="java.lang.String"><![CDATA[SNP_MODEL : SI_HR #SNP_SUBMODEL : Global #SNP_TABLE : DEPARTMENTS #SNP_COL : LOCATION_ID]]></Field>
 <Field name="GlobalId" type="java.lang.String"><![CDATA[4e1f71d4-e62a-4c42-bf37-c198d5361369]]></Field>
</Object>
<Object class="com.sunopsis.dwg.dbobj.SnpJoin">
		<Field name="CheckFlow" type="java.lang.String"><![CDATA[1]]></Field>
	<Field name="CheckStat" type="java.lang.String"><![CDATA[1]]></Field>
	<Field name="Defer" type="java.lang.String">null</Field>
	<Field name="DelRule" type="java.lang.String"><![CDATA[R]]></Field>
	<Field name="ExtVersion" type="java.lang.String">null</Field>
	<Field name="FirstDate" type="java.sql.Timestamp"><![CDATA[2020-10-14 17:17:01.0]]></Field>
	<Field name="FirstUser" type="java.lang.String"><![CDATA[SUPERVISOR]]></Field>
	<Field name="FkName" type="java.lang.String"><![CDATA[DEPT_MGR_FK]]></Field>
	<Field name="FkType" type="java.lang.String"><![CDATA[D]]></Field>
	<Field name="GlobalId" type="java.lang.String"><![CDATA[f69bdd1f-c51c-48bb-a2c6-c6b1cf3f02f0]]></Field>
	<Field name="IndActive" type="java.lang.String"><![CDATA[1]]></Field>
	<Field name="IndChange" type="java.lang.String"><![CDATA[U]]></Field>
	<Field name="IntVersion" type="com.sunopsis.sql.DbInt"><![CDATA[1]]></Field>
	<Field name="IJoin" type="com.sunopsis.sql.DbInt"><![CDATA[12]]></Field>
	<Field name="IScTablePk" type="com.sunopsis.sql.DbInt"><![CDATA[null]]></Field>
	<Field name="ITableFk" type="com.sunopsis.sql.DbInt"><![CDATA[9]]></Field>
	<Field name="ITablePk" type="com.sunopsis.sql.DbInt"><![CDATA[10]]></Field>
	<Field name="ITxtComplex" type="com.sunopsis.sql.DbInt"><![CDATA[null]]></Field>
	<Field name="LastDate" type="java.sql.Timestamp"><![CDATA[2020-10-14 17:17:01.0]]></Field>
	<Field name="LastUser" type="java.lang.String"><![CDATA[SUPERVISOR]]></Field>
	<Field name="PkCatalog" type="java.lang.String">null</Field>
	<Field name="PkIMod" type="com.sunopsis.sql.DbInt"><![CDATA[2]]></Field>
	<Field name="PkSchema" type="java.lang.String"><![CDATA[POCDEV_SI_HR]]></Field>
	<Field name="PkTableAlias" type="java.lang.String"><![CDATA[EMPLOYEES]]></Field>
	<Field name="PkTableName" type="java.lang.String"><![CDATA[EMPLOYEES]]></Field>
	<Field name="UpdRule" type="java.lang.String"><![CDATA[C]]></Field>
</Object>
<Object class="com.sunopsis.dwg.dbobj.SnpReferencedObject">
		<Field name="IObject" type="com.sunopsis.sql.DbInt"><![CDATA[2400]]></Field>
	<Field name="ObjectPKasString" type="java.lang.String"><![CDATA[10]]></Field>
	<Field name="ObjectAKasString" type="java.lang.String"><![CDATA[2#EMPLOYEES]]></Field>
	<Field name="Description" type="java.lang.String"><![CDATA[SNP_MODEL : SI_HR #SNP_SUBMODEL : Global #SNP_TABLE : EMPLOYEES]]></Field>
 <Field name="GlobalId" type="java.lang.String"><![CDATA[a0613134-f263-494c-a3c3-6171012dce85]]></Field>
</Object>
<Object class="com.sunopsis.dwg.dbobj.SnpJoinCol">
		<Field name="FirstDate" type="java.sql.Timestamp"><![CDATA[2020-10-14 17:17:01.0]]></Field>
	<Field name="FirstUser" type="java.lang.String"><![CDATA[SUPERVISOR]]></Field>
	<Field name="GlobalId" type="java.lang.String"><![CDATA[6a8a0484-53d3-492a-9d2a-75b8c9e29821]]></Field>
	<Field name="IndChange" type="java.lang.String"><![CDATA[I]]></Field>
	<Field name="IntVersion" type="com.sunopsis.sql.DbInt"><![CDATA[1]]></Field>
	<Field name="IColFk" type="com.sunopsis.sql.DbInt"><![CDATA[42]]></Field>
	<Field name="IColPk" type="com.sunopsis.sql.DbInt"><![CDATA[46]]></Field>
	<Field name="IJoin" type="com.sunopsis.sql.DbInt"><![CDATA[12]]></Field>
	<Field name="LastDate" type="java.sql.Timestamp"><![CDATA[2020-10-14 17:17:01.0]]></Field>
	<Field name="LastUser" type="java.lang.String"><![CDATA[SUPERVISOR]]></Field>
	<Field name="PkColName" type="java.lang.String"><![CDATA[EMPLOYEE_ID]]></Field>
	<Field name="Pos" type="com.sunopsis.sql.DbInt"><![CDATA[1]]></Field>
</Object>
<Object class="com.sunopsis.dwg.dbobj.SnpReferencedObject">
		<Field name="IObject" type="com.sunopsis.sql.DbInt"><![CDATA[2600]]></Field>
	<Field name="ObjectPKasString" type="java.lang.String"><![CDATA[46]]></Field>
	<Field name="ObjectAKasString" type="java.lang.String"><![CDATA[10#EMPLOYEE_ID]]></Field>
	<Field name="Description" type="java.lang.String"><![CDATA[SNP_MODEL : SI_HR #SNP_SUBMODEL : Global #SNP_TABLE : EMPLOYEES #SNP_COL : EMPLOYEE_ID]]></Field>
 <Field name="GlobalId" type="java.lang.String"><![CDATA[482f69ef-a7aa-48c3-b904-958b22dbfced]]></Field>
</Object>
<Object class="com.sunopsis.dwg.dbobj.SnpReferencedObject">
		<Field name="IObject" type="com.sunopsis.sql.DbInt"><![CDATA[2600]]></Field>
	<Field name="ObjectPKasString" type="java.lang.String"><![CDATA[42]]></Field>
	<Field name="ObjectAKasString" type="java.lang.String"><![CDATA[9#MANAGER_ID]]></Field>
	<Field name="Description" type="java.lang.String"><![CDATA[SNP_MODEL : SI_HR #SNP_SUBMODEL : Global #SNP_TABLE : DEPARTMENTS #SNP_COL : MANAGER_ID]]></Field>
 <Field name="GlobalId" type="java.lang.String"><![CDATA[427745e1-eee8-49af-89e5-09cf656cd499]]></Field>
</Object>
<Object class="com.sunopsis.dwg.dbobj.SnpFKXRef">
		<Field name="RefKey" type="java.lang.String"><![CDATA[SNP_SUBMODEL.2.3]]></Field>
	<Field name="RefObjGlobalId" type="java.lang.String"><![CDATA[67f25b5a-0725-4006-9df7-f92fb1fba4ce]]></Field>
 <Field name="RefObjFQName" type="java.lang.String"><![CDATA[SI_HR.Global]]></Field>
 <Field name="RefObjFQType" type="java.lang.String"><![CDATA[SNP_MODEL.SNP_SUBMODEL]]></Field>
 <Field name="RefObjFQNameLengths" type="java.lang.String"><![CDATA[5.6]]></Field>
</Object>
<Object class="com.sunopsis.dwg.dbobj.SnpFKXRef">
		<Field name="RefKey" type="java.lang.String"><![CDATA[SNP_TABLE.9]]></Field>
	<Field name="RefObjGlobalId" type="java.lang.String"><![CDATA[a8d6affe-d5d1-4ad4-bedf-b57ed07d467f]]></Field>
 <Field name="RefObjFQName" type="java.lang.String"><![CDATA[SI_HR.Global.DEPARTMENTS]]></Field>
 <Field name="RefObjFQType" type="java.lang.String"><![CDATA[SNP_MODEL.SNP_SUBMODEL.SNP_TABLE]]></Field>
 <Field name="RefObjFQNameLengths" type="java.lang.String"><![CDATA[5.6.11]]></Field>
</Object>
<Object class="com.sunopsis.dwg.dbobj.SnpFKXRef">
		<Field name="RefKey" type="java.lang.String"><![CDATA[SNP_KEY.9]]></Field>
	<Field name="RefObjGlobalId" type="java.lang.String"><![CDATA[9e17d099-4529-43c7-9f82-8d204d836d1d]]></Field>
 <Field name="RefObjFQName" type="java.lang.String"><![CDATA[SI_HR.Global.DEPARTMENTS.DEPT_ID_PK]]></Field>
 <Field name="RefObjFQType" type="java.lang.String"><![CDATA[SNP_MODEL.SNP_SUBMODEL.SNP_TABLE.SNP_KEY]]></Field>
 <Field name="RefObjFQNameLengths" type="java.lang.String"><![CDATA[5.6.11.10]]></Field>
</Object>
<Object class="com.sunopsis.dwg.dbobj.SnpFKXRef">
		<Field name="RefKey" type="java.lang.String"><![CDATA[SNP_COL.39]]></Field>
	<Field name="RefObjGlobalId" type="java.lang.String"><![CDATA[50478090-8f06-4a91-9dfa-d2cf6bb79b4f]]></Field>
 <Field name="RefObjFQName" type="java.lang.String"><![CDATA[SI_HR.Global.DEPARTMENTS.DEPARTMENT_ID]]></Field>
 <Field name="RefObjFQType" type="java.lang.String"><![CDATA[SNP_MODEL.SNP_SUBMODEL.SNP_TABLE.SNP_COL]]></Field>
 <Field name="RefObjFQNameLengths" type="java.lang.String"><![CDATA[5.6.11.13]]></Field>
</Object>
<Object class="com.sunopsis.dwg.dbobj.SnpFKXRef">
		<Field name="RefKey" type="java.lang.String"><![CDATA[SNP_TABLE.13]]></Field>
	<Field name="RefObjGlobalId" type="java.lang.String"><![CDATA[8b8ab4a5-bcba-4219-9334-3b6f2454af44]]></Field>
 <Field name="RefObjFQName" type="java.lang.String"><![CDATA[SI_HR.Global.LOCATIONS]]></Field>
 <Field name="RefObjFQType" type="java.lang.String"><![CDATA[SNP_MODEL.SNP_SUBMODEL.SNP_TABLE]]></Field>
 <Field name="RefObjFQNameLengths" type="java.lang.String"><![CDATA[5.6.9]]></Field>
</Object>
<Object class="com.sunopsis.dwg.dbobj.SnpFKXRef">
		<Field name="RefKey" type="java.lang.String"><![CDATA[SNP_TABLE.13]]></Field>
	<Field name="RefObjGlobalId" type="java.lang.String"><![CDATA[8b8ab4a5-bcba-4219-9334-3b6f2454af44]]></Field>
 <Field name="RefObjFQName" type="java.lang.String"><![CDATA[SI_HR.Global.LOCATIONS]]></Field>
 <Field name="RefObjFQType" type="java.lang.String"><![CDATA[SNP_MODEL.SNP_SUBMODEL.SNP_TABLE]]></Field>
 <Field name="RefObjFQNameLengths" type="java.lang.String"><![CDATA[5.6.9]]></Field>
</Object>
<Object class="com.sunopsis.dwg.dbobj.SnpFKXRef">
		<Field name="RefKey" type="java.lang.String"><![CDATA[SNP_MODEL.2]]></Field>
	<Field name="RefObjGlobalId" type="java.lang.String"><![CDATA[4ef47f67-8b4c-4171-8617-49699959b071]]></Field>
 <Field name="RefObjFQName" type="java.lang.String"><![CDATA[SI_HR]]></Field>
 <Field name="RefObjFQType" type="java.lang.String"><![CDATA[SNP_MODEL]]></Field>
 <Field name="RefObjFQNameLengths" type="java.lang.String"><![CDATA[5]]></Field>
</Object>
<Object class="com.sunopsis.dwg.dbobj.SnpFKXRef">
		<Field name="RefKey" type="java.lang.String"><![CDATA[SNP_JOIN.13]]></Field>
	<Field name="RefObjGlobalId" type="java.lang.String"><![CDATA[43799ccd-6bf4-4977-8cd9-257e406bfb71]]></Field>
 <Field name="RefObjFQName" type="java.lang.String"><![CDATA[SI_HR.Global.DEPARTMENTS.DEPT_LOC_FK]]></Field>
 <Field name="RefObjFQType" type="java.lang.String"><![CDATA[SNP_MODEL.SNP_SUBMODEL.SNP_TABLE.SNP_JOIN]]></Field>
 <Field name="RefObjFQNameLengths" type="java.lang.String"><![CDATA[5.6.11.11]]></Field>
</Object>
<Object class="com.sunopsis.dwg.dbobj.SnpFKXRef">
		<Field name="RefKey" type="java.lang.String"><![CDATA[SNP_COL.41]]></Field>
	<Field name="RefObjGlobalId" type="java.lang.String"><![CDATA[4e1f71d4-e62a-4c42-bf37-c198d5361369]]></Field>
 <Field name="RefObjFQName" type="java.lang.String"><![CDATA[SI_HR.Global.DEPARTMENTS.LOCATION_ID]]></Field>
 <Field name="RefObjFQType" type="java.lang.String"><![CDATA[SNP_MODEL.SNP_SUBMODEL.SNP_TABLE.SNP_COL]]></Field>
 <Field name="RefObjFQNameLengths" type="java.lang.String"><![CDATA[5.6.11.11]]></Field>
</Object>
<Object class="com.sunopsis.dwg.dbobj.SnpFKXRef">
		<Field name="RefKey" type="java.lang.String"><![CDATA[SNP_COL.65]]></Field>
	<Field name="RefObjGlobalId" type="java.lang.String"><![CDATA[8538448e-0bd3-4cce-8096-bcc2f4ed3900]]></Field>
 <Field name="RefObjFQName" type="java.lang.String"><![CDATA[SI_HR.Global.LOCATIONS.LOCATION_ID]]></Field>
 <Field name="RefObjFQType" type="java.lang.String"><![CDATA[SNP_MODEL.SNP_SUBMODEL.SNP_TABLE.SNP_COL]]></Field>
 <Field name="RefObjFQNameLengths" type="java.lang.String"><![CDATA[5.6.9.11]]></Field>
</Object>
<Object class="com.sunopsis.dwg.dbobj.SnpFKXRef">
		<Field name="RefKey" type="java.lang.String"><![CDATA[SNP_TABLE.10]]></Field>
	<Field name="RefObjGlobalId" type="java.lang.String"><![CDATA[a0613134-f263-494c-a3c3-6171012dce85]]></Field>
 <Field name="RefObjFQName" type="java.lang.String"><![CDATA[SI_HR.Global.EMPLOYEES]]></Field>
 <Field name="RefObjFQType" type="java.lang.String"><![CDATA[SNP_MODEL.SNP_SUBMODEL.SNP_TABLE]]></Field>
 <Field name="RefObjFQNameLengths" type="java.lang.String"><![CDATA[5.6.9]]></Field>
</Object>
<Object class="com.sunopsis.dwg.dbobj.SnpFKXRef">
		<Field name="RefKey" type="java.lang.String"><![CDATA[SNP_TABLE.10]]></Field>
	<Field name="RefObjGlobalId" type="java.lang.String"><![CDATA[a0613134-f263-494c-a3c3-6171012dce85]]></Field>
 <Field name="RefObjFQName" type="java.lang.String"><![CDATA[SI_HR.Global.EMPLOYEES]]></Field>
 <Field name="RefObjFQType" type="java.lang.String"><![CDATA[SNP_MODEL.SNP_SUBMODEL.SNP_TABLE]]></Field>
 <Field name="RefObjFQNameLengths" type="java.lang.String"><![CDATA[5.6.9]]></Field>
</Object>
<Object class="com.sunopsis.dwg.dbobj.SnpFKXRef">
		<Field name="RefKey" type="java.lang.String"><![CDATA[SNP_JOIN.12]]></Field>
	<Field name="RefObjGlobalId" type="java.lang.String"><![CDATA[f69bdd1f-c51c-48bb-a2c6-c6b1cf3f02f0]]></Field>
 <Field name="RefObjFQName" type="java.lang.String"><![CDATA[SI_HR.Global.DEPARTMENTS.DEPT_MGR_FK]]></Field>
 <Field name="RefObjFQType" type="java.lang.String"><![CDATA[SNP_MODEL.SNP_SUBMODEL.SNP_TABLE.SNP_JOIN]]></Field>
 <Field name="RefObjFQNameLengths" type="java.lang.String"><![CDATA[5.6.11.11]]></Field>
</Object>
<Object class="com.sunopsis.dwg.dbobj.SnpFKXRef">
		<Field name="RefKey" type="java.lang.String"><![CDATA[SNP_COL.42]]></Field>
	<Field name="RefObjGlobalId" type="java.lang.String"><![CDATA[427745e1-eee8-49af-89e5-09cf656cd499]]></Field>
 <Field name="RefObjFQName" type="java.lang.String"><![CDATA[SI_HR.Global.DEPARTMENTS.MANAGER_ID]]></Field>
 <Field name="RefObjFQType" type="java.lang.String"><![CDATA[SNP_MODEL.SNP_SUBMODEL.SNP_TABLE.SNP_COL]]></Field>
 <Field name="RefObjFQNameLengths" type="java.lang.String"><![CDATA[5.6.11.10]]></Field>
</Object>
<Object class="com.sunopsis.dwg.dbobj.SnpFKXRef">
		<Field name="RefKey" type="java.lang.String"><![CDATA[SNP_COL.46]]></Field>
	<Field name="RefObjGlobalId" type="java.lang.String"><![CDATA[482f69ef-a7aa-48c3-b904-958b22dbfced]]></Field>
 <Field name="RefObjFQName" type="java.lang.String"><![CDATA[SI_HR.Global.EMPLOYEES.EMPLOYEE_ID]]></Field>
 <Field name="RefObjFQType" type="java.lang.String"><![CDATA[SNP_MODEL.SNP_SUBMODEL.SNP_TABLE.SNP_COL]]></Field>
 <Field name="RefObjFQNameLengths" type="java.lang.String"><![CDATA[5.6.9.11]]></Field>
</Object>
<Object class="com.sunopsis.dwg.DwgExportSummary">
		<Field name="ExpTxtNb" type="com.sunopsis.sql.DbInt"><![CDATA[0]]></Field>
	<Field name="InstObjNb" type="com.sunopsis.sql.DbInt"><![CDATA[0]]></Field>
	<Field name="JoinColNb" type="com.sunopsis.sql.DbInt"><![CDATA[2]]></Field>
	<Field name="JoinNb" type="com.sunopsis.sql.DbInt"><![CDATA[2]]></Field>
	<Field name="KeyColNb" type="com.sunopsis.sql.DbInt"><![CDATA[1]]></Field>
	<Field name="KeyNb" type="com.sunopsis.sql.DbInt"><![CDATA[1]]></Field>
	<Field name="LinkDiagNb" type="com.sunopsis.sql.DbInt"><![CDATA[0]]></Field>
	<Field name="MorigTxtNb" type="com.sunopsis.sql.DbInt"><![CDATA[0]]></Field>
	<Field name="MtxtNb" type="com.sunopsis.sql.DbInt"><![CDATA[0]]></Field>
	<Field name="OrigTxtNb" type="com.sunopsis.sql.DbInt"><![CDATA[0]]></Field>
	<Field name="OtherObjectsNb" type="com.sunopsis.sql.DbInt"><![CDATA[5]]></Field>
	<Field name="PlanAgentNb" type="com.sunopsis.sql.DbInt"><![CDATA[0]]></Field>
	<Field name="StepNb" type="com.sunopsis.sql.DbInt"><![CDATA[0]]></Field>
	<Field name="TxtNb" type="com.sunopsis.sql.DbInt"><![CDATA[0]]></Field>
	<Field name="UeOrigNb" type="com.sunopsis.sql.DbInt"><![CDATA[0]]></Field>
	<Field name="UeUsedNb" type="com.sunopsis.sql.DbInt"><![CDATA[0]]></Field>
	<Field name="VarPlanAgentNb" type="com.sunopsis.sql.DbInt"><![CDATA[0]]></Field>
	<Field name="ScenTxtNb" type="com.sunopsis.sql.DbInt"><![CDATA[0]]></Field>
	<Field name="OdiVersion" type="java.lang.String"><![CDATA[12.2.1]]></Field>
	<Field name="OriginRepositoryID" type="com.sunopsis.sql.DbInt"><![CDATA[1]]></Field>
	<Field name="RepositoryVersion" type="java.lang.String"><![CDATA[05.02.02.09]]></Field>
</Object>
</SunopsisExport>
